9d3ba3c6	The Diver's Boat Koh Phangan	index.html
70f20805	SSI dive centre in Chaloklum, Koh Phangan, Thailand, with its own boat running daily 9:30 trips to Sail Rock, Koh Ma, Little Sail Rock and the oil platform. Try Dive, Fun Dive, snorkelling and SSI courses from Open Water to Rescue, in small groups of maximum 20 divers on board.	index.html
990be1f2	Koh Phangan	index.html
b9483f18	Sail Rock (Hin Bai), Gulf of Thailand	index.html
e2e7e4be	SSI — Scuba Schools International	index.html
67512745	The Diver's Boat Koh Tao	index.html
5a163c48	Own dive boat (Rungworawan), maximum 20 divers	index.html
8e0773ee	Daily 9:30 departure from Chaloklum	index.html
4bd34653	New 2024 equipment, wetsuits XS to XXL	index.html
8d8d3fcb	Underwater camera rental	index.html
0f18a674	Nitrox available	index.html
2f64d407	Diving in Koh Phangan	index.html
d328cc98	Fun Dive at Sail Rock and Koh Phangan dive sites	index.html
825b62a7	One-day boat trip for certified divers, maximum four divers per guide.	index.html
2d508326	Try Dive (no certification needed)	index.html
f1bac313	One full day for first-time divers, maximum two students per instructor, at Koh Ma or Sail Rock.	index.html
7edffa9b	SSI Basic Diver	index.html
2ed06446	One-day introduction to diving with more skills and bottom time than the Try Dive.	index.html
ecf77a1f	Snorkelling trip to Sail Rock	index.html
6cbedfe9	One-day boat trip for snorkellers and non-divers, on the same boat as the divers.	index.html
5520ef7b	SSI Open Water Diver	index.html
3b7dbea4	Three-day SSI certification course to 18 m, maximum four students per instructor.	index.html
488c3e21	SSI Advanced Open Water	index.html
d8d53475	Two-day SSI course: deeper sites, buoyancy and navigation.	index.html
f696b863	SSI Deep Diving Specialty	index.html
7e0a3554	Two-day SSI specialty for dives to 40 m at Sail Rock.	index.html
470e1a28	SSI Rescue Diver	index.html
ea98f4a6	Two-day SSI course in preventing and managing problems underwater.	index.html
f49593eb	SSI Specialty Diver (Deep + Nitrox)	index.html
849700c5	Two-day SSI rating earned with two specialties; we recommend Deep and Enriched Air Nitrox as the next step after Open Water.	index.html
bcbd563a	SSI Enriched Air Nitrox	index.html
b5936918	One-day SSI specialty for longer bottom times on enriched air.	index.html
ea315fd8	Boris Collado	index.html
78f5616b	Manager and lead instructor (SSI Instructor #112758)	index.html
7882d05c	Dive professional since 2015 and SSI instructor since 2022, with more than 5,000 dives. Leads the instructors and divemasters at The Diver's Boat Koh Phangan.	index.html
208be85a	Ruiyao Wang	index.html
8d071245	Manager, office and bookings	index.html
735c5a71	SSI dive centre in Chaloklum, Koh Phangan, with its own boat to Sail Rock. Try Dive 4,200฿, Fun Dive 3,200฿, Open Water course 12,900฿. Max 20 divers on board, 9:30 departures, taught in English, Spanish and French.	index.html
9fb0b9fb	The Diver's Boat Koh Phangan — SSI Diving at Sail Rock	index.html
789468e1	Our own boat from Chaloklum to Sail Rock. Small groups, 9:30 departures, SSI instructors with 10+ years underwater.	index.html
978b3b3f	The Diver's Boat Koh Phangan — home	index.html
1aef27a1	The Diver's Boat	index.html
a02c83a7	Main	index.html
4994a8ff	Language	index.html
b6154120	Menu	index.html
aa0d528b	Surface	index.html
da77164e	A whale shark glides through open blue water at Sail Rock, small fish trailing beneath it.	index.html
1a8d844e	Waterline	index.html
a8dc1458	A first-time diver hovering above pale sand in calm, shallow water.	index.html
09b077e8	Four student divers hold position together in mid-water during a training ascent.	index.html
ffb15627	Two divers swimming into a dense wall of trevally at Sail Rock.	index.html
d4b463d3	Sunlight	index.html
9863af9e	Scuba Schools International	index.html
0e41188f	Rated 5.0 out of 5 from 354 Google reviews. See all reviews on Google Maps	index.html
79930cea	Google reviews, scroll sideways for more	index.html
6dab6c13	5 stars	index.html
5da13a78	Previous reviews	index.html
14213920	Next reviews	index.html
da45f144	Blue water	index.html
b207a810	A swirling tornado of barracuda closing overhead at Sail Rock.	index.html
5597f6c3	Healthy hard-coral bommies with clouds of small reef fish at Koh Ma.	index.html
ea6069aa	Four batfish swimming through a column of divers' bubbles in blue water.	index.html
b0a1de6c	Snorkellers at the surface above a whale shark and a passing bait ball.	index.html
95d025d9	Open water	index.html
cd8b4c6b	A whale shark swimming beneath a group of divers at Sail Rock.	index.html
aa5425f6	Deep zone	index.html
b53ed007	Barracuda hanging beside the granite pinnacle of Sail Rock.	index.html
034d4eee	A pair of clownfish tucked into a carpet anemone on the shallow reef at Koh Ma.	index.html
e4f24d7a	A yellow boxfish over anemones and soft coral at Little Sail Rock.	index.html
e4616bfb	A huge school of jacks circling the legs of the oil platform.	index.html
866bee3d	Deep limit	index.html
c5596fb7	The red dive boat Rungworawan moored beside an island with divers in the water alongside.	index.html
f07ea727	A smiling person lying in the shallows on a bright Koh Phangan beach.	index.html
8d423dd8	Boris, our lead instructor, on Chaloklum pier beside The Divers Boat sign.	index.html
b532c0c3	The Rungworawan at her mooring with divers entering the water.	index.html
297aaa6f	Low light	index.html
d43c8ef1	Photos from our dives	index.html
aec36d21	A whale shark passing above a group of divers at Sail Rock.	index.html
95755daf	A corridor opening through a wall of silver fish.	index.html
ee6be7e4	Sail Rock breaking the surface in open sea, seen from the bow of the dive boat.	index.html
568ca8d4	A translucent jellyfish trailing long tentacles in blue water.	index.html
3a105eaf	A hermit crab crossing pale sand at Koh Ma.	index.html
929d7375	Reef rock covered in fish with a dense bait ball above it.	index.html
c5fa768c	Sail Rock floor	index.html
b2c8a89b	The Diver's Boat Koh Phangan on Google Maps — 25, 47 Moo 7, Chaloklum	index.html
55f015a0	Instagram	index.html
d85544fc	Facebook	index.html
8b777ebc	WhatsApp	index.html
8944cb19	Scuba Diving in Koh Phangan — SSI Dive Centre &amp; Sail Rock Trips | The Diver's Boat	index.html
b58273f2	Skip to content	index.html
8cf04a97	Home	index.html
86f6dbdf	Experiences	index.html
389433c9	Courses	index.html
a10be6fd	Dive sites	index.html
45389ee9	Guides	index.html
cf23ee27	About us	index.html
5c93310d	Gallery	index.html
aa85f184	EN	index.html
04c19fa1	ES	index.html
11aedd0e	FR	index.html
85509391	Book now	index.html
bbaff128	Contact	index.html
f39ce0a1	thaidivingpro@gmail.com	index.html
2f955bc8	Chaloklum, Koh Phangan	index.html
ed9cb30b	Scuba diving in Koh Phangan · SSI dive centre in Chaloklum	index.html
915b4cd9	Down here,	index.html
dc527b43	everything changes	index.html
c8e43d5a	Our own boat leaves Chaloklum at 9:30 for Sail Rock — the best diving in the Gulf of Thailand. Try Dives, Fun Dives and SSI courses from Open Water up, in small groups with patient instructors, and a whale shark if the Gulf feels generous.	index.html
66cd5281	Book your dive	index.html
cb7f29df	See the dive sites	index.html
4976af76	Max on board	index.html
6e0b9fcd	Try-dive ratio	index.html
7a3d3703	Daily departure	index.html
e00513e7	Divers certified since 2024	index.html
ad6c0e76	Scroll to descend	index.html
c910b41e	Choose your way in	index.html
a1f230ce	No licence needed	index.html
39de486c	Try Dive	index.html
b721972a	First time underwater. One full day, maximum two students per instructor, at Koh Ma or Sail Rock.	index.html
f108a56b	Per person	index.html
3ec365dd	Details	index.html
df430c13	Most popular	index.html
175bc218	Open Water Diver	index.html
1bfd70fe	Certified in three days and good to 18 m anywhere in the world. Max four students, dives at Sail Rock.	index.html
73d44a72	3 days · SSI	index.html
f3d25668	Certified divers	index.html
af84cda7	Fun Dive	index.html
f9034da8	Groups of four divers maximum. Sail Rock, Koh Ma, Little Sail Rock and the oil rig.	index.html
3f532147	Per trip	index.html
a2563211	Next departure	index.html
1dd36bb6	Every day from Chaloklum pier, Koh Phangan — meet us at the boat at 9:15.	index.html
218b8db6	Back at the pier around 15:30	index.html
aacc6870	Hot lunch, fruit, drinks &amp; all gear included	index.html
ca8c4875	Camera rental 600฿, or have your instructor film your dive for 800฿	index.html
6c42ee31	Shop open daily 9:00–19:00	index.html
bbedc9d0	Small groups	index.html
eb4c7779	Most boats leave with 30+ divers. We cap ours at 20, and introductory dives run two students per instructor. Fewer people means real attention underwater, gear assembled without a rush, and space on deck between dives.	index.html
d4e5f234	9:30 departures	index.html
5c37f670	We cast off at 9:30, which puts us at Sail Rock and Koh Ma while other boats are already heading home. Emptier sites, better visibility.	index.html
91164770	Why	index.html
b9f5bcd9	dive	index.html
cd522b4f	with us	index.html
b04eb386	We opened in January 2024 with a clear idea of what a dive day should feel like: safe, unhurried, and genuinely fun. Our SSI instructors have more than ten years of experience leading dives in Egypt, the Philippines, Indonesia and Thailand — and that standard now lives in Chaloklum, aboard our own boat.	index.html
3900c488	Exclusive routes	index.html
327941d4	Beyond Sail Rock we dive Koh Ma, Little Sail Rock and the oil platform. When conditions allow, certified divers hit several sites in a single day — more marine life, less time travelling.	index.html
6086b0f1	New 2024 equipment	index.html
710d53eb	All of our kit is new as of 2024 and checked every day. Regulators, BCDs and wetsuits in XS to XXL, with official SSI servicing from day one.	index.html
cd61add2	Official SSI dive centre	index.html
a050b0ab	Taught in English, Spanish &amp; French	index.html
7cc745a1	Part of The Diver's Boat, Koh Tao since 2015	index.html
965091ea	What our divers say	index.html
e2c47a3d	Reviews on Google	index.html
4d957b3e	354 reviews	index.html
d8cb138f	Jordan L.	index.html
78c600e3	Chen D.	index.html
b27f95bd	Ana Clara B.	index.html
dc821700	Helmut M.	index.html
2fbc4b26	Josh A.	index.html
7c704359	Jaden A.	index.html
8efd03ad	Sam B.	index.html
fbe4654b	Igor H.	index.html
aee9c496	Pedro P.	index.html
808b10f7	All 354 reviews on Google Maps	index.html
9753e1fc	A day on the Rungworawan	index.html
a13de096	How your	index.html
7aa22f5d	dive day goes	index.html
2790709b	The day before	index.html
c8cd5fc7	Sign up at the shop	index.html
c29b9d61	Drop by the shop in Chaloklum to fill in the registration forms. No gear fitting needed — all the equipment is on the boat, in your size.	index.html
ef7cc534	Board and cast off	index.html
d36a5898	Meet us at the boat on Chaloklum pier at 9:15. We leave at 9:30, choose the route by tide and conditions, and brief you properly on the way out.	index.html
e2ae6741	Dive one	index.html
296513b3	First descent	index.html
3fbd6693	Down the line together. Beginners stay shallow and calm; certified divers go deeper.	index.html
afe692f9	Surface interval	index.html
eff0fd00	Lunch on deck	index.html
8a8d9896	A hot lunch with rice, plenty of fruit, hot and cold drinks, shade and a swim. Long enough to off-gas properly and talk about what you saw.	index.html
e97593d5	Dive two	index.html
90c6b857	Second descent	index.html
42b2ac18	A different site or a different profile — photography, deeper, or a slow drift for turtles.	index.html
ec1ab6bd	Back to the pier	index.html
7fe47179	Rinse, log the dive, and if you rented a camera or booked a video, it is yours before you have dried off.	index.html
1944fc56	Dive today.	index.html
9bd55dd9	Licence optional.	index.html
3b63089f	Daily trips to Sail Rock for certified divers and complete beginners alike. Every price below includes your SSI instructor or guide, full equipment, a hot lunch, fruit and drinks on board. Underwater camera rental is 600฿, or have your instructor film your dive for 800฿.	index.html
2e768a9e	Certified	index.html
eaa5d6b8	1 day · Certified divers	index.html
0cfb1991	Four divers maximum per guide. Sail Rock, Koh Ma, Little Sail Rock or the oil platform.	index.html
d3da97e2	More	index.html
b0c8e715	Beginners	index.html
d722a532	1 day · No certification	index.html
95ace3fc	Your first breath underwater, two students per instructor, in calm water at Koh Ma.	index.html
5ac107f9	Basic Diver	index.html
241255c4	A step past the Try Dive: more skills, more bottom time, and a proper taste of diving.	index.html
365c2127	All ages	index.html
2cf2bd2b	Snorkelling at Sail Rock	index.html
b7c74e60	1 day · Stay at the surface	index.html
a509f3da	Come along for the ride and the view. Good for families, non-divers and nervous first-timers.	index.html
0f190c63	SSI courses	index.html
37e18d64	Learn properly.	index.html
17faeca6	Then keep going.	index.html
28506cd9	International SSI training in small groups — maximum four students per instructor, our own boat, and instant digital certification the moment you pass. From your very first breath to Divemaster.	index.html
e254464b	Open Water dives	index.html
6217548e	run at Sail Rock	index.html
7269f439	Start here · 3 days	index.html
33eda7b6	The licence that works everywhere. Three days takes you from the shallows of Koh Ma to certified and independent to 18 metres, anywhere in the world. From 10 years old. More than 400 divers have certified with us since 2024.	index.html
e02d2ae0	Duration	index.html
45fe0d32	3 days	index.html
30706939	Max depth	index.html
8334a158	Ratio	index.html
3601146c	Price	index.html
457730a4	All equipment included	index.html
6c93198f	Digital SSI cert, same day	index.html
9301dda0	Boat dives, not pool-only	index.html
720c16dd	Taught in English, Spanish or French	index.html
411683ba	Book Open Water	index.html
edc5bc4f	All courses	index.html
33b0504f	Go further	index.html
74f7c2e5	Advanced Open Water	index.html
8af4d12d	Build on Open Water: deeper sites, sharper buoyancy, new skills.	index.html
0359f566	2 days	index.html
6da957f4	Specialty Diver	index.html
cba417dd	Our pick after Open Water: Deep + Nitrox, the two specialties that really extend your diving.	index.html
08303fb6	Deep Specialty	index.html
ab839617	Plan and run dives to 40 m — the full height of Sail Rock.	index.html
6be3ddc8	Rescue Diver	index.html
7f60edb0	The course that changes how you dive with other people.	index.html
ad6f6408	Nitrox Specialty	index.html
e38e2082	Longer bottom time, shorter surface intervals. Done in a day.	index.html
e3b481d5	1 day	index.html
abaaf27c	Divemaster	index.html
2f145c9a	Go pro: a month of unlimited diving, mentored by our lead instructor.	index.html
1634e66b	1 month	index.html
957bcc6d	Four sites,	index.html
783f4d1e	one boat	index.html
2ab9cb96	Sail Rock is the headline and it deserves to be. But the reason to dive from Chaloklum is everything else within reach of it.	index.html
0d00b9f0	Move your torch across a site to bring the colour back	index.html
c9818b2c	All levels	index.html
afeff41d	metres	index.html
19495867	Sail Rock	index.html
1716eeba	The famous open-sea pinnacle, and the vertical tunnel through it — The Chimney. One hour out by boat. The best diving in the Gulf of Thailand, and a must-do.	index.html
47f1fa7f	Barracuda · batfish · whale sharks, with luck	index.html
79d88c30	Site guide	index.html
86816be5	Beginners &amp; courses	index.html
b380eb00	Koh Ma	index.html
833a794e	Ten minutes from Chaloklum, no current, and a genuinely healthy hard-coral garden. This is where your first perfect dive happens.	index.html
4c68e69f	Green turtles · clownfish · cuttlefish	index.html
b57ed7a0	Intermediate	index.html
1e0d553b	Little Sail Rock	index.html
d5217fdc	A mini Sail Rock ten minutes east of Chaloklum. Far fewer divers, just as much life. The secret jewel for escaping the crowds.	index.html
51d6ff08	Giant groupers · moray eels · fusiliers	index.html
a74f4157	Advanced · 20+ dives	index.html
8641d982	Oil Platform	index.html
22d1402f	An artificial structure standing alone in open water, with huge schools using it as shelter. The most different, most adrenalising dive in the Gulf.	index.html
ffda0879	Jacks · barracuda · groupers	index.html
4ac641e1	Planning your trip? Read	index.html
a0c3fcb0	the best time to dive in Koh Phangan, month by month	index.html
0ac5da02	on our	index.html
126ac9f6	blog	index.html
fdf34db3	, or browse all our	index.html
a8e4cc8c	diving guides	index.html
27b22a44	Rungworawan	index.html
be9dade6	Our own boat	index.html
fe4b80f9	The Rungworawan	index.html
0d93f7a4	Spacious, stable and fully equipped. She takes us out to Sail Rock every day, and having our own boat is the whole reason we can run small groups, leave at 9:30, and change the plan when the tide says so.	index.html
3b8f7696	Capacity	index.html
2b8cf204	20 max	index.html
4bb4de87	Departs	index.html
562177ad	Wetsuits	index.html
4aea0870	XS–XXL	index.html
fb845762	Gear	index.html
89985b38	New 2024	index.html
b08573b6	Every regulator, BCD and wetsuit is checked daily and serviced to official SSI schedule. Turn up with a swimsuit; we have the rest in your size.	index.html
16d43536	The Phangan crew	index.html
cc262104	Multilingual,	index.html
ffa2afcb	and actually patient	index.html
acd802b3	Our instructors teach in English, Spanish and French, with Italian and German on board for much of the season. Between us we have more than a decade of diving in Egypt, the Philippines, Cambodia, Vietnam, Indonesia and Thailand — which mostly means we're good at explaining currents and marine life to people who have never worn a mask.	index.html
c6e54d99	Manager · office &amp; bookings	index.html
ac86554d	Rui is the heart of the shop. She runs the office and every booking, keeps the day on schedule and gives you the welcome you deserve — in English or Chinese.	index.html
c4232cbc	Manager · lead instructor · SSI #112758	index.html
01bd6093	Diving professionally since 2015 and an SSI instructor since 2022, with more than 5,000 dives behind him. Boris leads the instructors and divemasters, so every trip is safe, fun and matched to your level.	index.html
4dd62754	Our ship	index.html
c9b90034	Spacious, stable and fully equipped. She goes to Sail Rock every day. Come on the next trip and be part of her story.	index.html
1b22408a	Photo gallery	index.html
c3002fa8	This is what it	index.html
c7fa26c1	actually looks like	index.html
7a2b6505	Turtles, whale sharks and smiles underwater — all shot on our own trips out of Chaloklum. No stock photos.	index.html
3cd52e58	Sail Rock · whale shark	index.html
6095e7d3	Sail Rock · bait ball	index.html
015097ca	Sail Rock · from the bow	index.html
2f99fb29	Blue water · drifting	index.html
492dc9e9	Koh Ma · the small stuff	index.html
30276064	Little Sail Rock · reef	index.html
7a0a6f66	See the full gallery	index.html
ed2ec501	@thediversboatkpg	index.html
7373ef46	Get in touch	index.html
3ac607a6	Ready to	index.html
1330349b	dive in?	index.html
9e9648c5	Message us on WhatsApp and you'll get a real person, usually within the hour. Tell us your level and your dates — or that you have no idea where to start, which is also a perfectly good message to send.	index.html
1854810b	Phone &amp; WhatsApp	index.html
ce8ae9da	Email	index.html
9f82518d	Shop	index.html
9d29fceb	25, 47 Moo 7, Chaloklum, Koh Phangan, Surat Thani 84280, Thailand	index.html
8c393849	Shop hours &amp; departures	index.html
7e5237ed	Shop open daily 9:00–19:00 for sign-up · meet at the boat 9:15, departure 9:30 from Chaloklum pier	index.html
c453a4b8	Payment	index.html
5e9cbe2c	Cash or Revolut · deposit to book · full refund if we cancel the boat for weather	index.html
63a19537	Message us on WhatsApp	index.html
3b78485a	Call the shop	index.html
de8ea568	I've never dived before. Where do I start?	index.html
4dbb8a3b	The Try Dive. One full day, two students per instructor, and no certification needed — you'll breathe underwater for the first time in the calm, current-free water at Koh Ma. If you love it, the Basic Diver and Open Water course pick up from exactly where you finished.	index.html
4ba90541	How old do you have to be to dive?	index.html
b0ba3b10	8 years old for the Try Dive, and 10 for the Basic Diver and the SSI Open Water course. Children who are too young to dive can snorkel at Sail Rock from the same boat.	index.html
535db34b	Can we come as a family, or with children?	index.html
544c36d7	Yes, and plenty do. Non-divers can join the boat and snorkel at Sail Rock for 1,500฿ while the rest of the group dives. Message us on WhatsApp with your group's ages and experience and we'll put together a plan that keeps everybody happy on the same boat.	index.html
4c5faf44	Will I see a whale shark?	index.html
309edcb5	Honestly, maybe — and that is part of the magic. Sail Rock is one of the best places in the Gulf of Thailand to meet them. The textbook season is April to June, but we have had great encounters in February and September too: they are wild animals on their own schedule. What you will reliably see are big schools of barracuda, batfish and trevally around the pinnacle.	index.html
ee80c9b4	When is the best time to dive Koh Phangan?	index.html
2c585b84	We dive all year and the water stays at 28–30°C. Sail Rock is at its clearest from about May to October, often 20–30 m of visibility. From January to April the water carries more plankton, so visibility there is closer to 5–10 m — but that plankton is what feeds the huge schools and draws in the whale sharks, and it is when Koh Ma and Little Sail Rock are at their clearest. The only real pause is the monsoon, roughly November to mid-December, when we close on days the boats can't safely go out.	index.html
6aa1dba2	How do I get to the shop? Do you pick up from hotels?	index.html
d8bc07ab	The shop is in Chaloklum village, on the north coast of Koh Phangan, and the boat leaves from Chaloklum pier. We don't run hotel pick-ups: taxis on the island are expensive, and renting a scooter for the day (around 250฿) is cheaper and easier. Open the map above for directions.	index.html
932746e9	How do I book and pay?	index.html
6137429e	Message us on WhatsApp with your dates and level. A deposit secures your place, and you can pay in cash or by Revolut. Drop by the shop the day before to fill in the registration forms, then meet us at the boat on Chaloklum pier at 9:15. If we cancel the boat because of the weather, you get a full refund.	index.html
9b2b56ee	What do I need to bring?	index.html
31d2138e	A swimsuit, a towel and sun protection. All diving equipment is included — regulators, BCDs and wetsuits in XS to XXL, all new as of 2024 and checked daily. A hot lunch with rice between dives, plenty of fruit and hot and cold drinks are included too. Want a video? Rent an underwater camera for 600฿, or have your instructor film your dive for 800฿.	index.html
37baafca	Which languages do you teach in?	index.html
e9111945	Our instructors teach in English, Spanish and French. For much of the season we also have an instructor who speaks Italian and German, and Russian on some dates — ask when you book. Rui, who runs the office, speaks English and Chinese.	index.html
1fec4f3d	Safety stop · 5 m · 3 min	index.html
6a921244	SSI dive centre in Chaloklum with its own boat. Small groups to Sail Rock, Koh Ma, Little Sail Rock and the oil platform since January 2024.	index.html
7ad773bc	Dive with us	index.html
4b4e52ab	Diving guides	index.html
be8df1f2	Blog	index.html
8f0f5028	Health and safety	index.html
a33c1a07	Koh Phangan vs Koh Tao	index.html
1787567c	Marine life guide	index.html
edf7553d	Find us	index.html
debe9b2a	25, 47 Moo 7, Chaloklum	index.html
a44454f5	Koh Phangan, Surat Thani 84280	index.html
103357e3	Thailand	index.html
6074c5b1	Since 2024	index.html
91b8bb20	Koh Tao	index.html
5a187c88	Since 2015 ↗	index.html
72d7c420	© 2026 The Diver's Boat — Koh Phangan. SSI Dive Centre.	index.html
6e13ed61	Back to the surface	index.html
b24d654e	Book a dive	index.html
84afe670	Diving experiences	experiences.html
0cb687a8	Fun Dive 3,200฿, Try Dive 4,200฿, Basic Diver 4,900฿ and Sail Rock snorkelling 1,500฿ from Chaloklum, Koh Phangan. SSI instructor, full equipment, hot lunch, fruit and drinks included.	experiences.html
c8c9e268	Diving Experiences in Koh Phangan — Try Dive, Fun Dive &amp; Sail Rock Snorkelling	experiences.html
d185c74d	Two divers swimming head-on into a dense wall of trevally.	experiences.html
48e1c933	A tornado of barracuda spiralling overhead at Sail Rock.	experiences.html
f82ab405	A first-time diver hovering calmly above pale sand in shallow water.	experiences.html
1f25c296	Two divers swimming side by side through blue water, bubbles rising.	experiences.html
91309c3e	/ Experiences	experiences.html
8fb03bb8	in Koh Phangan	experiences.html
cf070af2	Dive with a licence, or take your very first breath underwater. Daily trips to Sail Rock from Chaloklum, on our own boat. Every trip includes your SSI instructor or guide, full equipment, a hot lunch, fruit and drinks. Underwater camera rental is 600฿, or have your instructor film your dive for 800฿.	experiences.html
8c918c79	Book on WhatsApp	experiences.html
1ae69e22	Before you dive: health and safety	experiences.html
27c8ce00	Sail Rock · barracuda season	experiences.html
e8f79a96	Certified divers · 1 day	experiences.html
9c917c2a	You have a licence and you want to use it properly. Four divers maximum per guide, so nobody is herded. We pick the route in the morning from the tide and the forecast — Sail Rock, Koh Ma, Little Sail Rock or the oil platform — and when conditions allow we string several sites together in a single day.	experiences.html
03937134	Group	experiences.html
7268d2e9	4 max	experiences.html
bdc6acb4	Requires	experiences.html
59a0635f	Any cert	experiences.html
dd30056c	Full equipment, XS to XXL	experiences.html
0f757210	Hot lunch, fruit, hot &amp; cold drinks	experiences.html
6a7e987f	Nitrox available on request	experiences.html
00b58e32	Book a Fun Dive	experiences.html
1d9dc244	Where we go	experiences.html
eb01d7ca	Koh Ma · no current, 5–18 m	experiences.html
7a4674d6	No certification · 1 day	experiences.html
d2616779	The first time you breathe underwater is a strange and very good feeling, and it should not be rushed. This is one full day with a maximum of two students per instructor — genuine attention, not a queue. We start in the calm, current-free water at Koh Ma, and if you are comfortable, Sail Rock is on the table too.	experiences.html
cf64c08e	Minimum age	experiences.html
ceaf7fcb	8 years	experiences.html
1f366831	Everything explained from zero	experiences.html
a64e66ac	All equipment in your size	experiences.html
dec2234e	Book a Try Dive	experiences.html
107cf8a9	A full day in the water	experiences.html
a4cbaf3d	One step past the Try Dive and the best value on this page. A full day gives you time to actually learn something — mask, buoyancy, equalising, hand signals — instead of just surviving the experience. It is also the natural run-up to the Open Water course, and most of what you learn here carries straight over.	experiences.html
7e3b12c5	10 years	experiences.html
c290a594	Next step	experiences.html
800682a4	Open Water	experiences.html
ec58b078	SSI instructor throughout	experiences.html
59fe1db7	Book Basic Diver	experiences.html
3c33cdd4	Compare to Open Water	experiences.html
1f0821eb	Sail Rock · from the surface	experiences.html
7ae25547	Everyone · 1 day	experiences.html
b3fde584	Snorkelling	experiences.html
e0a0eee9	at Sail Rock	experiences.html
61987f85	Sail Rock rises from 40 metres to above the surface, which means the good stuff starts in the first few metres. Come for the boat ride and stay at the top of the water — this is how families keep everyone on the same trip, and how nervous first-timers work out whether they want to go further down.	experiences.html
7b7a0411	Swimming	experiences.html
f769aafb	Boat	experiences.html
98b5a454	Mask, snorkel and fins	experiences.html
78b586cb	Same boat as the divers	experiences.html
cf486896	Buoyancy vest on request	experiences.html
c0dd6b6c	Book snorkelling	experiences.html
4a5103c2	Coming as a group,	experiences.html
275a56df	or with children?	experiences.html
e61a9f10	Tell us the ages, the experience levels and your dates, and we will build a day that works for all of you on one boat — divers below, snorkellers above. Children can Try Dive from 8 years old and take the Open Water from 10.	experiences.html
242092c3	Ask us on WhatsApp	experiences.html
ef578730	What is included in every price?	experiences.html
78f4299e	Your SSI instructor or guide, full equipment (regulators, BCD and wetsuit, XS to XXL, all new as of 2024), a hot lunch with rice between dives, and plenty of fruit and hot and cold drinks on board. Underwater camera rental is 600฿, or have your instructor film your dive for 800฿.	experiences.html
b0c01780	What time do we leave and get back?	experiences.html
46bda256	We depart at 9:30 from Chaloklum, which puts us on the sites while other boats are already heading home. The boat is back at Chaloklum pier around 15:30 — in good time if you have a 17:00 ferry. Come to the shop in Chaloklum the day before to fill in the registration forms, then meet us at the boat on Chaloklum pier at 9:15 — all the equipment is already on board, so there is no gear fitting at the shop.	experiences.html
793a732a	Can I do a Fun Dive if I haven't dived in years?	experiences.html
cb9c236d	Yes. Tell us how long it has been when you message and we will plan the first dive as a refresher — shallow, calm, and unhurried — before anything more ambitious.	experiences.html
c582ad44	What happens if the weather is bad?	experiences.html
36df1e31	Safety comes first, and the call is ours: if we cancel the boat because of the weather, you get a full refund. A little morning rain doesn't stop us — the sea conditions decide. The rough-weather season is the monsoon, roughly November to mid-December.	experiences.html
f7848d45	Send us your dates and level on WhatsApp. A deposit secures your place, and you can pay in cash or by Revolut. Fill in the registration forms at the shop the day before; it is open every day from 9:00 to 19:00.	experiences.html
3ad2196f	Do you pick up from hotels?	experiences.html
b6611be8	No — taxis on Koh Phangan are expensive, and renting a scooter for the day (around 250฿) is cheaper and easier. The shop is in Chaloklum village on the north coast, and the boat leaves from Chaloklum pier.	experiences.html
849b0573	SSI diving courses	courses.html
54809bdc	SSI diving courses in Koh Phangan	courses.html
bab84772	Three-day SSI certification from Chaloklum, Koh Phangan, to 18 m anywhere in the world. From 10 years old. Maximum four students per instructor, open-water dives at Koh Ma and Sail Rock, instant digital certification.	courses.html
06127d43	Two-day SSI course after Open Water: deeper sites, sharper buoyancy and better navigation.	courses.html
da7d2fef	Two-day SSI rating earned with two specialties. We recommend Deep (to 40 m at Sail Rock) and Enriched Air Nitrox as the next step after Open Water.	courses.html
f1b60894	Two-day SSI specialty to 40 m at Sail Rock: gas planning, narcosis and no-decompression limits.	courses.html
dd8d9801	Two-day SSI course in recognising, preventing and managing problems underwater.	courses.html
300c18ec	One-day SSI specialty for longer bottom times and shorter surface intervals on enriched air.	courses.html
8ddb598b	SSI courses from Chaloklum, Koh Phangan. Open Water 12,900฿ in 3 days, Advanced 12,500฿, Deep 8,500฿, Rescue 11,600฿, Nitrox from 4,500฿, Specialty Diver (Deep + Nitrox) 13,500฿. Max 4 students per instructor, our own boat, instant digital certification.	courses.html
23ca562e	SSI Diving Courses in Koh Phangan — Open Water, Advanced, Deep, Rescue &amp; Nitrox	courses.html
8c9c4a97	A diver completely surrounded by a dense school of silver fish.	courses.html
066b0147	Four Open Water students holding position together in mid-water.	courses.html
098dce43	A diver swimming beneath a towering wall of jacks in open water.	courses.html
22f6c546	A diver descending through a school of jacks, bubbles rising.	courses.html
91dc93b4	A diver silhouetted against the sun, looking up from depth.	courses.html
7e1235ba	A group of divers wading out into the sea at sunset on Koh Phangan.	courses.html
bdcc4525	Looking up through a spiralling vortex of jacks towards the sun.	courses.html
6661cf25	A diver swimming along a rock wall covered in coral and small fish.	courses.html
b7204831	Healthy hard-coral bommies with clouds of reef fish at Koh Ma.	courses.html
e2f306ee	/ SSI courses	courses.html
d3d97add	International SSI training in small groups — maximum four students per instructor, our own boat, quality equipment, and instructors with more than ten years of experience. Certification arrives digitally the moment you pass.	courses.html
494c86e8	Ask about courses	courses.html
0de6b97f	See prices	courses.html
5e52fd48	Training dives run at Sail Rock	courses.html
179480a6	Start here · 3 days · SSI certification	courses.html
808ecba8	Diver	courses.html
bc7852fe	The licence that works everywhere in the world. Three days takes you from the shallows of Koh Ma to diving independently with a buddy to 18 metres. Maximum four students per instructor, real boat dives rather than a pool, and your digital card the same day you finish. More than 400 divers have certified with us since we opened in 2024.	courses.html
cc669844	Theory, confined skills and open-water dives	courses.html
674e4126	All equipment included, XS to XXL	courses.html
c58dbcf6	Instant digital SSI certification	courses.html
3fd6d2b8	Day-by-day course guide	courses.html
8dfb1522	Every course	courses.html
bd81c217	Keep going	courses.html
c376109e	deeper	courses.html
18ac6bb7	Once you are certified, the Gulf opens up. These are the courses we run from Chaloklum, all in the same small groups on the same boat.	courses.html
5032e31b	2 days · SSI	courses.html
03954e6c	The natural next step after Open Water. Deeper sites, sharper buoyancy, better navigation, and dives that stop being about the skills and start being about where you are.	courses.html
fe38f2a9	Our pick · 2 days · SSI	courses.html
e87cc9bf	Specialty Diver · Deep + Nitrox	courses.html
ebbef702	Our recommendation after Open Water. The SSI Specialty Diver rating comes from any two specialties, and of the twenty or so on offer, Deep and Enriched Air Nitrox are the two that genuinely extend what you can do: 40 metres at Sail Rock, and longer, safer bottom times on every dive.	courses.html
b6ae54b5	Sail Rock drops to 40 metres and this is the course that lets you use all of it. Gas planning, narcosis, no-deco limits and the discipline that makes deep dives boring in the best possible way.	courses.html
32e66a30	The course that changes how you dive with other people. Recognising problems before they become problems, managing them when they do, and becoming the buddy everyone wants on their boat.	courses.html
100fd7f3	1 day · SSI	courses.html
53ebeaed	More bottom time, shorter surface intervals, and less fatigue at the end of a two-dive day. The theory alone is 4,500฿, or 7,500฿ with two dives on nitrox at Sail Rock.	courses.html
eeeb38fe	Theory only	courses.html
06d4f525	Go pro · 1 month · SSI	courses.html
35fa9a04	Your first professional level. One month of unlimited diving, mentored day to day by our lead instructor. We train only two or three divemasters a year, so it starts with a conversation.	courses.html
5479f24d	Not sure?	courses.html
d667917f	Tell us how you dive	courses.html
3e49b038	and we'll tell you	courses.html
a242db90	what to book	courses.html
d7741241	Send us your certification level, how many dives you have logged and what you want out of the water — turtles, photography, depth, or just being more relaxed down there. We will give you a straight answer, even if that answer is "you don't need a course".	courses.html
48bfaf86	Talk on WhatsApp	courses.html
21c68185	Koh Ma · where courses begin	courses.html
d5bad418	How we teach	courses.html
7743503a	Realistic,	courses.html
549acc99	not textbook	courses.html
a1f12f46	Our team has spent more than a decade teaching in Egypt, the Philippines, Cambodia, Vietnam and Indonesia, and we bring the same standard here: clear briefings, sites chosen by the tide rather than the timetable, and dive plans built around the people actually on the boat.	courses.html
f4eda47d	Maximum four students per instructor	courses.html
827e6962	Taught in English, Spanish or French — Italian and German much of the season	courses.html
a7606fc6	New 2024 equipment, checked daily	courses.html
580c9436	Digital SSI certification issued on the spot	courses.html
ecadd2a6	Courses start at Koh Ma — calm and current-free	courses.html
e94c09b4	Maximum 20 people on board, always	courses.html
05282a43	Meet the crew	courses.html
a327cb17	Ready to get	courses.html
8a7b68bc	certified?	courses.html
ac424e4b	Message us with your dates and we will tell you honestly what fits — including whether you should start with a Try Dive instead.	courses.html
f4daa138	Book a course	courses.html
d8cc3dde	Thinking about going pro? See the	courses.html
a985a850	Divemaster course	courses.html
733ca28d	Dive sites around Koh Phangan	dive-sites.html
96cd109e	Sail Rock (Hin Bai)	dive-sites.html
8b74761c	Open-sea granite pinnacle between Koh Phangan and Koh Tao, 5–40 m, with a vertical swim-through called The Chimney. Barracuda, batfish, trevally and, with luck, whale sharks. About one hour by boat from Chaloklum. All levels.	dive-sites.html
843520c6	Sheltered hard-coral garden ten minutes from Chaloklum, 5–18 m, no current. Green turtles, clownfish and cuttlefish. Used for Try Dives and courses.	dive-sites.html
1bcdc9de	Small pinnacle ten minutes east of Chaloklum, 8–20 m, with far fewer divers than Sail Rock. Giant groupers, moray eels and fusiliers. Intermediate.	dive-sites.html
d61fa0aa	Artificial structure in open water, 10–30 m, sheltering huge schools of jacks, barracuda and groupers. Advanced divers with 20+ logged dives.	dive-sites.html
e630c3a7	The four dive sites we run from Chaloklum, Koh Phangan: Sail Rock (5–40 m), Koh Ma (5–18 m, no current), Little Sail Rock (8–20 m) and the Oil Platform (10–30 m). Daily 9:30 departures on our own boat.	dive-sites.html
90da509f	Dive Sites in Koh Phangan — Sail Rock, Koh Ma, Little Sail Rock &amp; the Oil Platform	dive-sites.html
b942974b	Sail Rock breaking the surface of open sea, seen over the bow of the red dive boat.	dive-sites.html
2fd445af	A pair of clownfish in a carpet anemone on the shallow reef at Koh Ma.	dive-sites.html
d67ed941	Reef rock crowded with fish and a dense bait ball hanging above it.	dive-sites.html
0f35d182	A huge school of jacks circling under the legs of the oil platform.	dive-sites.html
11e552ee	Map showing Sail Rock in open water between Koh Phangan and Koh Tao.	dive-sites.html
f960505a	/ Dive sites	dive-sites.html
125685c2	Dive sites of Koh Phangan	dive-sites.html
18b426c2	and Sail Rock	dive-sites.html
5037c82a	Daily departures at 9:30 from Chaloklum, in small groups, on our own boat. Four sites, all reachable from the same pier — and when conditions allow, certified divers get more than one of them in a day.	dive-sites.html
723fcc49	What lives here: our marine life guide	dive-sites.html
5f221a56	Sail Rock · 5–40 m · one hour out	dive-sites.html
d500e122	All levels · beginner to advanced	dive-sites.html
aed00582	The famous open-sea pinnacle, and the reason people come to this side of the Gulf. It rises from 40 metres to above the surface, and a vertical tunnel — The Chimney — runs up through the middle of it. Schools of barracuda and batfish hold in the blue off the walls, and with luck, a whale shark comes through.	dive-sites.html
5683e791	It is the best diving in the Gulf of Thailand, and a must-do. Because we leave at 9:30, we tend to arrive as the early boats are leaving.	dive-sites.html
675056ad	Depth	dive-sites.html
1fb0f99b	Travel	dive-sites.html
72ab9d03	1 hour	dive-sites.html
a0db49ba	Level	dive-sites.html
b1c94ca2	All	dive-sites.html
222a267c	Current	dive-sites.html
47c14840	Variable	dive-sites.html
13dd7272	Clearest	dive-sites.html
6eb473d4	May–Oct	dive-sites.html
9f7e2112	The Chimney — a vertical swim-through	dive-sites.html
cb7ce2b2	Barracuda and batfish schools	dive-sites.html
cd131327	Whale sharks, seasonally and with luck	dive-sites.html
3c64dd16	Open Water training dives run here	dive-sites.html
5a807c3a	Book at Sail Rock	dive-sites.html
7ac32a8d	Full Sail Rock guide	dive-sites.html
22944a80	Koh Ma · 5–18 m · no current	dive-sites.html
5bc18747	Beginners · try dives · Open Water courses	dive-sites.html
117b0e03	Ten minutes by boat from Chaloklum, with no current and a genuinely healthy hard-coral garden. Green turtles graze here, clownfish hold their anemones, and cuttlefish hover over the sand watching you watch them. This is where your first perfect dive happens.	dive-sites.html
7dd6a6ab	10 min	dive-sites.html
2ddabc33	Beginner	dive-sites.html
6adf97f8	None	dive-sites.html
245ac652	Jan–Jun	dive-sites.html
cbc26919	Green turtles	dive-sites.html
a98181f2	Clownfish and anemones	dive-sites.html
94d04678	Cuttlefish over the sand	dive-sites.html
5384f3c4	Healthy hard coral	dive-sites.html
ccc2bc68	Book at Koh Ma	dive-sites.html
cd4ebf1e	Try Dive here	dive-sites.html
736efb50	Little Sail Rock · 8–20 m	dive-sites.html
0b6ba2f6	Intermediate to advanced · possible current	dive-sites.html
0f9197b3	Little	dive-sites.html
10c07a18	A mini version of Sail Rock, ten minutes east of Chaloklum. Far fewer divers get here and there is just as much life on it — giant groupers sitting in the overhangs, moray eels in the cracks, and schools of fusiliers moving over the top. The secret jewel for escaping the masses.	dive-sites.html
7ed6c322	Possible	dive-sites.html
f53000e9	Giant groupers	dive-sites.html
3203a886	Moray eels	dive-sites.html
5d4a2e09	Schools of fusiliers	dive-sites.html
a84f17ae	Rarely crowded	dive-sites.html
737680f3	Book at Little Sail Rock	dive-sites.html
ad5d8b60	Oil Platform · 10–30 m · 20+ dives	dive-sites.html
393a16d7	Advanced only · 20+ logged dives	dive-sites.html
2e69df59	Oil	dive-sites.html
419f3742	Platform	dive-sites.html
afaba876	An artificial structure standing alone in open water, with its legs dropping away into the blue. Everything in the area uses it as shelter, so you descend into enormous schools of jacks and barracuda with groupers parked underneath. It is the most different and most adrenaline-pumping dive in the Gulf.	dive-sites.html
e33bdd21	Because of the depth and the open water around it, this one is for advanced divers with at least 20 dives logged.	dive-sites.html
9b6545e4	Advanced	dive-sites.html
6524b678	20+ dives	dive-sites.html
a1fa2777	Type	dive-sites.html
dc4c7156	Structure	dive-sites.html
4c641e60	Huge schools of jacks	dive-sites.html
f7ab1988	Barracuda in numbers	dive-sites.html
bcda12cf	Groupers holding under the legs	dive-sites.html
157b3503	Customer favourite alongside Sail Rock	dive-sites.html
fc6be7b4	Book on the platform	dive-sites.html
432ba975	On the chart	dive-sites.html
45fdbda3	Everything from	dive-sites.html
8ccec6a9	one pier	dive-sites.html
ce87ed2a	We run out of Chaloklum on the north coast of Koh Phangan — the closest working pier to Sail Rock, which sits in open water between Koh Phangan and Koh Tao.	dive-sites.html
93b7306e	Sail Rock · open sea, one hour out	dive-sites.html
6fcf3059	Which site	dive-sites.html
8a31033e	should you dive?	dive-sites.html
e80f0f75	Tell us your level and we will tell you where the day should go. Conditions change, and the honest answer sometimes is "not Sail Rock today".	dive-sites.html
ddb52316	Seasons around Koh Phangan	dive-sites.html
29c2f251	When is the best time to dive Sail Rock?	dive-sites.html
27b4d779	Sail Rock can be dived all year. It is at its clearest from about May to October, often with 20–30 m of visibility. From January to April the water carries more plankton and visibility is closer to 5–10 m — but that plankton feeds the huge schools of fish and draws in the whale sharks, so it is a different kind of good.	dive-sites.html
aa4944fa	When is visibility best at Koh Ma and Little Sail Rock?	dive-sites.html
b3c89bb3	From January to around May or June. The closer sites are at their clearest just when Sail Rock is at its most plankton-rich, which is one of the reasons we choose the route each morning from the conditions.	dive-sites.html
8b63a622	When is whale shark season at Sail Rock?	dive-sites.html
70009e9f	The textbook season is April to June, but whale sharks keep their own calendar: we have had great encounters in February and September too. Nobody can promise one, and that is part of the magic.	dive-sites.html
84601d8b	How warm is the water?	dive-sites.html
2a668de3	28–30°C all year round. We provide wetsuits in sizes XS to XXL.	dive-sites.html
0767b951	Do you close for the monsoon?	dive-sites.html
9050b99e	We are open all year. The monsoon arrives roughly from November to mid-December. On days when the sea is too rough for the boats to go out safely we cancel the trip, and if you had booked, you get a full refund.	dive-sites.html
49e68966	Opened January 2024 in Chaloklum, Koh Phangan. Our own boat, maximum 20 divers, 9:30 departures, new 2024 equipment and SSI instructors with 10+ years in Egypt, the Philippines, Indonesia and Thailand. Part of The Diver's Boat, Koh Tao since 2015.	about.html
5f3a1380	About Us — SSI Dive Centre in Chaloklum, Koh Phangan	about.html
233c20ae	The red dive boat Rungworawan moored beside an island with divers in the water.	about.html
b6edaaa2	A diver surrounded by a dense school of silver fish.	about.html
1d92a757	The Rungworawan at her mooring with divers entering the water alongside.	about.html
24f9d581	Sail Rock rising from the sea, seen from the bow of the Rungworawan.	about.html
e65cff64	/ About us	about.html
ef134e16	An SSI dive centre	about.html
c0551dad	in Chaloklum, Koh Phangan	about.html
23c233c1	We opened in January 2024 with a clear idea: safe diving, small groups, and a relaxed atmosphere. Our SSI instructors have more than ten years leading dives in Egypt, the Philippines, Indonesia and Thailand — and that standard now lives here, aboard our own boat.	about.html
38c731cd	Talk to us	about.html
ee25e0b6	Why it matters	about.html
e9059f9c	Why choose a centre	about.html
2d6b2f14	with its own boat?	about.html
057715aa	Max 20 on board	about.html
fd3bde58	Most boats depart with 30+ divers. We limit ourselves to 20. Fewer people means a more attentive instructor, equipment assembled at a relaxed pace, and more space on deck between dives.	about.html
6b529184	9:30 from Chaloklum	about.html
65105b24	A later departure	about.html
c3b99528	Our 9:30 departure takes you to Sail Rock and Koh Ma when other boats are already heading back. You get dive sites with fewer people on them and better visibility.	about.html
a0a261a6	Conditions permitting	about.html
b7591365	Multi-site days	about.html
6333b89b	For certified divers we visit several sites around Koh Phangan in a single day. Sail Rock and the oil platform are the favourites. More marine life, less time travelling.	about.html
e6f7d625	Opened January 2024	about.html
eb65be4e	Ten years, three teaching languages	about.html
2d61f0cf	The instructors	about.html
8189ecf6	International	about.html
2d455ae7	experience,	about.html
27373177	local knowledge	about.html
775b5e08	The centre opened in 2024, but the team behind it has more than a decade underwater. We have worked in some of the world's best dive destinations and we apply the same standard here: clear briefings, dive sites chosen by the tide, and realistic plans rather than textbook ones.	about.html
9d2a503d	We teach in English, Spanish and French, with Italian and German on board for much of the season and Russian on some dates. Our backgrounds are in Egypt, the Philippines, Cambodia, Vietnam and Indonesia. That global perspective is mostly useful for one thing: explaining marine life, currents and technique in a way that makes sense to someone who has never worn a mask.	about.html
4686bec7	From Try Dive to Advanced SSI courses	about.html
51cc8582	We tailor each outing to your level	about.html
443b9231	Photography, deep, or a slow dive for turtles — your call	about.html
f2cfdd52	Rungworawan · spacious and stable	about.html
04fd2571	Safety and equipment	about.html
64887e77	New gear,	about.html
2e6a919f	checked daily	about.html
ee4fdfb1	As a 2024 centre, all of our equipment is new — and it is checked every single day. Regulators, BCDs and wetsuits come in XS to XXL, with official SSI servicing from day one. Turn up with a swimsuit; we have the rest in your size.	about.html
4a601c29	Boat capacity	about.html
5be0faba	Departure	about.html
596e61ba	Sizes	about.html
0a991a04	Servicing	about.html
371bcede	SSI official	about.html
fd3f099e	We want you to feel at home and leave with memories you keep. Our instructors look after you from preparation through to the debrief afterwards — and the dive plan bends to suit you, not the other way round.	about.html
2891e672	The crew	about.html
fbc27b44	Meet the	about.html
94b44cc5	Phangan team	about.html
4523e534	Rui is the heart of The Diver's Boat Koh Phangan. She runs the office and every booking, makes sure the day runs smoothly and gives you the welcome you deserve — in English or Chinese.	about.html
40ddff51	A dive professional since 2015 — he started as a divemaster and loved it — and an SSI instructor since 2022, with more than 5,000 dives behind him. Boris leads the instructors and divemasters, so each trip is safe, fun and tailored to your level.	about.html
53083b9e	Spacious, stable and fully equipped. She takes us to Sail Rock every day. Join us on the next trip and be part of her story.	about.html
77deaeac	Our locations	about.html
ad3c9425	family in Thailand	about.html
46c9d664	We are part of The Diver's Boat. The main base has been in Koh Tao since 2015, and the Koh Phangan centre has been running from Chaloklum since January 2024, managed day to day by Boris and Rui — more than 400 divers certified so far. Two islands, the same owner and the same standard, and one of the best pinnacle dives in Southeast Asia in between them.	about.html
97a1e53c	Koh Phangan — Chaloklum	about.html
b8481406	Koh Tao — main base	about.html
1ba215ed	Come and	about.html
ce04410d	dive with us	about.html
44b9c667	Message us on WhatsApp with your level and your dates. A real person answers, usually within the hour.	about.html
392da486	Diving photos from Koh Phangan	gallery.html
ee4c52ab	Photos from our own dive trips out of Chaloklum, Koh Phangan: whale sharks and barracuda at Sail Rock, turtles and clownfish at Koh Ma, and huge schools of jacks at the oil platform.	gallery.html
5942493f	Photo Gallery — Diving in Koh Phangan with The Diver's Boat	gallery.html
2cb6478d	A corridor opening through a wall of silver fish at Sail Rock.	gallery.html
2b46e928	A whale shark gliding through open blue water at Sail Rock.	gallery.html
1dae9bc8	A whale shark passing above a group of divers.	gallery.html
3488250a	Snorkellers at the surface above a whale shark and a bait ball.	gallery.html
38b0408e	A tornado of barracuda spiralling overhead.	gallery.html
b36fcd68	Barracuda hanging beside the granite of Sail Rock.	gallery.html
c12a497d	An enormous school of jacks circling in open water.	gallery.html
695f4bce	Two divers swimming into a dense wall of trevally.	gallery.html
e842088c	Healthy hard-coral bommies with clouds of reef fish.	gallery.html
f2a94a18	A pair of clownfish in a carpet anemone.	gallery.html
2401c78e	A yellow boxfish over anemones and soft coral.	gallery.html
cce122a6	A hermit crab crossing pale sand.	gallery.html
4978237b	A translucent jellyfish trailing long tentacles.	gallery.html
1fc4d333	Reef rock crowded with fish and a bait ball above.	gallery.html
94eabffa	Fish moving over a pale sandy bottom.	gallery.html
5263898d	The red dive boat Rungworawan with divers in the water beside her.	gallery.html
5320fe9f	Sail Rock breaking the surface, seen over the bow of the boat.	gallery.html
1dfc29a0	The dive boat at her mooring under a cloudy sky.	gallery.html
b8fe9ccb	Four student divers holding position together in mid-water.	gallery.html
e9a0e8b7	A diver following a rock wall with a torch.	gallery.html
e707cc59	A diver hovering above pale sand in shallow water.	gallery.html
3d150b8e	A smiling person lying in the shallows on a bright beach.	gallery.html
db273612	/ Photo gallery	gallery.html
d7874762	Diving photos	gallery.html
53abbf40	from Koh Phangan	gallery.html
d4da244a	This is what diving in Koh Phangan actually looks like: turtles, whale sharks and smiles underwater. Every photo here was taken on our own trips out of Chaloklum.	gallery.html
fe84aad1	Sail Rock &amp; the whale sharks	gallery.html
05ed312a	The big blue	gallery.html
48b03e0b	Sail Rock · eye level	gallery.html
296e2976	Sail Rock · from above	gallery.html
b3a2101a	Sail Rock · barracuda	gallery.html
47bcb808	Sail Rock · the pinnacle	gallery.html
7807b6ab	Oil Platform · jacks	gallery.html
1318d8b8	Oil Platform · into it	gallery.html
fc710e48	Koh Ma &amp; Little Sail Rock	gallery.html
3c0e086b	The small stuff	gallery.html
318c58b4	Koh Ma · coral garden	gallery.html
08729d4f	Koh Ma · clownfish	gallery.html
08f60a8f	Little Sail Rock · boxfish	gallery.html
2358063b	Koh Ma · hermit crab	gallery.html
dd6f57b9	Blue water · jellyfish	gallery.html
83e014d8	Koh Ma · the sand	gallery.html
86a712d7	Which fish is which? See our marine life guide	gallery.html
503c0f68	The boat and the people on it	gallery.html
b94447b8	Above water	gallery.html
0bfb3b10	Rungworawan · on station	gallery.html
9750ef4c	Chaloklum · mooring	gallery.html
1a760da9	Training · together	gallery.html
e2033b2f	Sail Rock · surrounded	gallery.html
7b7a6e21	Little Sail Rock · the wall	gallery.html
5c13d2da	Koh Ma · first dive	gallery.html
9d7ff50d	Chaloklum · after the dive	gallery.html
4902494f	Want your own	gallery.html
c30506bb	photos like these?	gallery.html
e66b8077	Rent an underwater camera for 600฿, or have your instructor film your dive for 800฿. Bring a camera if you have one — we will point you at the good stuff.	gallery.html
3852a2e2	SSI Open Water course	ssi-open-water-course.html
42c7e68b	Three-day SSI certification from Chaloklum, Koh Phangan, to 18 m anywhere in the world. From 10 years old. Maximum four students per instructor, skills in Chaloklum Bay and open-water dives at Sail Rock from our own boat, instant digital certification.	ssi-open-water-course.html
f1322450	Learn to dive in Koh Phangan: the SSI Open Water Diver course in 3 days for 12,900฿, from 10 years old. Maximum 4 students per instructor, our own boat from Chaloklum, open-water dives at Sail Rock, equipment and lunch included.	ssi-open-water-course.html
06018200	SSI Open Water Course in Koh Phangan — 3 Days, 12,900฿ | The Diver's Boat	ssi-open-water-course.html
96881dbb	A small group of divers hovering together in clear blue water.	ssi-open-water-course.html
39428ae4	An Open Water student giving the OK sign over the sand.	ssi-open-water-course.html
0d658a4d	Open Water limit	ssi-open-water-course.html
85f5f461	A diver doing a giant stride entry from our boat.	ssi-open-water-course.html
62ad6a3c	Deep blue	ssi-open-water-course.html
06388495	/ Open Water	ssi-open-water-course.html
2ea1bb49	SSI Open Water	ssi-open-water-course.html
6a691a2c	course in Koh Phangan	ssi-open-water-course.html
87b8df42	Learn to dive in three days and leave with a certification that lets you dive to 18 metres anywhere in the world. Small groups of four, our own boat from Chaloklum, and your open-water dives at Sail Rock, the best dive site in the Gulf — 12,900฿ with everything included.	ssi-open-water-course.html
a271bcad	See the three days	ssi-open-water-course.html
0e1d7a53	Four students, one instructor	ssi-open-water-course.html
78848b5e	At a glance	ssi-open-water-course.html
1de324b1	Your first	ssi-open-water-course.html
f1fd1913	certification	ssi-open-water-course.html
cb702d7c	SSI Open Water Diver is the course that turns you from someone who has tried diving into a diver. You learn the theory, practise the skills in the shallow water of Chaloklum Bay, then put them together on real dives in the Gulf of Thailand. At the end you can dive with a buddy, without an instructor, to 18 metres.	ssi-open-water-course.html
da839da5	SSI instructor teaching in English, Spanish or French	ssi-open-water-course.html
ad06dd39	All equipment, new in 2024, sizes XS to XXL	ssi-open-water-course.html
a27fd382	Boat days with hot lunch, fruit and drinks	ssi-open-water-course.html
d9a12867	Digital SSI certification the day you pass	ssi-open-water-course.html
d429c1f9	How the course runs	ssi-open-water-course.html
d6b9f9cb	Three days,	ssi-open-water-course.html
86c70f8e	step by step	ssi-open-water-course.html
3c936dc9	Every course starts in the shallow water of Chaloklum Bay, right in front of the dive centre, and moves on to real dives at Sail Rock. The exact plan follows the sea and the group, but this is the shape of it.	ssi-open-water-course.html
903d3b1a	Before you arrive	ssi-open-water-course.html
cb832682	Theory online	ssi-open-water-course.html
6c2b28a8	You get the SSI digital learning as soon as you book. Register from home and start studying before your holiday even begins.	ssi-open-water-course.html
218f0b83	Day one	ssi-open-water-course.html
90ddad88	Skills in Chaloklum Bay	ssi-open-water-course.html
19641f96	Theory review, then the core skills one at a time in shallow water off the beach, and a short first dive. A pool only if the sea does not allow it.	ssi-open-water-course.html
0efd89ad	Day two	ssi-open-water-course.html
7b7d9c56	First open-water dives	ssi-open-water-course.html
b33cc651	Out on the boat to Sail Rock. You repeat the skills on real dives and start to enjoy the fish — barracuda, batfish, trevally.	ssi-open-water-course.html
ab1f4de8	Day three	ssi-open-water-course.html
917ac285	Last dives and exam	ssi-open-water-course.html
b7eb0747	Your final training dives, a little deeper, then the final exam. If the sea or the group need it, we dive the calmer, shallower Koh Ma instead.	ssi-open-water-course.html
d051d9d0	Same day	ssi-open-water-course.html
8de1b104	Your SSI certification appears in the MySSI app straight away, recognised at dive centres all over the world.	ssi-open-water-course.html
1a284ca6	Your first giant stride	ssi-open-water-course.html
55b30dc8	Who can do it	ssi-open-water-course.html
d757de10	No experience	ssi-open-water-course.html
c0ca5324	needed	ssi-open-water-course.html
47e5b1db	You do not need to have dived before, and you do not need to be an athlete. If you are comfortable in the water and reasonably healthy, this course is for you.	ssi-open-water-course.html
305d3ced	From 10 years old — 10 to 14 year olds certify as Junior Open Water	ssi-open-water-course.html
f4fc25b7	Able to swim and float comfortably; we check this in the water on day one	ssi-open-water-course.html
e284aae5	A short medical questionnaire; some conditions need a doctor's signature	ssi-open-water-course.html
88fa8d23	No flights for 18 hours after the course's last dive	ssi-open-water-course.html
e1feaac6	Not sure yet? Try Dive first	ssi-open-water-course.html
628f3b92	Why learn with us	ssi-open-water-course.html
a737cfa5	A calm place	ssi-open-water-course.html
5c5a50e7	to learn	ssi-open-water-course.html
b2d56a35	Koh Phangan is quieter than Koh Tao, and so are its dive sites. Learning without a crowd around you makes the first dives far more relaxed — and you still get to dive Sail Rock, which is closer to our pier in Chaloklum than to anywhere else on the island.	ssi-open-water-course.html
2340517c	Maximum four students per instructor, never a big class	ssi-open-water-course.html
399e1938	Our own boat, the Rungworawan, with a maximum of 20 divers on board	ssi-open-water-course.html
dea426ba	Instructors with more than ten years of teaching around Asia and Egypt	ssi-open-water-course.html
be508191	More than 400 divers certified since we opened in January 2024	ssi-open-water-course.html
3a215f49	5.0 on Google from 354 reviews	ssi-open-water-course.html
0814f7ec	Water at 28–30°C all year	ssi-open-water-course.html
6ce3bdc3	Questions	ssi-open-water-course.html
f3021b4c	Open Water FAQ	ssi-open-water-course.html
ffa6d1d7	How much is the SSI Open Water course in Koh Phangan?	ssi-open-water-course.html
42b015af	12,900฿ per person. That includes your SSI instructor, the digital learning, all the equipment, the boat days with lunch and drinks, and your certification. The only optional extra is an underwater camera (600฿ rental) or a video of your dives filmed by your instructor (800฿).	ssi-open-water-course.html
f8241d8a	How long does the Open Water course take?	ssi-open-water-course.html
da170eed	Three days. Before the first day, you can read the theory online at your own pace, which leaves more time in the water.	ssi-open-water-course.html
8eefa60f	Is SSI recognised like PADI?	ssi-open-water-course.html
cc11ecf7	Yes. SSI and PADI both train to the same international standards, and an SSI Open Water Diver certification is accepted at dive centres all over the world — including PADI centres.	ssi-open-water-course.html
ff1db956	Do I need to be a strong swimmer?	ssi-open-water-course.html
c4ec46a0	No. You need to be comfortable in the water: able to swim a short distance without stopping and float for a few minutes. Speed does not matter, and we check it together on the first day.	ssi-open-water-course.html
607e391d	Can children do the Open Water course?	ssi-open-water-course.html
c231d138	Yes, from 10 years old. Divers aged 10 to 14 certify as SSI Junior Open Water Divers, with some depth limits until they turn 15, when the card upgrades to the full Open Water Diver.	ssi-open-water-course.html
c626b3ef	What if I'm nervous or not sure I will like it?	ssi-open-water-course.html
a4cbec2c	Start with a Try Dive: one day, no certification needed. If you enjoy it, tell us and we will explain how to continue into the Open Water course. Nervous students are normal, and small groups of four give us time for everyone.	ssi-open-water-course.html
be08afba	Where do the training dives take place?	ssi-open-water-course.html
0400552a	The first skills are practised in Chaloklum Bay, in shallow water off the beach. We prefer the sea to a pool: salt water feels different from fresh water, and the beach gives more space and a first short dive. The open-water dives on days two and three are at Sail Rock, an open-sea pinnacle about an hour by boat. When the sea or the students need it, we go to Koh Ma instead, a calmer, shallower coral garden ten minutes from the pier.	ssi-open-water-course.html
dab6842d	What should I bring?	ssi-open-water-course.html
c81aff7b	Swimwear, a towel, sun protection and something warm for the boat ride home. All the diving equipment is on the boat in your size. If you wear glasses and need a prescription mask, tell us before you arrive.	ssi-open-water-course.html
3ad814cf	When can I fly after the course?	ssi-open-water-course.html
394cc4e1	The usual guideline is 12 hours after a single shallow dive, 18 hours after several dives or a deep dive, and 24 hours after a decompression dive. The course has several dives a day, so plan on 18 hours. The ferry needs no wait: we are back at the pier around 15:30, in time for a 17:00 ferry.	ssi-open-water-course.html
b746ca6a	Ready to become	ssi-open-water-course.html
59464890	a diver?	ssi-open-water-course.html
bd6b8f06	Send us your dates on WhatsApp and we will confirm a place in the next Open Water group. A deposit holds your spot; the rest is paid in cash or by Revolut.	ssi-open-water-course.html
552167be	Already certified? See the	ssi-open-water-course.html
e83c5382	next courses	ssi-open-water-course.html
76a38a6a	or come on a	ssi-open-water-course.html
46126ca1	Sail Rock diving guide	sail-rock-diving-guide.html
4302de99	A dive guide to Sail Rock, the open-sea pinnacle between Koh Phangan and Koh Tao: depths, The Chimney, marine life, seasons, whale sharks and how to dive it from Chaloklum.	sail-rock-diving-guide.html
918a8a0d	Manager and lead instructor, SSI Instructor	sail-rock-diving-guide.html
bc374a9b	Everything about diving Sail Rock (Hin Bai), the best dive site in the Gulf of Thailand: 5–40 m, The Chimney swim-through, barracuda, batfish and whale sharks, visibility month by month, and how to get there from Chaloklum, Koh Phangan.	sail-rock-diving-guide.html
9797432d	Sail Rock Diving Guide — Depths, Seasons, Whale Sharks &amp; The Chimney | Koh Phangan	sail-rock-diving-guide.html
b02fb000	Sail Rock seen from above, with dive boats moored around it in open sea.	sail-rock-diving-guide.html
62ded8f3	A diver waving beside the entrance of The Chimney at Sail Rock.	sail-rock-diving-guide.html
19d094f3	The top opening of The Chimney at 6 metres.	sail-rock-diving-guide.html
2b125de3	Looking out through the window in the wall of The Chimney.	sail-rock-diving-guide.html
35c372f9	Blue water seen from inside The Chimney, at its bottom opening at 18 metres.	sail-rock-diving-guide.html
369b0f9b	A school of barracuda circling beside the rock at Sail Rock.	sail-rock-diving-guide.html
959092a2	Four batfish swimming together in blue water.	sail-rock-diving-guide.html
f7e3d378	/ Sail Rock guide	sail-rock-diving-guide.html
11131ee9	diving guide	sail-rock-diving-guide.html
19d6f891	A granite pinnacle alone in the open sea between Koh Phangan and Koh Tao, rising from 40 metres to above the surface. Schools of barracuda and batfish, a swim-through called The Chimney and, some days, a whale shark. This is what to expect, when to go and how to dive it.	sail-rock-diving-guide.html
e381e147	When to go	sail-rock-diving-guide.html
507cbf18	The site · Hin Bai	sail-rock-diving-guide.html
58a05744	One rock,	sail-rock-diving-guide.html
31de6a05	open sea	sail-rock-diving-guide.html
f80f5a63	Sail Rock — Hin Bai in Thai — stands alone in open water, far from any reef. With nowhere else to shelter, the fish of the open sea gather around it: that is why it is the best dive site in the Gulf and the one almost every diver on Koh Phangan and Koh Tao wants to see.	sail-rock-diving-guide.html
6946dbda	The rock drops away on all sides, so there is a depth for every level: new divers stay on the upper walls, certified divers circle the pinnacle deeper, and Deep divers can reach the sandy bottom at 40 metres.	sail-rock-diving-guide.html
2e999d0f	From Chaloklum	sail-rock-diving-guide.html
27634ff8	Water	sail-rock-diving-guide.html
227165fc	The walls of Sail Rock	sail-rock-diving-guide.html
ae530246	The Chimney	sail-rock-diving-guide.html
0ef0b86d	A tunnel	sail-rock-diving-guide.html
c51960fd	through the rock	sail-rock-diving-guide.html
c7466b30	Sail Rock's signature feature is a vertical tunnel through the middle of the pinnacle. The top opening is at 6 metres, the bottom one at 18 metres, and halfway down a window in the wall opens out between 10 and 14 metres.	sail-rock-diving-guide.html
17b04f44	It can be swum from the top down, from the bottom up, or entered and left through the window. We prefer top to bottom: going down avoids any uncontrolled ascent. No special course is needed — unlike a cave, it is open to the surface above, so in an emergency you can always go straight up. Your guide decides on the day, depending on your level.	sail-rock-diving-guide.html
e3a68ce9	Top opening	sail-rock-diving-guide.html
5b38d0f2	Where we usually go in, so that the swim through the rock is downwards.	sail-rock-diving-guide.html
1eab2dcc	The window	sail-rock-diving-guide.html
69e28b1f	A crack in the wall halfway down, and another way in or out.	sail-rock-diving-guide.html
7345158c	Bottom opening	sail-rock-diving-guide.html
3b619dbc	The way out at the bottom, back onto the wall of Sail Rock.	sail-rock-diving-guide.html
a874f54b	What you will see	sail-rock-diving-guide.html
a828f1a2	Big schools,	sail-rock-diving-guide.html
39857bb4	big visitors	sail-rock-diving-guide.html
06ddd841	Sail Rock is about fish in numbers. Schools hang in the blue off the walls, and the larger visitors come in from the open sea to feed on them.	sail-rock-diving-guide.html
decdcc41	All year	sail-rock-diving-guide.html
d8ebf6a0	Barracuda	sail-rock-diving-guide.html
5199b496	(Sphyraena spp.)	sail-rock-diving-guide.html
7ff02deb	Great spiralling schools, often right beside the rock. The picture most divers take home from Sail Rock.	sail-rock-diving-guide.html
9c02d9d9	Batfish and trevally	sail-rock-diving-guide.html
d9adf8e6	(Platax spp., Caranx spp.)	sail-rock-diving-guide.html
e65e7043	Curious batfish that come close to look at you, and trevally hunting along the edges of the schools.	sail-rock-diving-guide.html
b85d5ba1	With luck	sail-rock-diving-guide.html
97ae0adb	Whale sharks	sail-rock-diving-guide.html
169b49a7	(Rhincodon typus)	sail-rock-diving-guide.html
ba3f8fd6	The biggest fish in the sea visits Sail Rock to feed on plankton. The textbook season is April to June, but we have seen them in February and September too.	sail-rock-diving-guide.html
23e48d54	Whale shark guide	sail-rock-diving-guide.html
9d8ba43e	See our full marine life guide	sail-rock-diving-guide.html
7c5345b4	through the year	sail-rock-diving-guide.html
97874721	Sail Rock can be dived all year, and the water stays at 28–30°C. What changes is the visibility and what comes to visit.	sail-rock-diving-guide.html
36584f1e	January – April	sail-rock-diving-guide.html
c10e4402	Green water, big life	sail-rock-diving-guide.html
91444c60	More plankton and visibility of about 5–10 m. That plankton feeds the big schools and brings in the whale sharks.	sail-rock-diving-guide.html
472063be	April – June	sail-rock-diving-guide.html
9190b530	Whale shark season	sail-rock-diving-guide.html
4e73ffda	The textbook months for whale sharks, with the water starting to clear. Never guaranteed, always hoped for.	sail-rock-diving-guide.html
c5e7d15b	May – October	sail-rock-diving-guide.html
f5097a2e	Clearest water	sail-rock-diving-guide.html
c9b2765c	Sail Rock at its clearest, often 20–30 m of visibility. The best months to see the whole pinnacle at once.	sail-rock-diving-guide.html
0c7ecd90	November – mid-December	sail-rock-diving-guide.html
7198f9aa	Monsoon	sail-rock-diving-guide.html
5ef001e9	We stay open, but on days when the sea is unsafe the boat does not go out, and you get a full refund.	sail-rock-diving-guide.html
850d8f4d	How to see it	sail-rock-diving-guide.html
771c36bb	A way in	sail-rock-diving-guide.html
7098c0dc	for every level	sail-rock-diving-guide.html
296569c9	We leave Chaloklum at 9:30 on our own boat, the Rungworawan, and usually arrive as the early boats are leaving. Two dives, a hot lunch on deck, and back at the pier around 15:30.	sail-rock-diving-guide.html
831faa49	Two guided dives with a maximum of four divers per guide. Deep Specialty divers can go down to the bottom at 40 m.	sail-rock-diving-guide.html
0f03b9a5	Learn to dive	sail-rock-diving-guide.html
06d55830	Open Water course	sail-rock-diving-guide.html
450da5a5	Your open-water training dives take place here, so you certify at the best site in the Gulf.	sail-rock-diving-guide.html
d9f2f59f	No diving needed	sail-rock-diving-guide.html
001a4af8	The top of the rock is close to the surface, so snorkellers see the schools too — and sometimes a whale shark.	sail-rock-diving-guide.html
8dcbc6f5	Sail Rock FAQ	sail-rock-diving-guide.html
6103e10b	Where is Sail Rock?	sail-rock-diving-guide.html
3c5536eb	In the open sea between Koh Phangan and Koh Tao, in the Gulf of Thailand. From our pier in Chaloklum, on the north coast of Koh Phangan, it is about an hour by boat.	sail-rock-diving-guide.html
0a5e34ba	How deep is Sail Rock?	sail-rock-diving-guide.html
b4946145	The rock rises from about 40 metres to above the surface. Most dives are between 5 and 30 metres; the bottom at 40 metres is for divers with the Deep Specialty.	sail-rock-diving-guide.html
62b87d7f	Can beginners dive Sail Rock?	sail-rock-diving-guide.html
2dbcf587	Yes. The shallow parts of the rock suit Try Dives and Open Water students, and our Open Water training dives run here. On days when the sea is rough, we may choose the calmer Koh Ma for beginners instead.	sail-rock-diving-guide.html
a3447357	It can be dived all year. The water is clearest from about May to October, often with 20–30 m of visibility. From January to April there is more plankton and less visibility, but more life, and whale sharks are most likely from April to June.	sail-rock-diving-guide.html
10453eb1	Will I see a whale shark at Sail Rock?	sail-rock-diving-guide.html
91e4abf9	Nobody can promise one. The textbook season is April to June, and we have also had great encounters in February and September. When one comes through, it is the dive of a lifetime.	sail-rock-diving-guide.html
dccece61	What is The Chimney?	sail-rock-diving-guide.html
5de67eb8	A vertical tunnel through the pinnacle, from 6 metres at the top to 18 metres at the bottom, with a window in the wall between 10 and 14 metres. We usually swim it from the top down to avoid uncontrolled ascents. It is open to the surface, so no special course is needed; your guide decides on the day whether it suits your level.	sail-rock-diving-guide.html
27135f3d	Is there current at Sail Rock?	sail-rock-diving-guide.html
5f31d0c3	Sometimes. Because it stands in open sea, the current changes from day to day, but it usually hits only one side of the rock. We plan every dive to avoid it and brief you on the boat before you get in.	sail-rock-diving-guide.html
db0f5978	Is it better to dive Sail Rock from Koh Phangan or Koh Tao?	sail-rock-diving-guide.html
2a1a4d09	Both islands run trips there. From Chaloklum it is about an hour by boat, and with our 9:30 departure we usually arrive as the early boats are leaving, so the rock is quieter.	sail-rock-diving-guide.html
9f43cee0	How much does it cost to dive Sail Rock?	sail-rock-diving-guide.html
bfdaede9	A Fun Dive day with two dives is 3,200฿ for certified divers, and a snorkelling trip is 1,500฿. Both include equipment, a hot lunch, fruit and drinks; underwater camera rental is 600฿.	sail-rock-diving-guide.html
2960bb4d	Ready for	sail-rock-diving-guide.html
2f787301	Sail Rock?	sail-rock-diving-guide.html
42abee25	Tell us your level and your dates on WhatsApp, and we will tell you honestly what the sea is doing and which day to go.	sail-rock-diving-guide.html
4ec3b6f3	See also our other	sail-rock-diving-guide.html
28cd5079	dive sites around Koh Phangan	sail-rock-diving-guide.html
72330be2	Whale sharks in Koh Phangan	whale-sharks-koh-phangan.html
3f010390	A guide to seeing whale sharks around Koh Phangan: the season, why they come to Sail Rock, diving or snorkelling with them, and how to behave in the water.	whale-sharks-koh-phangan.html
290e6e9e	Whale shark	whale-sharks-koh-phangan.html
4d97eb99	When and where to see whale sharks around Koh Phangan: the April–June season at Sail Rock, sightings in February and September, diving or snorkelling with them, and how to behave around the biggest fish in the sea.	whale-sharks-koh-phangan.html
a0c80673	Whale Sharks in Koh Phangan — Season, Sail Rock and How to See Them	whale-sharks-koh-phangan.html
3af2e339	A whale shark swimming through blue water at Sail Rock.	whale-sharks-koh-phangan.html
5d0a4a91	A whale shark swimming just below the surface with small fish around it.	whale-sharks-koh-phangan.html
1246be2d	A whale shark swimming past divers at Sail Rock.	whale-sharks-koh-phangan.html
1062dc7a	A diver in a pink mask waving over the reef.	whale-sharks-koh-phangan.html
adb0878b	A snorkeller at the surface above a whale shark.	whale-sharks-koh-phangan.html
21912b6d	Divers watching a whale shark from a respectful distance.	whale-sharks-koh-phangan.html
f7521203	/ Whale sharks	whale-sharks-koh-phangan.html
a61a0b95	The biggest fish in the sea visits Sail Rock, an hour by boat from our pier in Chaloklum. Here is when they come, why they come, and how to give yourself the best chance of sharing the water with one.	whale-sharks-koh-phangan.html
f6f9fb8a	See the season	whale-sharks-koh-phangan.html
d0f230b4	Sail Rock · a visitor from the open sea	whale-sharks-koh-phangan.html
d09ae7aa	The animal · Rhincodon typus	whale-sharks-koh-phangan.html
45f8070a	A gentle	whale-sharks-koh-phangan.html
54cf0d15	giant	whale-sharks-koh-phangan.html
49d17f1a	Despite the name, the whale shark is a fish — the largest fish alive. It feeds by filtering plankton and tiny fish from the water, has no interest in people, and moves slowly enough that you can swim alongside it for a while.	whale-sharks-koh-phangan.html
b81bd663	Every whale shark has its own pattern of white spots, as unique as a fingerprint. The species is listed as endangered, which is one more reason to treat every encounter with respect.	whale-sharks-koh-phangan.html
66180baa	Diet	whale-sharks-koh-phangan.html
52b8f2cc	Plankton	whale-sharks-koh-phangan.html
990816b6	Danger	whale-sharks-koh-phangan.html
ec53a8c4	Status	whale-sharks-koh-phangan.html
e8ffc938	Endangered	whale-sharks-koh-phangan.html
a93c0df5	Best months	whale-sharks-koh-phangan.html
860f1984	Apr–Jun	whale-sharks-koh-phangan.html
59099e75	The whale	whale-sharks-koh-phangan.html
35333c67	shark season	whale-sharks-koh-phangan.html
b51e0d04	Whale sharks follow the plankton. From January to April the water around Sail Rock is full of it, the big schools of fish feed on it, and the whale sharks come in behind them. But they keep their own calendar.	whale-sharks-koh-phangan.html
f3664d67	January – March	whale-sharks-koh-phangan.html
02d31d40	Plankton builds up	whale-sharks-koh-phangan.html
34a43e42	Greener water and visibility of about 5–10 m, but a lot of food in it. We have had great encounters in February.	whale-sharks-koh-phangan.html
41101e08	The textbook season	whale-sharks-koh-phangan.html
9f6f8624	The months with the best chances, as the water starts to clear. If whale sharks are your goal, come now.	whale-sharks-koh-phangan.html
5a579661	July – October	whale-sharks-koh-phangan.html
5e0d9894	Clear water, a few surprises	whale-sharks-koh-phangan.html
4702601c	Sail Rock at its clearest. Sightings are rarer, but they happen — September has given us some of our best.	whale-sharks-koh-phangan.html
5590d867	Rough seas on some days. When it is unsafe the boat stays in, and you get a full refund.	whale-sharks-koh-phangan.html
c0c61189	Be realistic: the chance of seeing one on any given day is low. Nobody feeds or attracts whale sharks here — every encounter is completely natural, and that is exactly what makes it so special. And Sail Rock, with its barracuda, batfish and trevally, is a great dive on any day.	whale-sharks-koh-phangan.html
5e497e48	How to see one	whale-sharks-koh-phangan.html
9ec1eb6a	Diving or	whale-sharks-koh-phangan.html
f5ca7a69	snorkelling	whale-sharks-koh-phangan.html
81e04e07	Whale sharks feed near the surface as often as in the depths, so you do not need to be an experienced diver. The more days you spend at Sail Rock, the better your chances.	whale-sharks-koh-phangan.html
2a738e31	Two dives at Sail Rock with a maximum of four divers per guide, who know where to look.	whale-sharks-koh-phangan.html
1dd60fb8	Your open-water dives are at Sail Rock, so you might meet your first whale shark while you are still learning.	whale-sharks-koh-phangan.html
cbf4e9a0	Come on the same boat and snorkel at Sail Rock. When a whale shark feeds near the surface, snorkellers get the best view.	whale-sharks-koh-phangan.html
6a373948	Give it space	whale-sharks-koh-phangan.html
0a930504	In the water	whale-sharks-koh-phangan.html
f96e0d19	How to behave	whale-sharks-koh-phangan.html
56fadebf	around one	whale-sharks-koh-phangan.html
f1ca846b	A calm whale shark stays longer. These are the rules we brief on the boat, for divers and snorkellers alike.	whale-sharks-koh-phangan.html
92428b1a	Never touch it, and never try to ride or hold on	whale-sharks-koh-phangan.html
1c53e596	Keep 3–4 metres from its body and 4–5 metres from its tail	whale-sharks-koh-phangan.html
3f540246	Do not swim in front of it or block its path	whale-sharks-koh-phangan.html
31ddf5e0	Do not chase it: let it choose to stay	whale-sharks-koh-phangan.html
4039e516	No flash photography	whale-sharks-koh-phangan.html
ea90c742	Stay calm and keep your breathing slow — enjoy it	whale-sharks-koh-phangan.html
92bf5fad	Whale shark FAQ	whale-sharks-koh-phangan.html
3f0cc39c	When is whale shark season in Koh Phangan?	whale-sharks-koh-phangan.html
70eabfe7	The textbook season at Sail Rock is April to June. Whale sharks keep their own calendar, though: we have had great encounters in February and September too, and a sighting is possible at other times of the year.	whale-sharks-koh-phangan.html
aef44a97	Where can I see whale sharks near Koh Phangan?	whale-sharks-koh-phangan.html
11da92e8	At Sail Rock, the open-sea pinnacle between Koh Phangan and Koh Tao. It is the best place in this part of the Gulf of Thailand to meet them, and about an hour by boat from Chaloklum.	whale-sharks-koh-phangan.html
ef887ccd	Is a whale shark sighting guaranteed?	whale-sharks-koh-phangan.html
04adb142	No, and the chance on any single day is low. Nobody feeds or attracts whale sharks here: they come and go naturally with the plankton, which is what makes every encounter so special. Diving Sail Rock on several days during the season is the best way to improve your chances.	whale-sharks-koh-phangan.html
5f922e38	Are whale sharks dangerous?	whale-sharks-koh-phangan.html
28d4d59b	No. Whale sharks feed on plankton and small fish and are harmless to people. The only real risk is to the whale shark, which is why we ask everyone to keep their distance and never touch it.	whale-sharks-koh-phangan.html
9323431c	Can I see a whale shark without diving?	whale-sharks-koh-phangan.html
4a6f8619	Yes. Whale sharks often feed near the surface, and some of the most spectacular sightings we have had were while snorkelling. Snorkellers can join our boat to Sail Rock for 1,500฿.	whale-sharks-koh-phangan.html
8001d591	Do I need to be an experienced diver?	whale-sharks-koh-phangan.html
f9390c4c	No. Whale sharks swim at every depth and often near the surface, so Open Water students and snorkellers have as good a chance as experienced divers. What matters is being in the water on the right day.	whale-sharks-koh-phangan.html
dc8f9e6f	Will I get photos of the whale shark?	whale-sharks-koh-phangan.html
bc02c9f9	Rent an underwater camera for 600฿ or have your instructor film your dive for 800฿, and if a whale shark comes through, you take it home with you. Please remember: no flash.	whale-sharks-koh-phangan.html
3cd5c763	Look for	whale-sharks-koh-phangan.html
91c75cf7	a whale shark	whale-sharks-koh-phangan.html
5e758b1b	Send us your dates on WhatsApp. We will tell you honestly what has been seen at Sail Rock lately and which days look best.	whale-sharks-koh-phangan.html
226d1ab2	Ask on WhatsApp	whale-sharks-koh-phangan.html
dc8b2822	Read more in our	whale-sharks-koh-phangan.html
6c1f3b0f	SSI Advanced Open Water course	ssi-advanced-open-water-course.html
bbbca29c	Two-day SSI course with five adventure dives from Chaloklum, Koh Phangan: Deep and Navigation, plus usually Perfect Buoyancy, Photography and Fish ID. Certifies to 30 m. From 12 years old, straight after Open Water.	ssi-advanced-open-water-course.html
d1d73a8e	The SSI Advanced Open Water course in Koh Phangan: 2 days, 5 adventure dives (Deep, Navigation, Perfect Buoyancy, Photography, Fish ID), certified to 30 m, from 12 years old. Right after Open Water, 12,500฿ with everything included.	ssi-advanced-open-water-course.html
dc1a5506	SSI Advanced Open Water Course in Koh Phangan — 2 Days, 5 Dives, 12,500฿	ssi-advanced-open-water-course.html
11429386	A diver swimming alongside a huge school of jacks.	ssi-advanced-open-water-course.html
94817008	A school of jacks passing along the wall of Sail Rock.	ssi-advanced-open-water-course.html
9afb988e	/ Advanced Open Water	ssi-advanced-open-water-course.html
6e88f52f	Two days and five adventure dives that take you from new diver to confident diver, certified to 30 metres. You can start the day after your Open Water — 12,500฿ from Chaloklum, Koh Phangan, with everything included.	ssi-advanced-open-water-course.html
46180f23	Book Advanced	ssi-advanced-open-water-course.html
47021407	See the five dives	ssi-advanced-open-water-course.html
dcb41a85	From 18 to 30 metres	ssi-advanced-open-water-course.html
9ab70f01	The next	ssi-advanced-open-water-course.html
2764ca9d	step	ssi-advanced-open-water-course.html
d1381d4e	Open Water teaches you to dive. Advanced Open Water is where you start to enjoy it: better buoyancy, finding your own way underwater, going deeper safely, and paying attention to what is around you instead of to your equipment.	ssi-advanced-open-water-course.html
d949b1bc	Dives	ssi-advanced-open-water-course.html
eeedf685	12 years	ssi-advanced-open-water-course.html
68c72f84	The course	ssi-advanced-open-water-course.html
e5d9de39	Five	ssi-advanced-open-water-course.html
474cce86	adventure dives	ssi-advanced-open-water-course.html
6c30e82a	Deep and Navigation are part of every Advanced course. The other three are usually Perfect Buoyancy, Photography and Fish ID — the ones that make the most difference to the dives you will do next.	ssi-advanced-open-water-course.html
b651efdb	Required	ssi-advanced-open-water-course.html
21d01af1	Deep	ssi-advanced-open-water-course.html
d7774fa8	Down to 30 metres with your instructor: planning your air, recognising narcosis, and watching colours fade with depth.	ssi-advanced-open-water-course.html
846495f9	Navigation	ssi-advanced-open-water-course.html
b3a6c884	Compass and natural navigation, so you can lead the way and always find your way back to the boat.	ssi-advanced-open-water-course.html
94eeb985	Usually	ssi-advanced-open-water-course.html
8e7f450c	Perfect Buoyancy	ssi-advanced-open-water-course.html
41e36cea	Fine-tuning your weights and breathing to hover effortlessly — less air used, and no touching the reef.	ssi-advanced-open-water-course.html
a2a5c33e	Photography	ssi-advanced-open-water-course.html
c1106e13	The basics of taking photos underwater: getting close, staying still and using the light.	ssi-advanced-open-water-course.html
d0e91e47	Fish ID	ssi-advanced-open-water-course.html
7c9c1294	Learning to recognise the fish of the Gulf of Thailand, so every dive becomes more interesting.	ssi-advanced-open-water-course.html
ed256159	Sail Rock · where most dives happen	ssi-advanced-open-water-course.html
8b8c30e0	Where you dive	ssi-advanced-open-water-course.html
5d1d5180	More than	ssi-advanced-open-water-course.html
eabfaac2	one site	ssi-advanced-open-water-course.html
cededd12	Most Advanced dives take place at Sail Rock, whose walls drop to 40 metres — perfect for the Deep dive.	ssi-advanced-open-water-course.html
cc63dbc8	From January to May, when conditions there are usually better, we also dive Koh Ma or Little Sail Rock. That way you finish the course having dived more than one site, which is good practice in itself.	ssi-advanced-open-water-course.html
d599eb79	Our dive sites	ssi-advanced-open-water-course.html
773a7af3	Straight after	ssi-advanced-open-water-course.html
55b4c3ce	You do not need extra dives or experience: the four dives of your Open Water course are enough. Many of our students do both courses back to back and finish with five days of diving.	ssi-advanced-open-water-course.html
d0adf4bf	Open Water Diver certification	ssi-advanced-open-water-course.html
91b90ba7	From 12 years old — 12 to 14 year olds dive to a maximum of 21 metres	ssi-advanced-open-water-course.html
6107926e	A short medical questionnaire, as for every course	ssi-advanced-open-water-course.html
cc5a373a	Advanced FAQ	ssi-advanced-open-water-course.html
c377704f	How much is the SSI Advanced Open Water course in Koh Phangan?	ssi-advanced-open-water-course.html
3fe73d12	12,500฿ per person, with everything included: your SSI instructor, all the equipment, the boat days with lunch and drinks, and your certification. Underwater camera rental is 600฿ extra.	ssi-advanced-open-water-course.html
ed79a112	How long does the Advanced course take?	ssi-advanced-open-water-course.html
ac6ffb4c	Two days, with five adventure dives.	ssi-advanced-open-water-course.html
08e63a86	Is Advanced Open Water the same as Advanced Adventurer?	ssi-advanced-open-water-course.html
c88afa91	Yes. At the start of 2026 SSI renamed the Advanced Adventurer course to Advanced Open Water. The rating you get with four specialties and 24 logged dives is now called Advanced Specialty Diver.	ssi-advanced-open-water-course.html
3b04277e	Is SSI Advanced Open Water the same as PADI Advanced Open Water?	ssi-advanced-open-water-course.html
81fb5c18	They are equivalent: five adventure dives, with Deep and Navigation in both, certifying you to 30 metres. Each agency recognises the other's certification.	ssi-advanced-open-water-course.html
1346fa5d	Do I need more dives after Open Water?	ssi-advanced-open-water-course.html
12382f60	No. The four dives of your Open Water course are enough, and you can start Advanced the next day.	ssi-advanced-open-water-course.html
02f43c16	Which dives will I do?	ssi-advanced-open-water-course.html
965222d6	Deep and Navigation always. The other three are usually Perfect Buoyancy, Photography and Fish ID. If you have a different interest, tell us when you book.	ssi-advanced-open-water-course.html
a903c9f5	How deep can I dive after the course?	ssi-advanced-open-water-course.html
73ad4ea3	Down to 30 metres, or 21 metres for divers aged 12 to 14. To go to 40 metres, the next step is the Deep Specialty.	ssi-advanced-open-water-course.html
c1372491	What comes after Advanced?	ssi-advanced-open-water-course.html
398e3d39	The Specialty Diver course with Deep and Nitrox, which lets you dive the bottom of Sail Rock at 40 metres with longer bottom times, and the Rescue Diver course.	ssi-advanced-open-water-course.html
2a21dc92	Ready to go	ssi-advanced-open-water-course.html
6fefe1bc	further?	ssi-advanced-open-water-course.html
be4b47eb	Send us your dates on WhatsApp — on their own or straight after your Open Water — and we will confirm your place.	ssi-advanced-open-water-course.html
490dbb25	Not certified yet? Start with the	ssi-advanced-open-water-course.html
37fbd06d	, or see	ssi-advanced-open-water-course.html
67f9d6ba	all our courses	ssi-advanced-open-water-course.html
2ba8f3f1	SSI Deep and Nitrox courses	ssi-deep-nitrox-courses.html
07762da5	SSI Deep and Nitrox courses in Koh Phangan	ssi-deep-nitrox-courses.html
6ec4f404	Two days, four dives at Sail Rock: three Deep dives (18–24 m, 24–30 m, 30–40 m) and one on Nitrox, with theory on the boat and a final exam at the shop. From 15 years old.	ssi-deep-nitrox-courses.html
a613e42b	Two-day SSI specialty to 40 m at Sail Rock: gas planning, narcosis and no-decompression limits. From 15 years old.	ssi-deep-nitrox-courses.html
d621b541	SSI Enriched Air Nitrox specialty: theory only, or theory with two dives on nitrox. From 15 years old.	ssi-deep-nitrox-courses.html
245b86f5	Theory and two dives	ssi-deep-nitrox-courses.html
87711e83	SSI Deep and Nitrox in Koh Phangan: the Specialty Diver course in 2 days with 4 dives at Sail Rock, down to 40 m, from 15 years, 13,500฿. Or separately: Deep 8,500฿, Nitrox 4,500฿ theory or 7,500฿ with 2 dives.	ssi-deep-nitrox-courses.html
ebbc735b	SSI Deep &amp; Nitrox Courses in Koh Phangan — Specialty Diver 13,500฿	ssi-deep-nitrox-courses.html
af027a35	Divers on the deck of our boat between dives.	ssi-deep-nitrox-courses.html
ff6f4474	/ Deep and Nitrox	ssi-deep-nitrox-courses.html
a104fff8	Deep and Nitrox	ssi-deep-nitrox-courses.html
98d495b3	The two specialties that really change your diving: 40 metres at Sail Rock, and longer bottom times on every dive. Together they make the SSI Specialty Diver course — two days, four dives, 13,500฿.	ssi-deep-nitrox-courses.html
c17922bb	Book Deep + Nitrox	ssi-deep-nitrox-courses.html
017505a6	Take them separately	ssi-deep-nitrox-courses.html
6a9f3ef0	Sail Rock · down to 40 m	ssi-deep-nitrox-courses.html
b2d8f538	Our pick after Open Water	ssi-deep-nitrox-courses.html
e36e8ed7	Deep + Nitrox	ssi-deep-nitrox-courses.html
ecd06403	SSI awards the Specialty Diver rating for any two specialties. Of all the options, Deep and Enriched Air Nitrox are the two that genuinely extend what you can do — which is why we recommend them as the next step after Open Water.	ssi-deep-nitrox-courses.html
f3416fc7	15 years	ssi-deep-nitrox-courses.html
833ade9b	Usually taught by Boris, our lead instructor, in English or Spanish	ssi-deep-nitrox-courses.html
1c15a954	All equipment and nitrox tanks included	ssi-deep-nitrox-courses.html
02fd0b8e	Two SSI certifications plus the Specialty Diver rating	ssi-deep-nitrox-courses.html
bfb83f98	Four dives,	ssi-deep-nitrox-courses.html
256db51e	The Deep dives go down in three stages, so each new depth feels familiar before you go further. All of them happen at Sail Rock, whose walls drop to a sandy bottom at 40 metres.	ssi-deep-nitrox-courses.html
a66d00ff	Deep · 18–24 m	ssi-deep-nitrox-courses.html
eb6162bd	First step down	ssi-deep-nitrox-courses.html
26c17e8f	Just below your Open Water limit: checking your air more often, and how depth changes your no-decompression time.	ssi-deep-nitrox-courses.html
2130fa74	Deep · 24–30 m	ssi-deep-nitrox-courses.html
78737645	Getting comfortable	ssi-deep-nitrox-courses.html
ad6df53d	Planning your gas, noticing narcosis in yourself, and watching the colours fade as the light changes.	ssi-deep-nitrox-courses.html
1d2f0a44	Deep · 30–40 m	ssi-deep-nitrox-courses.html
181b19cc	The bottom of Sail Rock	ssi-deep-nitrox-courses.html
6483829d	Down to the sand at the base of the pinnacle, with a careful ascent and safety stop on the way up.	ssi-deep-nitrox-courses.html
227281ba	Nitrox	ssi-deep-nitrox-courses.html
c3fd9818	Diving on enriched air	ssi-deep-nitrox-courses.html
4cde0fbb	You analyse your own tank, label it and plan the dive for its mix — then enjoy the longer bottom time.	ssi-deep-nitrox-courses.html
dd40f7a5	The classroom is the boat	ssi-deep-nitrox-courses.html
7f954a34	Theory, seriously	ssi-deep-nitrox-courses.html
1a5231bd	Learning on	ssi-deep-nitrox-courses.html
783b1226	the way out	ssi-deep-nitrox-courses.html
3855771b	In these courses the theory really matters, and we treat it that way. We use the hour-long ride out to Sail Rock and the surface interval between dives to go through Deep and Nitrox theory, with the sea in front of you.	ssi-deep-nitrox-courses.html
7301ffea	On the last day, as with our Open Water courses, we go back to the shop after the boat for the written exam, and use it to clear up any last questions. Boris, our lead instructor, usually teaches these courses himself when they are in English or Spanish.	ssi-deep-nitrox-courses.html
69a50e8e	Separately	ssi-deep-nitrox-courses.html
56d401f7	One at	ssi-deep-nitrox-courses.html
222c05f1	a time	ssi-deep-nitrox-courses.html
bf6954d1	If you only want one of the two, each specialty can be taken on its own.	ssi-deep-nitrox-courses.html
bb2b5b0a	The three Deep dives down to 40 metres at Sail Rock, with the Deep theory and exam.	ssi-deep-nitrox-courses.html
2b1f94ef	Book	ssi-deep-nitrox-courses.html
d3cd3931	Theory · SSI	ssi-deep-nitrox-courses.html
6fd163dc	Nitrox · theory	ssi-deep-nitrox-courses.html
5cf20356	The Enriched Air Nitrox certification with theory and exam, no dives needed.	ssi-deep-nitrox-courses.html
70017258	Theory	ssi-deep-nitrox-courses.html
81b17d21	Theory + 2 dives · SSI	ssi-deep-nitrox-courses.html
c14de4db	Nitrox · with dives	ssi-deep-nitrox-courses.html
b9b55c25	The same certification plus two dives on nitrox at Sail Rock, to put it into practice straight away.	ssi-deep-nitrox-courses.html
c5473989	With 2 dives	ssi-deep-nitrox-courses.html
55902271	Deep and Nitrox FAQ	ssi-deep-nitrox-courses.html
1ebea93d	How much are the Deep and Nitrox courses in Koh Phangan?	ssi-deep-nitrox-courses.html
85358df6	The Specialty Diver course with Deep and Nitrox together is 13,500฿. Separately, Deep is 8,500฿, and Nitrox is 4,500฿ for the theory only or 7,500฿ with two dives. Equipment, nitrox tanks and lunch are included; underwater camera rental is 600฿.	ssi-deep-nitrox-courses.html
81f35100	What is the SSI Specialty Diver rating?	ssi-deep-nitrox-courses.html
856741c4	SSI gives you the Specialty Diver rating when you complete two specialty courses. We recommend Deep and Nitrox because they are the two that most extend the diving you can do afterwards.	ssi-deep-nitrox-courses.html
5c2c0461	How deep can I dive after the Deep Specialty?	ssi-deep-nitrox-courses.html
04b16ded	Down to 40 metres, the limit for recreational diving. At Sail Rock that means you can reach the sandy bottom at the base of the pinnacle.	ssi-deep-nitrox-courses.html
bf673787	What is Nitrox and why use it?	ssi-deep-nitrox-courses.html
217b738e	Nitrox, or enriched air, has more oxygen and less nitrogen than normal air. You absorb less nitrogen, which means longer no-decompression times and shorter surface intervals — very useful on a day with several dives. It does not let you dive deeper; in fact the course teaches you the maximum depth for each mix.	ssi-deep-nitrox-courses.html
b8566af8	What are the requirements?	ssi-deep-nitrox-courses.html
7c9187c1	An Open Water Diver certification and a minimum age of 15.	ssi-deep-nitrox-courses.html
b4b8a9fe	Who teaches the course?	ssi-deep-nitrox-courses.html
3f8f7b35	Usually Boris, our manager and lead instructor, when the course is in English or Spanish. He has been a dive professional since 2015 and has more than 5,000 dives.	ssi-deep-nitrox-courses.html
81bc4db4	Where does the theory happen?	ssi-deep-nitrox-courses.html
6e038585	Mostly on the boat: during the hour-long ride out to Sail Rock and the surface interval between dives. On the last day we finish at the shop with the written exam and time for any final questions.	ssi-deep-nitrox-courses.html
084ecb73	40 metres?	ssi-deep-nitrox-courses.html
609ddeff	Tell us your certification level and your dates on WhatsApp, and we will tell you which option fits best.	ssi-deep-nitrox-courses.html
a6ad9b85	See also the	ssi-deep-nitrox-courses.html
52482e52	Advanced Open Water course	ssi-deep-nitrox-courses.html
e81c4e4f	or	ssi-deep-nitrox-courses.html
f0660e9e	SSI Rescue Diver course	ssi-rescue-diver-course.html
9c26121a	Two-day SSI course: theory and confined-water skills on day one, then three rescue scenarios at Koh Ma on day two — stress and diver care, missing diver search and unconscious diver evacuation — never deeper than 9 m. From 12 years old.	ssi-rescue-diver-course.html
a14b5b44	The SSI Rescue Diver course in Koh Phangan: 2 days, theory and confined-water skills, then three rescue scenarios at Koh Ma — stress and diver care, missing diver search and unconscious diver — never deeper than 9 m. From 12 years, 11,600฿.	ssi-rescue-diver-course.html
9b9a5031	SSI Rescue Diver Course in Koh Phangan — 2 Days, 11,600฿	ssi-rescue-diver-course.html
92060ef1	Koh Ma from the air, joined to Koh Phangan by a sandbar, with the reef visible in clear water.	ssi-rescue-diver-course.html
76319f21	Divers having lunch at a beach restaurant at Koh Ma between rescue sessions.	ssi-rescue-diver-course.html
b64ca824	/ Rescue Diver	ssi-rescue-diver-course.html
be3d9367	The course that changes how you dive with other people. Two days to learn to prevent problems, recognise them early and manage them when they happen — practised in calm water, never deeper than 9 metres. 11,600฿.	ssi-rescue-diver-course.html
c8f6f5a8	Book Rescue	ssi-rescue-diver-course.html
eea61e46	See the two days	ssi-rescue-diver-course.html
4fc4a39a	Koh Ma · calm, shallow, no current	ssi-rescue-diver-course.html
29de7ae0	The buddy	ssi-rescue-diver-course.html
491338a3	everyone wants	ssi-rescue-diver-course.html
daada5c6	Rescue Diver is about looking after the people you dive with: seeing stress before it turns into panic, finding a diver who has gone missing, and bringing an unconscious diver safely to the surface and out of the water.	ssi-rescue-diver-course.html
0268088e	In-water sessions	ssi-rescue-diver-course.html
044d5c09	Exercises	ssi-rescue-diver-course.html
3325b4bb	Max 9 m	ssi-rescue-diver-course.html
f35320bc	Lunch on day two	ssi-rescue-diver-course.html
7ccb8d37	Two days,	ssi-rescue-diver-course.html
e60a8dae	The first day builds the skills one at a time. The second puts them together in realistic scenarios at Koh Ma, a calm coral garden ten minutes from Chaloklum.	ssi-rescue-diver-course.html
050a5b35	Theory and skills	ssi-rescue-diver-course.html
630233a3	Rescue theory, then each technique practised in confined water until it feels natural.	ssi-rescue-diver-course.html
e9f82180	Day two · Koh Ma	ssi-rescue-diver-course.html
6176421a	Stress and diver care	ssi-rescue-diver-course.html
ea7f12ce	Spotting a stressed diver, calming them and helping them, at the surface and underwater.	ssi-rescue-diver-course.html
20d31564	Missing diver search	ssi-rescue-diver-course.html
4a831b05	Organising a search pattern to find a diver who has lost the group.	ssi-rescue-diver-course.html
6c99fb3e	Unconscious diver	ssi-rescue-diver-course.html
18ef4839	Bringing an unconscious diver to the surface, giving rescue breaths and getting them out of the water.	ssi-rescue-diver-course.html
c31f293c	At the shop	ssi-rescue-diver-course.html
902491cd	Final exam	ssi-rescue-diver-course.html
9ac5a312	A written exam to go over any last questions — optional if you have already passed the exam online.	ssi-rescue-diver-course.html
0e0674a7	Lunch at Koh Ma between sessions	ssi-rescue-diver-course.html
74afca22	How we teach it	ssi-rescue-diver-course.html
e7b00d52	and safe	ssi-rescue-diver-course.html
754187a4	Rescue exercises are only useful if they feel real, and only responsible if they are safe. That is why every exercise happens at a maximum of 9 metres, in the calm water of Koh Ma.	ssi-rescue-diver-course.html
74679222	Day two mixes theory, practice and a proper lunch at a restaurant, with time to talk through each scenario before the next one.	ssi-rescue-diver-course.html
9060587e	Before	ssi-rescue-diver-course.html
79fcff9b	you start	ssi-rescue-diver-course.html
5880e402	From 12 years old	ssi-rescue-diver-course.html
640dc703	The SSI React Right specialty, or proof of a first aid and oxygen provider course taken in the last two years	ssi-rescue-diver-course.html
bb9a5caa	No first aid course yet? We run SSI React Right at the shop: first aid, oxygen provider and CPR in about two hours, for 4,300฿. Not sure whether your own course counts? Send us a photo of the certificate on WhatsApp.	ssi-rescue-diver-course.html
4d37406f	Rescue Diver FAQ	ssi-rescue-diver-course.html
28bcf426	How much is the SSI Rescue Diver course in Koh Phangan?	ssi-rescue-diver-course.html
9678f6b6	11,600฿ per person, including your SSI instructor, all the equipment, lunch on day two and your certification.	ssi-rescue-diver-course.html
d6dbf41b	How long does the Rescue Diver course take?	ssi-rescue-diver-course.html
e34ccfa0	Two days: theory and confined-water skills on the first day, and three rescue scenarios at Koh Ma on the second.	ssi-rescue-diver-course.html
e3a8da21	What do I need before the Rescue course?	ssi-rescue-diver-course.html
ad201c19	An Open Water Diver certification, plus the SSI React Right specialty or proof of a first aid and oxygen provider course in the last two years. The minimum age is 12.	ssi-rescue-diver-course.html
471fa7c0	Can I do the React Right course with you?	ssi-rescue-diver-course.html
eba3e0a8	Yes. We teach SSI React Right at the shop in about two hours, for 4,300฿. It covers first aid, oxygen provider and CPR, and you can do it the day before your Rescue course.	ssi-rescue-diver-course.html
c4d840e4	How deep are the rescue exercises?	ssi-rescue-diver-course.html
71a22633	Never deeper than 9 metres. The scenarios take place in the calm, current-free water of Koh Ma.	ssi-rescue-diver-course.html
19b58377	What will I practise in the water?	ssi-rescue-diver-course.html
669621d1	Three sessions: managing a stressed diver and caring for another diver, searching for a missing diver, and bringing an unconscious diver to the surface and out of the water.	ssi-rescue-diver-course.html
4cf3de87	Is there an exam?	ssi-rescue-diver-course.html
e1df9f8f	Yes. At the end we do a written exam at the shop to go over any last questions. If you have already passed the exam online and would rather not repeat it on paper, you do not have to.	ssi-rescue-diver-course.html
4c1b376e	a Rescue Diver?	ssi-rescue-diver-course.html
e49498f7	Send us your dates and a photo of your first aid certificate on WhatsApp, and we will confirm your place.	ssi-rescue-diver-course.html
7321a667	Also see our	ssi-rescue-diver-course.html
db3fff9c	Deep and Nitrox courses	ssi-rescue-diver-course.html
650ecf18	SSI Divemaster course	ssi-divemaster-course.html
dd6070de	SSI Divemaster	ssi-divemaster-course.html
08b3a9d3	One-month SSI Divemaster course in Koh Phangan, mentored personally by our lead instructor, with unlimited diving and the Science of Diving specialty included. Only two or three candidates a year.	ssi-divemaster-course.html
77ac7863	Become an SSI Divemaster in Koh Phangan: one month of mentoring with our lead instructor, unlimited diving at Sail Rock and around Koh Phangan, Science of Diving included. Only 2–3 candidates a year. 36,000฿.	ssi-divemaster-course.html
1b2d2cd2	SSI Divemaster Course in Koh Phangan — 1 Month, Unlimited Diving, 36,000฿	ssi-divemaster-course.html
ee82bc26	A guide leading divers through a canyon between two coral-covered walls.	ssi-divemaster-course.html
1b785e2d	Google reviews from our divemasters	ssi-divemaster-course.html
20ef3266	/ Divemaster	ssi-divemaster-course.html
b6e15541	One month, unlimited diving and a mentor who works alongside you every day. We train only two or three divemasters a year, so each one gets real time, real responsibility and a real place on the boat. 36,000฿.	ssi-divemaster-course.html
51744af3	Ask for an interview	ssi-divemaster-course.html
5a2ebfb8	Requirements	ssi-divemaster-course.html
61cb5a42	Unlimited diving for a month	ssi-divemaster-course.html
26d647dc	Your first step	ssi-divemaster-course.html
b44188be	as a professional	ssi-divemaster-course.html
3810659f	SSI Divemaster is the first professional rating: you learn to plan dives, brief a boat full of divers and guide them underwater. Here you learn it with Boris, our manager and lead instructor, who runs every Divemaster course himself.	ssi-divemaster-course.html
b87d3bca	Diving	ssi-divemaster-course.html
545f6c2f	Unlimited	ssi-divemaster-course.html
1f283b39	18 years	ssi-divemaster-course.html
4e77d12d	Per year	ssi-divemaster-course.html
2dda2c95	2–3 candidates	ssi-divemaster-course.html
ed52fd32	One-to-one mentoring with Boris	ssi-divemaster-course.html
a9b175b7	Unlimited diving during the course	ssi-divemaster-course.html
daee985e	SSI Science of Diving specialty included	ssi-divemaster-course.html
b72c6def	Equipment on loan when you need it	ssi-divemaster-course.html
d83704d4	Help finding accommodation and good second-hand gear	ssi-divemaster-course.html
27cff052	Not included: your annual SSI professional fees, paid to SSI when you certify.	ssi-divemaster-course.html
54572585	Boris · Chaloklum pier	ssi-divemaster-course.html
0db66c1c	Experience,	ssi-divemaster-course.html
7c4b1d3e	not a classroom	ssi-divemaster-course.html
9046a0c0	This is not a course about learning a lot of theory. It is about sharing experience, and that means spending a lot of time together — on the boat, in the water and in the shop.	ssi-divemaster-course.html
5ffda18b	You will assist different guides and instructors, sometimes at other dive centres too. Seeing people work in different ways is how you learn the most, and how you find your own way of doing things.	ssi-divemaster-course.html
62409477	During the month	ssi-divemaster-course.html
164cb95d	What you	ssi-divemaster-course.html
a49156bd	will do	ssi-divemaster-course.html
0a6ac614	A divemaster's job is guiding certified divers, so that is what the month is built around — step by step, always with someone experienced beside you.	ssi-divemaster-course.html
08bc3591	From day one	ssi-divemaster-course.html
7c2fc323	Assist the guides	ssi-divemaster-course.html
e6f8a6b6	Diving next to our guides, watching how they manage a group and helping them do it.	ssi-divemaster-course.html
195aa86a	On the boat	ssi-divemaster-course.html
70e60462	Boat briefings	ssi-divemaster-course.html
b99705bc	Explaining to every guest how the boat works and how to move around it safely.	ssi-divemaster-course.html
7242ce25	Under supervision	ssi-divemaster-course.html
9b33012b	Dive briefings	ssi-divemaster-course.html
52ca59ff	Planning the dive and briefing the group, with feedback after every one.	ssi-divemaster-course.html
1f618346	Guiding	ssi-divemaster-course.html
22602065	Leading divers underwater at Sail Rock and our other sites, with a professional behind you.	ssi-divemaster-course.html
bec8fd4b	Behind the scenes	ssi-divemaster-course.html
6bf565e4	The dive shop	ssi-divemaster-course.html
738d63ee	How a dive centre runs day to day, and how the equipment is looked after.	ssi-divemaster-course.html
99f35f74	To certify	ssi-divemaster-course.html
6ac65708	What you need	ssi-divemaster-course.html
cf35f7a5	to pass	ssi-divemaster-course.html
c53a0e1b	Physical tests	ssi-divemaster-course.html
9bcc8cb0	A demonstration of the Open Water skills	ssi-divemaster-course.html
2b443a2c	The Divemaster exam and the Science of Diving exam	ssi-divemaster-course.html
655ade96	Assessments of a briefing, of guiding underwater and of a rescue	ssi-divemaster-course.html
21575e66	Briefing and guiding a deep dive or a low-visibility dive	ssi-divemaster-course.html
97b4d127	At least 60 logged dives by the end of the course	ssi-divemaster-course.html
39912295	Deep, Night and Navigation	ssi-divemaster-course.html
bf49a2af	Before you start	ssi-divemaster-course.html
be377c6e	An interview with Boris first	ssi-divemaster-course.html
fccd73f3	18 years old	ssi-divemaster-course.html
830407cc	SSI Rescue Diver and React Right	ssi-divemaster-course.html
d3a86d4c	Proven experience in Deep, Night and Navigation: Advanced Open Water, or those three specialties	ssi-divemaster-course.html
f8a28b9a	40 logged dives to start	ssi-divemaster-course.html
5b2c2705	A medical statement signed by a doctor	ssi-divemaster-course.html
93bdb2cb	Your own mask and dive computer from the start	ssi-divemaster-course.html
2aee9174	No Advanced yet? We offer the Deep, Night and Navigation specialties together for 18,500฿. We recommend them over the Advanced: as a divemaster you cannot guide divers deeper than your own certification allows, and navigation is one of the most important skills a guide has.	ssi-divemaster-course.html
dd3d3a25	After the course	ssi-divemaster-course.html
347471ec	Working with us	ssi-divemaster-course.html
48c1aa87	Good divemasters can stay on and work with us. Lily finished the Divemaster with us in 2026 and now guides on our boat.	ssi-divemaster-course.html
02c9ae4b	About equipment: it is best to have your own full set by the end of the course, because you will need it to work. We know it is expensive, so we lend gear during the course and help you find good second-hand equipment.	ssi-divemaster-course.html
92e1fc02	What our divemasters say	ssi-divemaster-course.html
1bd04a31	Arsh P.	ssi-divemaster-course.html
c2c57e80	Parth A.	ssi-divemaster-course.html
7acea768	Dylan	ssi-divemaster-course.html
1fb5e88a	All reviews on Google Maps	ssi-divemaster-course.html
ad37b743	Divemaster FAQ	ssi-divemaster-course.html
7273fc62	How much is the SSI Divemaster course in Koh Phangan?	ssi-divemaster-course.html
e1867150	36,000฿, with one month of mentoring, unlimited diving and the Science of Diving specialty included. At the end you pay your annual SSI professional fees directly to SSI.	ssi-divemaster-course.html
a036f7a3	How long does the Divemaster course take?	ssi-divemaster-course.html
de47a5af	About one month. You need at least 60 logged dives to certify, and the unlimited diving is there to get you there.	ssi-divemaster-course.html
8b6b6481	18 years old, SSI Rescue Diver and React Right, Advanced Open Water or the Deep, Night and Navigation specialties, 40 logged dives to start, a medical statement signed by a doctor, and an interview with Boris.	ssi-divemaster-course.html
59d542b4	I don't have the Advanced. What should I do?	ssi-divemaster-course.html
415acf7d	We offer the Deep, Night and Navigation specialties together for 18,500฿. They are more useful than the Advanced for a future guide: you can only guide divers as deep as your own certification allows, and navigation is essential for guiding.	ssi-divemaster-course.html
a165f740	Do I need my own equipment?	ssi-divemaster-course.html
9d421b65	A mask and a dive computer from the first day. We lend the rest during the course and help you find good second-hand gear, but ideally you should have your own full set by the end, when you start working.	ssi-divemaster-course.html
f590d568	Boris, our manager and lead instructor, teaches every Divemaster course himself. He has been a dive professional since 2015, an instructor since 2022, and has more than 5,000 dives.	ssi-divemaster-course.html
a04484d1	Can I work with you after the course?	ssi-divemaster-course.html
243520ce	Yes, it is possible. Our divemasters can stay on and work with us — Lily, who certified in 2026, is guiding on our boat now.	ssi-divemaster-course.html
560e89b7	Do you help with accommodation?	ssi-divemaster-course.html
413bbd82	Yes. We help you find somewhere to stay for the month.	ssi-divemaster-course.html
0bdd1f8d	Thinking about	ssi-divemaster-course.html
70d9760d	going pro?	ssi-divemaster-course.html
3c647edd	Every Divemaster starts with a conversation. Message Boris on WhatsApp with your certifications, number of dives and when you would like to start.	ssi-divemaster-course.html
fe6221cf	Still working towards it? See the	ssi-divemaster-course.html
b131636c	Rescue Diver course	ssi-divemaster-course.html
71d20a8e	Diving health and safety	diving-health-safety.html
d1e5efc7	Flying after diving, diving with diabetes, decompression sickness, colds and ears, alcohol and hazardous marine life: practical advice for divers in Koh Phangan, based on Divers Alert Network (DAN) guidelines.	diving-health-safety.html
54a6232d	Practical dive health advice from our Koh Phangan dive centre: how long to wait before flying, diving with diabetes, signs of decompression sickness, colds and ears, alcohol, and the marine life to keep your hands off.	diving-health-safety.html
294d870e	Diving Health and Safety — Flying After Diving, Diabetes, DCS | Koh Phangan	diving-health-safety.html
4f18bd9d	A diver pinching the nose to equalise while descending along a reef wall.	diving-health-safety.html
3c7c1b96	A diver giving the OK sign underwater.	diving-health-safety.html
8b4a9ead	A diver silhouetted against the sun during a slow ascent.	diving-health-safety.html
2e6134c5	A box jellyfish with long trailing tentacles in blue water.	diving-health-safety.html
ab54e468	A well-camouflaged scorpionfish resting on the sandy bottom.	diving-health-safety.html
0e3557fd	/ Health and safety	diving-health-safety.html
3f33fdb3	Diving health	diving-health-safety.html
e1044c10	and safety	diving-health-safety.html
fe69ca54	The questions we are asked every week on the boat: when can I fly, can I dive with a cold, is diabetes a problem, what does decompression sickness feel like? Here are clear answers, based on the guidelines of Divers Alert Network (DAN).	diving-health-safety.html
3511e129	Flying after diving	diving-health-safety.html
1d76aecd	Signs of DCS	diving-health-safety.html
72459cfb	Feeling OK is the first rule	diving-health-safety.html
c91e25be	Before you dive	diving-health-safety.html
14b3af76	Honest answers,	diving-health-safety.html
1cca51a6	safe dives	diving-health-safety.html
69bd788b	Every diver fills in a short medical questionnaire. Answer it honestly: some conditions only need a doctor's signature before you dive, and it is much better to know that before the boat leaves.	diving-health-safety.html
d7e27137	A cold or blocked nose: wait until it clears — you will not be able to equalise	diving-health-safety.html
e0b25a9f	Equalise early and often on the way down, and never force it	diving-health-safety.html
afbd1cd7	Drink plenty of water; heat and sun dehydrate you fast	diving-health-safety.html
863f0a92	No alcohol the night before — Full Moon Party included	diving-health-safety.html
e26b2e42	Pregnant? Do not dive; come snorkelling with us instead	diving-health-safety.html
3ae8732b	Asthma, heart conditions, epilepsy or recent surgery: talk to a doctor first	diving-health-safety.html
53e600e1	How long	diving-health-safety.html
e417b96c	to wait	diving-health-safety.html
a1d4ef49	After diving your body still holds extra nitrogen, and the lower pressure in a plane cabin can turn it into decompression sickness. DAN recommends these minimum surface intervals — longer is always better.	diving-health-safety.html
0cc28f09	One dive	diving-health-safety.html
958e11e6	A single no-decompression dive	diving-health-safety.html
3d49fc9f	Wait at least 12 hours before flying.	diving-health-safety.html
90d4e85b	Several dives	diving-health-safety.html
733b84af	Repetitive dives or several days	diving-health-safety.html
8048523e	Wait at least 18 hours. This is the one that applies to a normal two-dive day and to every course.	diving-health-safety.html
1a84e8c9	Decompression	diving-health-safety.html
868b81e4	A dive with mandatory stops	diving-health-safety.html
636aed7f	Wait at least 24 hours.	diving-health-safety.html
3bd1d314	Taking the ferry is fine: you are back at Chaloklum pier around 15:30, in time for a 17:00 ferry. Just plan your last dive day around your flight from Koh Samui, Surat Thani or Bangkok.	diving-health-safety.html
1f8ced3d	Slow ascents, safety stops	diving-health-safety.html
7b429dba	Decompression sickness	diving-health-safety.html
56b559b2	Know	diving-health-safety.html
57b5d113	the signs	diving-health-safety.html
6ec2bfd6	Decompression sickness (DCS) is rare in recreational diving, and slow ascents, safety stops and staying within your computer's limits make it rarer still. But every diver should recognise it, because early oxygen and treatment make a real difference.	diving-health-safety.html
a3f957b1	Mild symptoms	diving-health-safety.html
e876d61b	Pain in muscles or joints	diving-health-safety.html
5a1c9353	Skin rash, mottling or swelling	diving-health-safety.html
714a6ddf	Unusual tiredness or feeling generally unwell	diving-health-safety.html
e5eab977	Serious symptoms	diving-health-safety.html
27857cf0	Numbness, tingling or muscle weakness	diving-health-safety.html
c1698f33	Difficulty walking or loss of coordination	diving-health-safety.html
8425e65d	Confusion, dizziness or a spinning sensation	diving-health-safety.html
cc0d09f5	Chest pain or difficulty breathing	diving-health-safety.html
3d9f1a37	Bladder or bowel problems	diving-health-safety.html
494a39eb	Ringing in the ears or hearing loss	diving-health-safety.html
b5e56725	If you notice any of these after diving, do not fly and do not wait to see if it passes: tell us, get medical help straight away, and call DAN's 24-hour emergency hotline on	diving-health-safety.html
bc8630e0	Diving with diabetes	diving-health-safety.html
6655c92f	Yes, with	diving-health-safety.html
96cfce01	a plan	diving-health-safety.html
53bf6059	Many people with diabetes dive safely. DAN's guidelines set out who can dive and how to manage blood glucose on a dive day. Talk to your doctor, and tell us and your buddy before the dive.	diving-health-safety.html
f36bc9a3	Who can dive	diving-health-safety.html
299d3f37	Well controlled	diving-health-safety.html
1c713b7f	18 years or older	diving-health-safety.html
c31681eb	HbA1c of 9% or less, in good overall health	diving-health-safety.html
836461a1	Under medical supervision, with no new medication	diving-health-safety.html
591b93a8	No history of unnoticed hypos, or hypos that needed someone else's help	diving-health-safety.html
d54719f1	On the day	diving-health-safety.html
044d598c	Check your glucose	diving-health-safety.html
7c79b523	Test 60, 30 and 0 minutes before the dive	diving-health-safety.html
db883664	Enter the water at 150 mg/dL (8.3 mmol/L) or more, stable or rising	diving-health-safety.html
3f4d98b8	Delay the dive below 150 or above 300 mg/dL (16.7 mmol/L)	diving-health-safety.html
3807ebd2	Carry fast glucose, and keep checking for 12–15 hours after diving	diving-health-safety.html
c1cd92f7	Avoid	diving-health-safety.html
59933cd2	Keep it simple	diving-health-safety.html
0c40dd90	Dives deeper than 30 m or longer than 60 minutes	diving-health-safety.html
653505c7	Decompression dives and overhead environments	diving-health-safety.html
1f10eb65	Cold or very strenuous dives	diving-health-safety.html
4d5bbe6f	A buddy who is also diabetic	diving-health-safety.html
1e0ff103	If you feel any symptoms during a dive, signal your buddy, end the dive, surface and get checked.	diving-health-safety.html
c244cc5f	Look, don't touch	diving-health-safety.html
f162f667	Marine life	diving-health-safety.html
08996860	to respect	diving-health-safety.html
16bd3f5c	Almost nothing in the Gulf of Thailand is dangerous if you keep your hands to yourself and your fins off the bottom. A few animals deserve extra respect.	diving-health-safety.html
35633186	Surface and shallows	diving-health-safety.html
20c73470	Box jellyfish	diving-health-safety.html
b6385af9	Their stings are very painful and can be serious. If stung, get out of the water, pour vinegar over the area for at least 30 seconds, do not rub it, and get medical help.	diving-health-safety.html
d1ed99ad	On the bottom	diving-health-safety.html
a6469ed6	Scorpionfish and stonefish	diving-health-safety.html
6078522a	Masters of camouflage with venomous spines. Never put a hand or knee down without looking. A sting needs hot water — as hot as you can bear — and a doctor.	diving-health-safety.html
13787cfb	Everywhere	diving-health-safety.html
e3213834	Urchins, coral and anemones	diving-health-safety.html
f7269ab7	Sea urchin spines, fire coral and some anemones sting or cut. Good buoyancy is the best protection — for you and for the reef.	diving-health-safety.html
30c2d402	Health FAQ	diving-health-safety.html
fca7ace8	How long should I wait to fly after diving?	diving-health-safety.html
7ccd6402	DAN recommends at least 12 hours after a single no-decompression dive, 18 hours after repetitive dives or several days of diving, and 24 hours after a decompression dive. For a normal two-dive day or a course, plan on 18 hours.	diving-health-safety.html
4f70b706	Can I dive with a cold?	diving-health-safety.html
73f781a5	Better not. A blocked nose or sinuses make it hard or impossible to equalise, which can damage your ears. Decongestants can wear off during the dive. Wait until you can breathe clearly through your nose.	diving-health-safety.html
94fbb707	Can I dive with diabetes?	diving-health-safety.html
05e0c5d5	Often, yes. DAN's guidelines allow adults with well-controlled diabetes to dive with careful glucose checks before and after each dive, and some limits on depth and dive time. Talk to your doctor and tell us before you book.	diving-health-safety.html
6d17914b	Can I dive the day after the Full Moon Party?	diving-health-safety.html
727f1265	Alcohol and dehydration raise the risk of decompression sickness and make you less alert. If you have been drinking heavily the night before, move your dive by a day — we will happily change it.	diving-health-safety.html
77ab0dce	What are the symptoms of decompression sickness?	diving-health-safety.html
1a6aa2c6	Mild signs include joint or muscle pain, skin rash or mottling and unusual tiredness. Serious signs include numbness, tingling or weakness, difficulty walking, confusion, dizziness, chest pain or breathing difficulty, and hearing problems. With any of them, do not fly, get medical help and call DAN.	diving-health-safety.html
8c1ee3a1	Can I dive if I am pregnant?	diving-health-safety.html
1cfd766c	No. Diving is not recommended at any stage of pregnancy. You are very welcome on the boat to snorkel at Sail Rock instead.	diving-health-safety.html
ccf3f9a5	Can I dive with asthma?	diving-health-safety.html
c45127dd	Sometimes. It depends on how well controlled it is and what triggers it, so you need a doctor to assess you and sign the medical form before diving.	diving-health-safety.html
4b08fb81	This page is general information, not medical advice. If you have any doubt about your fitness to dive, ask a doctor with dive medicine experience or contact DAN.	diving-health-safety.html
3eb093bc	A question about	diving-health-safety.html
94d8d521	your health?	diving-health-safety.html
4c0d4a31	Message us on WhatsApp before you book. We will tell you honestly whether you need a doctor's signature first.	diving-health-safety.html
6a701f6e	Marine life of Koh Phangan	marine-life-koh-phangan.html
69a0ba2f	A photo guide to twenty-two kinds of fish and creatures seen diving Sail Rock and Koh Ma, photographed by our team, with their scientific names.	marine-life-koh-phangan.html
0e55b5b6	A photo guide to the marine life you can see diving Koh Phangan: bigeye trevally, barracuda and batfish at Sail Rock, clownfish, nudibranchs, cuttlefish, leopard sharks and more — all photographed by our team.	marine-life-koh-phangan.html
b888d5d3	Marine Life of Koh Phangan — Fish and Creatures of Sail Rock and Koh Ma	marine-life-koh-phangan.html
9a4c6bb9	A diver swimming beneath a huge school of jacks at Sail Rock.	marine-life-koh-phangan.html
95cfa2b3	A large school of bigeye trevally in the blue.	marine-life-koh-phangan.html
3a29ecf4	A school of batfish in blue water.	marine-life-koh-phangan.html
f24347bb	A Spanish mackerel swimming in open blue water.	marine-life-koh-phangan.html
c51992ec	A longfin bannerfish swimming over hard corals, with reef fish behind it.	marine-life-koh-phangan.html
11a85d23	Two clownfish in an anemone on the sand.	marine-life-koh-phangan.html
bea6e5e1	A juvenile yellow boxfish swimming between corals and anemones.	marine-life-koh-phangan.html
272066ae	A scrawled filefish hovering beside the wall of Sail Rock.	marine-life-koh-phangan.html
4dcc9de0	A moray eel looking out of a crack in the reef, next to a sea urchin.	marine-life-koh-phangan.html
45c980a5	A large Malabar grouper swimming over the reef with small fish above.	marine-life-koh-phangan.html
e3708ce8	Colourful Christmas tree worms dotted over a boulder of hard coral.	marine-life-koh-phangan.html
c788bbdc	A banded boxer shrimp with long white antennae in a crack in the reef.	marine-life-koh-phangan.html
6b3739e0	A yellow and blue nudibranch on the reef.	marine-life-koh-phangan.html
a9bcd85f	A large barrel sponge seen from above, with a fish inside.	marine-life-koh-phangan.html
b3e01efc	Two cuttlefish hovering over the sand.	marine-life-koh-phangan.html
791157d7	A sole lying flat and camouflaged on the sand.	marine-life-koh-phangan.html
670fc2d0	A crocodilefish camouflaged on the sandy bottom.	marine-life-koh-phangan.html
dc90e194	A young striped leopard shark resting on the sand.	marine-life-koh-phangan.html
edd94f1d	A hermit crab walking across the sand with its shell.	marine-life-koh-phangan.html
f9d288ab	A stonefish on the bottom, looking exactly like a lumpy rock.	marine-life-koh-phangan.html
b65bcc61	/ Marine life	marine-life-koh-phangan.html
41e923d7	of Koh Phangan	marine-life-koh-phangan.html
c88aec40	What you can meet diving Sail Rock and Koh Ma, from schools of hundreds of jacks to nudibranchs smaller than your thumb. Every photo on this page was taken on our own dives.	marine-life-koh-phangan.html
4fd1b7df	On the reef	marine-life-koh-phangan.html
172edb79	In the blue	marine-life-koh-phangan.html
1b2feb81	Big schools	marine-life-koh-phangan.html
149129ef	Sail Rock stands alone in open water, so the fish of the open sea gather around it in numbers you rarely see elsewhere.	marine-life-koh-phangan.html
d81290a4	Bigeye trevally	marine-life-koh-phangan.html
189295d1	(Caranx sexfasciatus)	marine-life-koh-phangan.html
a4ec94e9	The "jacks" of Sail Rock. Hundreds hang together in the blue off the walls, and sometimes swirl into a tornado around divers.	marine-life-koh-phangan.html
88e52f2a	Pickhandle barracuda	marine-life-koh-phangan.html
8e01a7e9	(Sphyraena jello)	marine-life-koh-phangan.html
78e33120	Silver and torpedo-shaped, usually in big, slow schools right beside the rock. They look fierce but ignore divers completely.	marine-life-koh-phangan.html
36f639c2	Batfish	marine-life-koh-phangan.html
7d05e450	(Platax spp.)	marine-life-koh-phangan.html
2155d4e8	Tall, flat and curious. They often drift in close to have a look at divers, especially while you hang at the safety stop.	marine-life-koh-phangan.html
c7497b53	Spanish mackerel	marine-life-koh-phangan.html
3625eb08	(Scomberomorus commerson)	marine-life-koh-phangan.html
9063069b	A fast open-water hunter that cuts through the schools at speed. You usually see one pass, not stay.	marine-life-koh-phangan.html
f60eb844	Colour and	marine-life-koh-phangan.html
4c19d7f6	small things	marine-life-koh-phangan.html
76c91b13	Look closely at the walls, the coral and every crack: the smaller life is where most of the colour is.	marine-life-koh-phangan.html
b1aa1811	Reef	marine-life-koh-phangan.html
e47c7b33	Longfin bannerfish	marine-life-koh-phangan.html
bb0c9b67	(Heniochus acuminatus)	marine-life-koh-phangan.html
abcedbb4	Black and white stripes with a long white fin trailing behind, often in pairs over the coral.	marine-life-koh-phangan.html
d7dd6809	Reef and sand	marine-life-koh-phangan.html
de19fad0	Clownfish	marine-life-koh-phangan.html
ea8542c1	(Amphiprion sebae)	marine-life-koh-phangan.html
e8c5bc34	Living in their anemone and defending it fiercely — even against divers a hundred times their size.	marine-life-koh-phangan.html
331bb2ad	Yellow boxfish	marine-life-koh-phangan.html
1f7a87d6	(Ostracion cubicus)	marine-life-koh-phangan.html
4d90091f	Young ones are bright yellow with black spots and swim like tiny dice. Adults turn duller with age.	marine-life-koh-phangan.html
1f5c5ce5	Walls	marine-life-koh-phangan.html
e18afb20	Scrawled filefish	marine-life-koh-phangan.html
67898489	(Aluterus scriptus)	marine-life-koh-phangan.html
fa285c52	Covered in blue scribbles and spots, with rough, file-like skin. It hangs by the wall and turns to keep watching you.	marine-life-koh-phangan.html
3449d4ba	Cracks and holes	marine-life-koh-phangan.html
5c9a6b63	Moray eel	marine-life-koh-phangan.html
ec56dccb	(Gymnothorax spp.)	marine-life-koh-phangan.html
998bc880	Heads poking out of the rock, opening and closing their mouths to breathe. No threat — as long as your hands stay out of holes.	marine-life-koh-phangan.html
10bd48d9	Malabar grouper	marine-life-koh-phangan.html
cc1429fa	(Epinephelus malabaricus)	marine-life-koh-phangan.html
37b281ad	A big, heavy-bodied grouper that patrols the reef slowly and often lets divers come quite close.	marine-life-koh-phangan.html
12c58e80	Hard coral	marine-life-koh-phangan.html
d1404c2d	Christmas tree worms	marine-life-koh-phangan.html
3ae3d4d3	(Spirobranchus spp.)	marine-life-koh-phangan.html
5314f4e2	Tiny coloured spirals dotted over the coral that vanish into their tubes the moment you get close.	marine-life-koh-phangan.html
91b2c2e8	Under ledges	marine-life-koh-phangan.html
aba85ea8	Banded boxer shrimp	marine-life-koh-phangan.html
3a9cd60c	(Stenopus hispidus)	marine-life-koh-phangan.html
012ded76	Red-and-white striped with long white antennae, often upside down under a ledge waiting to clean fish.	marine-life-koh-phangan.html
4374cf34	Macro	marine-life-koh-phangan.html
269eba38	Nudibranchs	marine-life-koh-phangan.html
4a299434	(Nudibranchia)	marine-life-koh-phangan.html
a700b5db	Sea slugs in impossible colours. Small and slow: the reward for divers with good buoyancy and patience.	marine-life-koh-phangan.html
2bd3a03f	Barrel sponge	marine-life-koh-phangan.html
8f9f5e10	(Xestospongia testudinaria)	marine-life-koh-phangan.html
d5f08f25	Giant sponges that filter huge amounts of water every day, and often shelter a fish or two inside.	marine-life-koh-phangan.html
a0c5444c	On the sand	marine-life-koh-phangan.html
ad43feb6	Masters of	marine-life-koh-phangan.html
98f5c5ba	camouflage	marine-life-koh-phangan.html
66aab247	The sandy patches look empty until something moves. Slow down and let your eyes adjust.	marine-life-koh-phangan.html
cec7ca17	Sand	marine-life-koh-phangan.html
3792dc96	Cuttlefish	marine-life-koh-phangan.html
ed6d0f20	(Sepia spp.)	marine-life-koh-phangan.html
11c11e13	Masters of colour change that hover over the sand and change their skin while you watch. Often seen in pairs.	marine-life-koh-phangan.html
9df36c70	Ovate sole	marine-life-koh-phangan.html
42d31032	(Solea ovata)	marine-life-koh-phangan.html
14be0628	A flat fish with both eyes on one side of its head, almost invisible on the sand until it moves.	marine-life-koh-phangan.html
e50a6e97	Crocodilefish	marine-life-koh-phangan.html
4b8023a0	(Papilloculiceps longiceps)	marine-life-koh-phangan.html
ad2f086a	Long, flat and camouflaged, waiting for small fish to come too close. Look for the eyes.	marine-life-koh-phangan.html
4f0c62b6	Leopard shark	marine-life-koh-phangan.html
72629d1d	(Stegostoma tigrinum)	marine-life-koh-phangan.html
597e8ee3	Also called zebra shark: the young, like this one, are striped and the adults spotted. Calm and harmless, usually resting on the bottom.	marine-life-koh-phangan.html
fb77aa18	Hermit crab	marine-life-koh-phangan.html
a2c76c53	(Paguroidea)	marine-life-koh-phangan.html
62dab143	Carries a borrowed shell on its back and moves house as it grows.	marine-life-koh-phangan.html
a2f8d8af	Big visitors and hazards	marine-life-koh-phangan.html
c3cbc4bd	With luck,	marine-life-koh-phangan.html
29f30570	and with care	marine-life-koh-phangan.html
55dc3cb4	The one everyone hopes to see, and the two everyone should recognise before putting a hand down.	marine-life-koh-phangan.html
4aead131	The biggest fish in the sea visits Sail Rock to feed on plankton, most often from April to June.	marine-life-koh-phangan.html
9867b024	Scorpionfish	marine-life-koh-phangan.html
9162c5ab	(Scorpaenidae)	marine-life-koh-phangan.html
c5555856	Perfectly camouflaged, with venomous spines. Never put a hand or knee down without looking.	marine-life-koh-phangan.html
84686930	Marine life to respect	marine-life-koh-phangan.html
f69e8e26	Stonefish	marine-life-koh-phangan.html
42afd423	(Synanceia spp.)	marine-life-koh-phangan.html
b8042070	Looks exactly like a lumpy rock, and has the most venomous spines of any fish. Watch where you put your hands and knees.	marine-life-koh-phangan.html
694d1ff0	Marine life FAQ	marine-life-koh-phangan.html
b800c0d6	What marine life can you see at Sail Rock?	marine-life-koh-phangan.html
5c7900bb	Mostly big schools: bigeye trevally, barracuda and batfish around the pinnacle, with hunters like Spanish mackerel passing through. On the walls there are morays, filefish, Christmas tree worms and nudibranchs, and from time to time a whale shark.	marine-life-koh-phangan.html
ea2bfa39	What can you see at Koh Ma?	marine-life-koh-phangan.html
b9421570	A shallow hard-coral garden with green turtles, clownfish in their anemones, boxfish and bannerfish, and cuttlefish and soles on the sand around the reef.	marine-life-koh-phangan.html
1d1d5319	Are there sharks around Koh Phangan?	marine-life-koh-phangan.html
a5ab43c6	Yes, but nothing to worry about. The ones divers meet are whale sharks, which feed on plankton, and leopard sharks, which rest calmly on the sand. Both are harmless to people.	marine-life-koh-phangan.html
a5644f79	Is any of it dangerous?	marine-life-koh-phangan.html
b9eb7ec2	Very little, as long as you do not touch anything. Scorpionfish and stonefish have venomous spines, sea urchins and fire coral sting, and box jellyfish can appear near the surface. Our health and safety page explains what to do.	marine-life-koh-phangan.html
f1116b1c	Can I get photos of what I see?	marine-life-koh-phangan.html
245624f1	Rent an underwater camera for 600฿ or have your instructor film your dive for 800฿, and we are happy to point out the small things for your camera — but please, no touching and no flash on the animals.	marine-life-koh-phangan.html
9b6bd818	More photos from our trips	marine-life-koh-phangan.html
6c28750f	see them	marine-life-koh-phangan.html
20c45e5b	Tell us what you would most like to see, and we will tell you which site and which time of year gives you the best chance.	marine-life-koh-phangan.html
be5d5d37	and	marine-life-koh-phangan.html
ab6875a7	all our dive sites	marine-life-koh-phangan.html
5217da43	Koh Phangan vs Koh Tao for diving	koh-phangan-vs-koh-tao-diving.html
606e95be	An honest comparison of diving on Koh Phangan and Koh Tao from a dive centre with bases on both islands: dive shops, Sail Rock, dive sites, prices, atmosphere and learning to dive.	koh-phangan-vs-koh-tao-diving.html
53056ba5	Koh Tao or Koh Phangan for diving? An honest comparison from a dive centre with bases on both islands: number of dive shops, Sail Rock, dive sites, prices, atmosphere and what learning to dive feels like on each.	koh-phangan-vs-koh-tao-diving.html
ab7a74f2	Koh Phangan vs Koh Tao for Diving — An Honest Comparison	koh-phangan-vs-koh-tao-diving.html
540bf8e9	Dive boats from Koh Phangan and Koh Tao moored around Sail Rock, seen from above.	koh-phangan-vs-koh-tao-diving.html
597e4a08	Dive equipment lined up on the beach at Koh Ma.	koh-phangan-vs-koh-tao-diving.html
ce2efd89	/ Koh Phangan vs Koh Tao	koh-phangan-vs-koh-tao-diving.html
b7b801f0	vs Koh Tao	koh-phangan-vs-koh-tao-diving.html
955a5686	Two islands, one hour apart, sharing the best dive site in the Gulf. We run dive centres on both, so here is our honest take on what is different — and which one suits you.	koh-phangan-vs-koh-tao-diving.html
4923c65d	Which one for me?	koh-phangan-vs-koh-tao-diving.html
5992d5e5	Side by side	koh-phangan-vs-koh-tao-diving.html
253f2859	The short answer	koh-phangan-vs-koh-tao-diving.html
d166cd4c	Both are good.	koh-phangan-vs-koh-tao-diving.html
0b18588e	They are different.	koh-phangan-vs-koh-tao-diving.html
0e787415	Koh Tao is one of the busiest dive destinations in the world. Koh Phangan is quieter, with fewer shops and a more personal feel. The diving itself is shared: both islands dive Sail Rock.	koh-phangan-vs-koh-tao-diving.html
0120230c	The shopping centre	koh-phangan-vs-koh-tao-diving.html
de91a891	Around 80 dive centres on a small island	koh-phangan-vs-koh-tao-diving.html
3965abcd	More dive sites close to shore	koh-phangan-vs-koh-tao-diving.html
57a48392	Usually the cheapest courses	koh-phangan-vs-koh-tao-diving.html
f85e8f47	Young, social and full of energy	koh-phangan-vs-koh-tao-diving.html
d7d75320	Sail Rock about 30 minutes further away, and not every day	koh-phangan-vs-koh-tao-diving.html
220219f5	The neighbourhood shop	koh-phangan-vs-koh-tao-diving.html
1fc2ae35	Around 15 dive centres on a much bigger island	koh-phangan-vs-koh-tao-diving.html
1e32e64f	Sail Rock, one hour from Chaloklum, every day	koh-phangan-vs-koh-tao-diving.html
ecafa7aa	Smaller groups and a more personal approach	koh-phangan-vs-koh-tao-diving.html
bcd057a6	Relaxed and family-friendly in the north	koh-phangan-vs-koh-tao-diving.html
75261fcd	The parties are in the south, if you want them	koh-phangan-vs-koh-tao-diving.html
17545d2f	Sail Rock · shared by both islands	koh-phangan-vs-koh-tao-diving.html
161e4a9c	Same rock,	koh-phangan-vs-koh-tao-diving.html
bf5dfb16	different timing	koh-phangan-vs-koh-tao-diving.html
2259c1e7	Sail Rock sits in open sea between the two islands, and it is just as busy whichever island the boats come from. The difference is how you get there and when.	koh-phangan-vs-koh-tao-diving.html
15681942	From Koh Tao it takes about half an hour longer, and not every shop goes every day	koh-phangan-vs-koh-tao-diving.html
3a7ead66	From Chaloklum it is about an hour, and we go every day	koh-phangan-vs-koh-tao-diving.html
09be8bbb	Our boat leaves about an hour and a quarter after the others, so we usually have the rock to ourselves for the second dive	koh-phangan-vs-koh-tao-diving.html
cd27f099	Koh Ma · ten minutes from Chaloklum	koh-phangan-vs-koh-tao-diving.html
60d7afe3	Dive sites and prices	koh-phangan-vs-koh-tao-diving.html
c3cf63a7	More sites,	koh-phangan-vs-koh-tao-diving.html
21ce7ede	or more space	koh-phangan-vs-koh-tao-diving.html
094f855a	Koh Tao has more dive sites around the island. Koh Phangan has Sail Rock, plus Koh Ma, Little Sail Rock and the oil platform — fewer sites, but far fewer divers on them.	koh-phangan-vs-koh-tao-diving.html
a1cf0653	Courses on Koh Tao are usually cheaper. The comparison we always make: Koh Tao is like a shopping centre, where everything costs a little less but it is more impersonal. We are more like the shop in your neighbourhood, where we know your name and how you dive.	koh-phangan-vs-koh-tao-diving.html
61ff73d4	The atmosphere	koh-phangan-vs-koh-tao-diving.html
5cc28f31	Energy	koh-phangan-vs-koh-tao-diving.html
6494c61a	or calm	koh-phangan-vs-koh-tao-diving.html
06d2a913	Koh Tao is small and everything is concentrated: dive shops, bars and people, all close together. It suits a younger crowd. Koh Phangan is bigger and more family-friendly. It has even more parties than Koh Tao if you go to the south of the island — but in Chaloklum, in the north, you would never know.	koh-phangan-vs-koh-tao-diving.html
8401aa1f	A small group, one instructor	koh-phangan-vs-koh-tao-diving.html
349a85e2	Learning to dive	koh-phangan-vs-koh-tao-diving.html
981a0d21	Two ways	koh-phangan-vs-koh-tao-diving.html
28112d99	They are different learning experiences. Many people go to Koh Tao to share the course with lots of others, meet people, have a great time and build up experience with more dives over time.	koh-phangan-vs-koh-tao-diving.html
3560961c	People who come to Koh Phangan tend to be more focused on the diving itself, and the experience is more personal: a maximum of four students per instructor, and time for every question.	koh-phangan-vs-koh-tao-diving.html
222cda0a	Which one for you?	koh-phangan-vs-koh-tao-diving.html
91a08952	Choose by	koh-phangan-vs-koh-tao-diving.html
a89291c9	what you want	koh-phangan-vs-koh-tao-diving.html
80fb87da	Choose Koh Tao if	koh-phangan-vs-koh-tao-diving.html
18455e54	You are young, travelling solo and want to meet lots of people	koh-phangan-vs-koh-tao-diving.html
8838e4ca	The lowest price matters most	koh-phangan-vs-koh-tao-diving.html
291654e5	You want to dive many different sites	koh-phangan-vs-koh-tao-diving.html
780015c9	You like a busy, lively island	koh-phangan-vs-koh-tao-diving.html
ad5d7b48	Choose Koh Phangan if	koh-phangan-vs-koh-tao-diving.html
20db244f	You want small groups and a personal instructor	koh-phangan-vs-koh-tao-diving.html
cdbe35a8	Sail Rock is the dive you came for	koh-phangan-vs-koh-tao-diving.html
15902258	You are travelling as a couple or a family	koh-phangan-vs-koh-tao-diving.html
5a28092b	You prefer calm, with parties only if you go looking for them	koh-phangan-vs-koh-tao-diving.html
dd53d741	Prefer Koh Tao? Our sister centre,	koh-phangan-vs-koh-tao-diving.html
fd601659	, has been there since 2015.	koh-phangan-vs-koh-tao-diving.html
9edbb7a6	Koh Phangan or Koh Tao FAQ	koh-phangan-vs-koh-tao-diving.html
6ef3966a	Is diving better on Koh Tao or Koh Phangan?	koh-phangan-vs-koh-tao-diving.html
d14a327d	The best dive site in the area, Sail Rock, is shared by both islands. Koh Tao has more sites close to shore and many more dive shops; Koh Phangan is quieter, with smaller groups and a more personal feel. Neither is better — they suit different people.	koh-phangan-vs-koh-tao-diving.html
ddbd7d64	Is it cheaper to learn to dive on Koh Tao?	koh-phangan-vs-koh-tao-diving.html
93335609	Usually, yes. With around 80 dive centres competing, prices on Koh Tao are some of the lowest you will find. On Koh Phangan you pay a little more for smaller groups and more personal attention.	koh-phangan-vs-koh-tao-diving.html
b07fe160	How many dive shops are there on each island?	koh-phangan-vs-koh-tao-diving.html
68c80226	Around 80 on Koh Tao and around 15 on Koh Phangan, which is a much bigger island.	koh-phangan-vs-koh-tao-diving.html
9dcacc63	Which island is closer to Sail Rock?	koh-phangan-vs-koh-tao-diving.html
0035544e	From Chaloklum, on the north coast of Koh Phangan, it takes about an hour. From Koh Tao it takes around half an hour longer, and not every shop goes there every day.	koh-phangan-vs-koh-tao-diving.html
d938dcb9	Is Koh Phangan only about the Full Moon Party?	koh-phangan-vs-koh-tao-diving.html
f7f86ea7	No. The big parties are in the south of the island. The north, where Chaloklum is, is quiet and family-friendly, and you would not notice the parties at all.	koh-phangan-vs-koh-tao-diving.html
21135e51	Can I dive Sail Rock from both islands?	koh-phangan-vs-koh-tao-diving.html
33a979e9	Yes. It is equally busy whichever island the boats come from. We leave Chaloklum about an hour and a quarter after the other boats, so we usually have the second dive to ourselves.	koh-phangan-vs-koh-tao-diving.html
869bbc96	Still not	koh-phangan-vs-koh-tao-diving.html
0d1d33cd	sure?	koh-phangan-vs-koh-tao-diving.html
95e26652	Tell us how you like to travel and what you want from your diving, and we will give you an honest answer — even if it is "go to Koh Tao".	koh-phangan-vs-koh-tao-diving.html
aa42a399	Diving guides for Koh Phangan	guides.html
839cbaeb	Free guides from our instructors in Chaloklum: diving Sail Rock, when to see whale sharks, the fish of Koh Phangan, health and safety (flying after diving, diabetes), and Koh Phangan vs Koh Tao.	guides.html
aeb301f3	Diving Guides for Koh Phangan — Sail Rock, Whale Sharks, Marine Life &amp; Safety	guides.html
2c3598ea	Sail Rock seen from above, rising out of the blue Gulf of Thailand.	guides.html
a79c5975	A diver beside a large school of jacks at Sail Rock.	guides.html
fde52e4e	A diver equalising during the descent.	guides.html
e2bad24a	Dive boats moored around Sail Rock, seen from the air.	guides.html
d87746ba	/ Guides	guides.html
de1c462f	for Koh Phangan	guides.html
88ea6ee3	Everything we tell our divers on the boat, written down: where to dive, what you will see, when to come and how to dive safely. Written by our instructors in Chaloklum.	guides.html
45ad3171	Read before you dive	guides.html
2cd80afd	Our guides	guides.html
cd5a3b6e	Dive site	guides.html
ebc2498e	Depths, the Chimney, currents, seasons and what lives on the best dive site in the Gulf of Thailand.	guides.html
ef42838f	Read the guide	guides.html
95cb49cf	Big animals	guides.html
7d496d00	When they come, how often we see them, and how to behave in the water if one swims past.	guides.html
eadfa74e	The fish and creatures you will meet at Sail Rock and Koh Ma, with our own photos and their names.	guides.html
6472ce41	Safety	guides.html
b54fa923	Flying after diving, diving with diabetes, signs of decompression sickness, colds and the animals not to touch.	guides.html
21d28aa0	Planning	guides.html
4215c44c	An honest comparison of the two islands for diving and for learning to dive.	guides.html
69042b6b	Still have a question?	guides.html
279867a4	Ask the people	guides.html
2418c622	who dive here	guides.html
f7e78e04	every day	guides.html
9f3d80f9	Conditions, visibility this week, which course fits you: send us a message and an instructor will answer.	guides.html
38f3e1e2	New on the	guides.html
05fe2cb7	The Diver's Boat Koh Phangan blog	blog.html
89ad1e6f	Best time to dive in Koh Phangan	blog.html
2a568996	Dive reports, seasons and tips from our instructors in Chaloklum, Koh Phangan: what we have been seeing at Sail Rock and Koh Ma, and how to plan your diving.	blog.html
40b4ddb0	Blog — Dive Reports and Diving Tips from Koh Phangan | The Diver's Boat	blog.html
ecd35b1d	/ Blog	blog.html
872dfd86	Notes from	blog.html
5aefb442	the boat	blog.html
4c828988	Dive reports, seasons and tips from our instructors in Chaloklum: what we have been seeing at Sail Rock and Koh Ma, and how to plan your diving.	blog.html
59526bf4	Latest posts	blog.html
e9e838e8	From the blog	blog.html
2c4b6603	2 October 2026	blog.html
513ca0e5	Month by month: visibility at Sail Rock, whale shark season, calm water at Koh Ma and the monsoon.	blog.html
7e25e449	Read the post	blog.html
8aa5ba2c	Looking for something specific? Our	blog.html
4226de6b	cover Sail Rock, whale sharks, marine life and health and safety in depth.	blog.html
fab74e6a	When to dive in Koh Phangan, month by month: visibility at Sail Rock, whale shark season, calm water at Koh Ma and the monsoon.	best-time-to-dive-koh-phangan.html
5eaa4a48	When to dive in Koh Phangan: clearest water at Sail Rock from May to October, whale sharks from April to June, calm Koh Ma from January to June, and the November monsoon. From our instructors in Chaloklum.	best-time-to-dive-koh-phangan.html
05eddd1b	Best Time to Dive in Koh Phangan — Month by Month at Sail Rock and Koh Ma	best-time-to-dive-koh-phangan.html
8c373d1b	/ Best time to dive	best-time-to-dive-koh-phangan.html
a141f943	Best time to dive	best-time-to-dive-koh-phangan.html
4a452ade	You can dive here almost every month of the year. The real question is what you want to see: the clearest water, a whale shark, or calm conditions for your first dives.	best-time-to-dive-koh-phangan.html
31951823	By Boris Collado, lead instructor ·	best-time-to-dive-koh-phangan.html
f078dd28	It depends on	best-time-to-dive-koh-phangan.html
a8f63831	Clearest water at Sail Rock	best-time-to-dive-koh-phangan.html
7d7b26fa	Calm, clear Koh Ma	best-time-to-dive-koh-phangan.html
1749e80b	Nov–mid-Dec	best-time-to-dive-koh-phangan.html
ac6e5485	Koh Phangan sits on the Gulf of Thailand side of the country, so its seasons are different from Phuket and the Andaman Sea. There is no long closed season here: we go out every month, and the only real break is the monsoon at the end of the year.	best-time-to-dive-koh-phangan.html
643802d8	Month by month	best-time-to-dive-koh-phangan.html
a03e43b3	A year at	best-time-to-dive-koh-phangan.html
cbe17548	Mid-December – March	best-time-to-dive-koh-phangan.html
cbf1bf71	Plankton and big schools	best-time-to-dive-koh-phangan.html
6b2460c1	More plankton in the water, so visibility at Sail Rock is closer to 5–10 m. That plankton feeds the big schools of fish, and the whale sharks come in behind them. Koh Ma and Little Sail Rock are at their clearest.	best-time-to-dive-koh-phangan.html
ebebe9e8	The textbook months for whale sharks, while the water starts to clear. Koh Ma and Little Sail Rock are still at their best, which makes this a great time for courses too.	best-time-to-dive-koh-phangan.html
f349a5d0	The clearest water	best-time-to-dive-koh-phangan.html
75428323	Sail Rock at its clearest, often 20–30 m of visibility. Whale sharks are rarer, but September has given us some of our best encounters.	best-time-to-dive-koh-phangan.html
e36459a9	Rough seas on some days. When the sea is unsafe the boat stays in, and you get a full refund. On calm days we still dive.	best-time-to-dive-koh-phangan.html
2bab7fae	Any month	best-time-to-dive-koh-phangan.html
2612fb28	outside the monsoon	best-time-to-dive-koh-phangan.html
380310b5	The first day of the	best-time-to-dive-koh-phangan.html
1785e7b1	is in the shallow water of Chaloklum Bay, right in front of the shop, so it does not depend much on the season. For the open-water dives we choose between Sail Rock and the calmer Koh Ma depending on the conditions and on how the group feels.	best-time-to-dive-koh-phangan.html
0cb3828d	Our advice	best-time-to-dive-koh-phangan.html
ff1a8a36	Dive more	best-time-to-dive-koh-phangan.html
4156411f	than one day	best-time-to-dive-koh-phangan.html
455ff31a	The sea changes from day to day, and so does what turns up at Sail Rock. Two or three days in the water give you a much better chance of the conditions, or the whale shark, you came for.	best-time-to-dive-koh-phangan.html
6a254a89	And ask us before you book. Send us your dates on WhatsApp and we will tell you honestly how the water has been lately. You can read more in our	best-time-to-dive-koh-phangan.html
f51bc4af	Sail Rock guide	best-time-to-dive-koh-phangan.html
b189ef5b	and our	best-time-to-dive-koh-phangan.html
57c6d166	whale shark guide	best-time-to-dive-koh-phangan.html
5f515066	Seasons FAQ	best-time-to-dive-koh-phangan.html
65c5a082	Can you dive in Koh Phangan all year?	best-time-to-dive-koh-phangan.html
ba01bed7	Almost. We dive every month of the year. During the monsoon, roughly November to mid-December, the boat stays in on days when the sea is unsafe, and you get a full refund.	best-time-to-dive-koh-phangan.html
dd3923e5	When is the visibility best at Sail Rock?	best-time-to-dive-koh-phangan.html
471401ac	From May to October, often 20 to 30 metres. From January to April there is more plankton in the water and visibility is closer to 5 to 10 metres, but that plankton is what brings the big schools of fish and the whale sharks.	best-time-to-dive-koh-phangan.html
de62b1f0	When is the best time to see whale sharks?	best-time-to-dive-koh-phangan.html
18b45fdb	April to June is the textbook season, and we have also had great encounters in February and September. A sighting is never guaranteed.	best-time-to-dive-koh-phangan.html
40eaab4f	When is the best time to learn to dive in Koh Phangan?	best-time-to-dive-koh-phangan.html
c55cb304	Any month outside the monsoon. The first day of the Open Water course is in the shallow water of Chaloklum Bay, and we choose between Sail Rock and the calmer Koh Ma for the open-water dives depending on the conditions.	best-time-to-dive-koh-phangan.html
3e85d820	Ask us about	best-time-to-dive-koh-phangan.html
35009798	your dates	best-time-to-dive-koh-phangan.html
66c9ae35	Tell us when you are coming and what you would like to see. We will tell you honestly what to expect.	best-time-to-dive-koh-phangan.html
71c1f2e8	More from the blog	best-time-to-dive-koh-phangan.html
