9d3ba3c6	The Diver's Boat Koh Phangan
70f20805	Centro de buceo SSI en Chaloklum, Koh Phangan (Tailandia), con barco propio que sale cada día a las 9:30 hacia Sail Rock, Koh Ma, Little Sail Rock y la plataforma petrolífera. Bautismos de buceo (Try Dive), Fun Dives, snorkel y cursos SSI desde Open Water hasta Rescue, en grupos reducidos de máximo 20 buceadores a bordo.
990be1f2	Koh Phangan
b9483f18	Sail Rock (Hin Bai), golfo de Tailandia
e2e7e4be	SSI — Scuba Schools International
67512745	The Diver's Boat Koh Tao
5a163c48	Barco de buceo propio (Rungworawan), máximo 20 buceadores
8e0773ee	Salida diaria a las 9:30 desde Chaloklum
4bd34653	Equipo nuevo de 2024, neoprenos de la XS a la XXL
fb6b9e20	Vídeo submarino de cada inmersión incluido
0f18a674	Nitrox disponible
2f64d407	Buceo en Koh Phangan
d328cc98	Fun Dive en Sail Rock y los puntos de buceo de Koh Phangan
825b62a7	Salida de un día en barco para buceadores titulados, máximo cuatro buceadores por guía.
2d508326	Bautismo de buceo, Try Dive (sin titulación)
f1bac313	Un día completo para quien bucea por primera vez, máximo dos alumnos por instructor, en Koh Ma o Sail Rock.
7edffa9b	SSI Basic Diver
2ed06446	Introducción al buceo de un día, con más técnica y más tiempo bajo el agua que el bautismo.
ecf77a1f	Excursión de snorkel a Sail Rock
6cbedfe9	Salida de un día en barco para hacer snorkel y para quien no bucea, en el mismo barco que los buceadores.
5520ef7b	SSI Open Water Diver
3b7dbea4	Curso de titulación SSI de tres días hasta 18 m, máximo cuatro alumnos por instructor.
488c3e21	SSI Advanced Open Water
d8d53475	Curso SSI de dos días: puntos más profundos, flotabilidad y navegación.
f696b863	SSI Deep Diving (especialidad de profundidad)
7e0a3554	Especialidad SSI de dos días para bucear hasta 40 m en Sail Rock.
470e1a28	SSI Rescue Diver
ea98f4a6	Curso SSI de dos días para prevenir y gestionar problemas bajo el agua.
f49593eb	SSI Specialty Diver (Deep + Nitrox)
849700c5	Titulación SSI de dos días que se obtiene con dos especialidades; te recomendamos Deep y Nitrox como siguiente paso después del Open Water.
bcbd563a	SSI Enriched Air Nitrox
b5936918	Especialidad SSI de un día para alargar el tiempo de fondo con aire enriquecido.
ea315fd8	Boris Collado
78f5616b	Mánager e instructor principal (instructor SSI n.º 112758)
7882d05c	Profesional del buceo desde 2015 e instructor SSI desde 2022, con más de 5.000 inmersiones. Dirige a los instructores y divemasters de The Diver's Boat Koh Phangan.
208be85a	Ruiyao Wang
8d071245	Mánager, oficina y reservas
735c5a71	Centro de buceo SSI en Chaloklum, Koh Phangan, con barco propio a Sail Rock. Bautismo de buceo 4,200฿, Fun Dive 3,200฿, curso Open Water 12,900฿. Máximo 20 buceadores a bordo, salida a las 9:30, clases en español, inglés y francés.
9fb0b9fb	The Diver's Boat Koh Phangan — Buceo SSI en Sail Rock
789468e1	Nuestro propio barco desde Chaloklum hasta Sail Rock. Grupos reducidos, salida a las 9:30 e instructores SSI con más de 10 años bajo el agua.
978b3b3f	The Diver's Boat Koh Phangan — inicio
1aef27a1	The Diver's Boat
a02c83a7	Principal
4994a8ff	Idioma
b6154120	Menú
aa0d528b	Superficie
da77164e	Un tiburón ballena se desliza por el azul en Sail Rock, con pequeños peces nadando bajo él.
1a8d844e	Línea de flotación
a8dc1458	Una persona buceando por primera vez, suspendida sobre arena clara en aguas tranquilas y poco profundas.
09b077e8	Cuatro alumnos de buceo mantienen la posición juntos a media agua durante un ascenso de práctica.
ffb15627	Dos buceadores nadando hacia una densa pared de jureles en Sail Rock.
d4b463d3	Zona iluminada
9863af9e	Scuba Schools International
0e41188f	Valoración de 5,0 sobre 5 en 354 reseñas de Google. Ver todas las reseñas en Google Maps
79930cea	Reseñas de Google, desliza hacia los lados para ver más
6dab6c13	5 estrellas
5da13a78	Reseñas anteriores
14213920	Reseñas siguientes
da45f144	Agua azul
b207a810	Un tornado de barracudas cerrándose sobre nuestras cabezas en Sail Rock.
5597f6c3	Bloques de coral duro sanos rodeados de nubes de pececillos de arrecife en Koh Ma.
ea6069aa	Cuatro peces murciélago nadando entre una columna de burbujas de buceadores en el azul.
b0a1de6c	Personas haciendo snorkel en superficie sobre un tiburón ballena y un banco de peces.
95d025d9	Aguas abiertas
aa5425f6	Zona profunda
b53ed007	Barracudas suspendidas junto al pináculo de granito de Sail Rock.
034d4eee	Una pareja de peces payaso refugiada en una anémona en el arrecife poco profundo de Koh Ma.
e4f24d7a	Un pez cofre amarillo sobre anémonas y coral blando en Little Sail Rock.
e4616bfb	Un enorme banco de jureles girando alrededor de las patas de la plataforma petrolífera.
866bee3d	Límite de profundidad
c5596fb7	El barco de buceo rojo Rungworawan fondeado junto a una isla, con buceadores en el agua a su lado.
f07ea727	Una persona sonriente tumbada en la orilla de una playa luminosa de Koh Phangan.
031b9635	Un instructor guiando una inmersión a lo largo de una pared de roca con una linterna.
b532c0c3	El Rungworawan en su fondeo, con buceadores entrando al agua.
297aaa6f	Poca luz
d43c8ef1	Fotos de nuestras inmersiones
aec36d21	Un tiburón ballena pasando sobre un grupo de buceadores en Sail Rock.
95755daf	Un pasillo que se abre a través de una pared de peces plateados.
ee6be7e4	Sail Rock asomando en mar abierto, visto desde la proa del barco de buceo.
568ca8d4	Una medusa translúcida arrastrando largos tentáculos en el azul.
3a105eaf	Un cangrejo ermitaño cruzando arena clara en Koh Ma.
929d7375	Roca de arrecife cubierta de peces con un denso banco de peces encima.
c5fa768c	Fondo de Sail Rock
b2c8a89b	The Diver's Boat Koh Phangan en Google Maps — 25, 47 Moo 7, Chaloklum
55f015a0	Instagram
d85544fc	Facebook
8b777ebc	WhatsApp
8944cb19	Buceo en Koh Phangan — Centro de buceo SSI y salidas a Sail Rock | The Diver's Boat
b58273f2	Saltar al contenido
8cf04a97	Inicio
86f6dbdf	Experiencias
389433c9	Cursos
a10be6fd	Puntos de buceo
cf23ee27	Quiénes somos
5c93310d	Galería
aa85f184	EN
04c19fa1	ES
11aedd0e	FR
bbaff128	Contacto
85509391	Reservar
f39ce0a1	thaidivingpro@gmail.com
2f955bc8	Chaloklum, Koh Phangan
ed9cb30b	Buceo en Koh Phangan · Centro de buceo SSI en Chaloklum
915b4cd9	Aquí abajo,
dc527b43	todo cambia
c8e43d5a	Nuestro barco sale de Chaloklum a las 9:30 rumbo a Sail Rock, el mejor buceo del golfo de Tailandia. Bautismos, Fun Dives y cursos SSI desde Open Water, en grupos reducidos, con instructores pacientes y un tiburón ballena si el golfo está generoso.
66cd5281	Reserva tu inmersión
4976af76	Máximo a bordo
6e0b9fcd	Ratio en el bautismo
7a3d3703	Salida diaria
e00513e7	Buceadores titulados desde 2024
ad6c0e76	Desliza para descender
c910b41e	Elige cómo empezar
a1f230ce	Sin titulación
39de486c	Bautismo (Try Dive)
b721972a	Tu primera vez bajo el agua. Un día completo, máximo dos alumnos por instructor, en Koh Ma o Sail Rock.
f108a56b	Por persona
3ec365dd	Detalles
df430c13	El más popular
175bc218	Open Water Diver
1bfd70fe	Titulado en tres días y preparado para bucear hasta 18 m en cualquier parte del mundo. Máximo cuatro alumnos, inmersiones en Sail Rock.
73d44a72	3 días · SSI
f3d25668	Buceadores titulados
af84cda7	Fun Dive
f9034da8	Grupos de cuatro buceadores como máximo. Sail Rock, Koh Ma, Little Sail Rock y la plataforma petrolífera.
3f532147	Por salida
a2563211	Próxima salida
6a13864c	Vídeo submarino de tu inmersión
6c42ee31	Tienda abierta a diario de 9:00 a 19:00
bbedc9d0	Grupos reducidos
eb4c7779	La mayoría de barcos salen con más de 30 buceadores. Nosotros limitamos a 20, y en los bautismos hay dos alumnos por instructor. Menos gente significa atención de verdad bajo el agua, equipo montado sin prisas y sitio en cubierta entre inmersiones.
d4e5f234	Salida a las 9:30
5c37f670	Zarpamos a las 9:30, así llegamos a Sail Rock y Koh Ma cuando otros barcos ya vuelven. Puntos más vacíos y mejor visibilidad.
91164770	Por qué
b9f5bcd9	bucear
cd522b4f	con nosotros
b04eb386	Abrimos en enero de 2024 con una idea clara de cómo debe ser un día de buceo: seguro, sin prisas y divertido de verdad. Nuestros instructores SSI tienen más de diez años de experiencia guiando inmersiones en Egipto, Filipinas, Indonesia y Tailandia, y ese nivel ahora está en Chaloklum, a bordo de nuestro propio barco.
3900c488	Rutas exclusivas
327941d4	Además de Sail Rock buceamos en Koh Ma, Little Sail Rock y la plataforma petrolífera. Cuando las condiciones lo permiten, los buceadores titulados visitan varios puntos en un mismo día: más vida marina y menos tiempo de trayecto.
6086b0f1	Equipo nuevo de 2024
710d53eb	Todo nuestro equipo es de 2024 y se revisa cada día. Reguladores, jackets y neoprenos de la XS a la XXL, con mantenimiento oficial SSI desde el primer día.
cd61add2	Centro de buceo SSI oficial
a050b0ab	Clases en español, inglés y francés
7cc745a1	Parte de The Diver's Boat, en Koh Tao desde 2015
965091ea	Lo que dicen nuestros buceadores
e2c47a3d	Reseñas en Google
4d957b3e	354 reseñas
d8cb138f	Jordan L.
78c600e3	Chen D.
b27f95bd	Ana Clara B.
dc821700	Helmut M.
2fbc4b26	Josh A.
7c704359	Jaden A.
8efd03ad	Sam B.
fbe4654b	Igor H.
aee9c496	Pedro P.
808b10f7	Las 354 reseñas en Google Maps
9753e1fc	Un día a bordo del Rungworawan
a13de096	Así es
7aa22f5d	tu día de buceo
e2ae6741	Primera inmersión
296513b3	Primer descenso
3fbd6693	Bajamos juntos por el cabo. Los principiantes se quedan a poca profundidad y con calma; los titulados bajan más.
afe692f9	Intervalo en superficie
eff0fd00	Comida en cubierta
e97593d5	Segunda inmersión
90c6b857	Segundo descenso
42b2ac18	Otro punto u otro perfil: fotografía, más profundidad o una deriva tranquila buscando tortugas.
ec1ab6bd	Vuelta al muelle
3a7b4e21	Aclarado, anotamos la inmersión en el logbook y te mandamos el vídeo submarino antes de que te hayas secado.
1944fc56	Bucea hoy.
9bd55dd9	Titulación opcional.
2e768a9e	Titulados
eaa5d6b8	1 día · Buceadores titulados
0cfb1991	Máximo cuatro buceadores por guía. Sail Rock, Koh Ma, Little Sail Rock o la plataforma petrolífera.
d3da97e2	Más
b0c8e715	Principiantes
d722a532	1 día · Sin titulación
95ace3fc	Tu primera respiración bajo el agua, dos alumnos por instructor, en las aguas tranquilas de Koh Ma.
5ac107f9	Basic Diver
241255c4	Un paso más que el bautismo: más técnica, más tiempo bajo el agua y una prueba real de lo que es bucear.
365c2127	Todas las edades
2cf2bd2b	Snorkel en Sail Rock
b7c74e60	1 día · En superficie
a509f3da	Ven por el paseo en barco y las vistas. Ideal para familias, para quien no bucea y para quien aún está nervioso.
0f190c63	Cursos SSI
37e18d64	Aprende bien.
17faeca6	Y sigue avanzando.
5bc56b7f	Formación internacional SSI en grupos reducidos: máximo cuatro alumnos por instructor, barco propio y titulación digital en cuanto apruebas. Desde tu primera respiración hasta Rescue Diver.
e254464b	Inmersiones del Open Water
6217548e	en Sail Rock
7269f439	Empieza aquí · 3 días
33eda7b6	La titulación que sirve en todo el mundo. En tres días pasas de las aguas poco profundas de Koh Ma a bucear titulado y de forma autónoma hasta 18 metros, en cualquier parte del mundo. Desde los 10 años. Más de 400 buceadores se han titulado con nosotros desde 2024.
e02d2ae0	Duración
45fe0d32	3 días
30706939	Profundidad máx.
8334a158	Ratio
3601146c	Precio
457730a4	Todo el equipo incluido
6c93198f	Titulación digital SSI el mismo día
9301dda0	Inmersiones desde barco, no solo piscina
720c16dd	Clases en español, inglés o francés
411683ba	Reservar Open Water
edc5bc4f	Todos los cursos
33b0504f	Sigue avanzando
74f7c2e5	Advanced Open Water
8af4d12d	El siguiente nivel después del Open Water: puntos más profundos, mejor flotabilidad y nuevas técnicas.
0359f566	2 días
6da957f4	Specialty Diver
cba417dd	Nuestra recomendación después del Open Water: Deep + Nitrox, las dos especialidades que de verdad amplían tu buceo.
08303fb6	Especialidad Deep
ab839617	Planifica y realiza inmersiones hasta 40 m: toda la altura de Sail Rock.
6be3ddc8	Rescue Diver
7f60edb0	El curso que cambia cómo buceas con los demás.
ad6f6408	Especialidad Nitrox
e38e2082	Más tiempo de fondo e intervalos en superficie más cortos. Se hace en un día.
e3b481d5	1 día
957bcc6d	Cuatro puntos,
783f4d1e	un barco
2ab9cb96	Sail Rock es la estrella y se lo merece. Pero la razón para bucear desde Chaloklum es todo lo demás que tienes a mano.
c9818b2c	Todos los niveles
afeff41d	metros
19495867	Sail Rock
1716eeba	El famoso pináculo en mar abierto y su túnel vertical, The Chimney (la Chimenea). A una hora en barco. El mejor buceo del golfo de Tailandia y una inmersión imprescindible.
47f1fa7f	Barracudas · peces murciélago · tiburones ballena, con suerte
79d88c30	Guía del punto
86816be5	Principiantes y cursos
b380eb00	Koh Ma
833a794e	A diez minutos de Chaloklum, sin corriente y con un jardín de coral duro realmente sano. Aquí es donde haces tu primera inmersión perfecta.
4c68e69f	Tortugas verdes · peces payaso · sepias
b57ed7a0	Intermedio
1e0d553b	Little Sail Rock
d5217fdc	Un Sail Rock en miniatura a diez minutos al este de Chaloklum. Muchos menos buceadores e igual de vida. La joya escondida para escapar de las multitudes.
51d6ff08	Meros gigantes · morenas · fusileros
a74f4157	Avanzado · más de 20 inmersiones
8641d982	Plataforma petrolífera
22d1402f	Una estructura artificial sola en mar abierto, con enormes bancos de peces que la usan de refugio. La inmersión más diferente y con más adrenalina del golfo.
ffda0879	Jureles · barracudas · meros
27b22a44	Rungworawan
be9dade6	Nuestro propio barco
fe4b80f9	El Rungworawan
0d93f7a4	Amplio, estable y totalmente equipado. Nos lleva a Sail Rock cada día, y tener barco propio es justo lo que nos permite ir en grupos reducidos, salir a las 9:30 y cambiar el plan cuando la marea lo pide.
3b8f7696	Capacidad
2b8cf204	20 máx.
4bb4de87	Salida
562177ad	Neoprenos
4aea0870	XS–XXL
fb845762	Equipo
89985b38	Nuevo 2024
b08573b6	Cada regulador, jacket y neopreno se revisa a diario y tiene el mantenimiento oficial de SSI. Ven con tu bañador; el resto lo tenemos en tu talla.
16d43536	El equipo de Phangan
cc262104	Multilingües
ffa2afcb	y pacientes de verdad
acd802b3	Nuestros instructores enseñan en español, inglés y francés, y buena parte de la temporada también en italiano y alemán. Entre todos sumamos más de una década buceando en Egipto, Filipinas, Camboya, Vietnam, Indonesia y Tailandia, lo que sobre todo significa que sabemos explicar corrientes y vida marina a quien nunca se ha puesto una máscara.
c6e54d99	Mánager · oficina y reservas
ac86554d	Rui es el corazón de la tienda. Lleva la oficina y todas las reservas, se asegura de que todo vaya a su hora y te da la bienvenida que te mereces, en inglés o en chino.
c4232cbc	Mánager · instructor principal · SSI n.º 112758
01bd6093	Profesional del buceo desde 2015 e instructor SSI desde 2022, con más de 5.000 inmersiones a sus espaldas. Boris dirige a los instructores y divemasters para que cada salida sea segura, divertida y adaptada a tu nivel.
4dd62754	Nuestro barco
c9b90034	Amplio, estable y totalmente equipado. Va a Sail Rock todos los días. Súbete en la próxima salida y forma parte de su historia.
1b22408a	Galería de fotos
c3002fa8	Así es
c7fa26c1	de verdad
7a2b6505	Tortugas, tiburones ballena y sonrisas bajo el agua, todo fotografiado en nuestras propias salidas desde Chaloklum. Sin fotos de banco de imágenes.
3cd52e58	Sail Rock · tiburón ballena
6095e7d3	Sail Rock · banco de peces
015097ca	Sail Rock · desde la proa
2f99fb29	Agua azul · a la deriva
492dc9e9	Koh Ma · lo pequeño
30276064	Little Sail Rock · arrecife
7a0a6f66	Ver la galería completa
ed2ec501	@thediversboatkpg
7373ef46	Contacto
3ac607a6	¿Listo para
1330349b	sumergirte?
9e9648c5	Escríbenos por WhatsApp y te responde una persona de verdad, normalmente en menos de una hora. Dinos tu nivel y tus fechas, o que no tienes ni idea de por dónde empezar, que también es un mensaje perfectamente válido.
1854810b	Teléfono y WhatsApp
ce8ae9da	Email
9f82518d	Tienda
9d29fceb	25, 47 Moo 7, Chaloklum, Koh Phangan, Surat Thani 84280, Tailandia
8c393849	Horario y salidas
c453a4b8	Pago
5e9cbe2c	Efectivo o Revolut · depósito para reservar · reembolso completo si cancelamos el barco por el tiempo
63a19537	Escríbenos por WhatsApp
3b78485a	Llamar a la tienda
de8ea568	Nunca he buceado. ¿Por dónde empiezo?
4dbb8a3b	Por el bautismo de buceo (Try Dive). Un día completo, dos alumnos por instructor y sin titulación: respirarás bajo el agua por primera vez en las aguas tranquilas y sin corriente de Koh Ma. Si te encanta, el Basic Diver y el curso Open Water continúan justo donde lo dejaste.
4ba90541	¿Qué edad hay que tener para bucear?
b0ba3b10	8 años para el bautismo (Try Dive) y 10 para el Basic Diver y el curso SSI Open Water. Los niños que aún no tienen edad para bucear pueden hacer snorkel en Sail Rock desde el mismo barco.
535db34b	¿Podemos venir en familia o con niños?
544c36d7	Sí, y muchos lo hacen. Quien no bucea puede venir en el barco y hacer snorkel en Sail Rock por 1,500฿ mientras el resto del grupo bucea. Escríbenos por WhatsApp con las edades y la experiencia del grupo y preparamos un plan para que todos disfrutéis en el mismo barco.
4c5faf44	¿Veré un tiburón ballena?
309edcb5	Sinceramente, puede que sí, y eso es parte de la magia. Sail Rock es uno de los mejores lugares del golfo de Tailandia para encontrarlos. La temporada de manual es de abril a junio, pero también hemos tenido encuentros increíbles en febrero y septiembre: son animales salvajes con su propio calendario. Lo que sí verás seguro son grandes bancos de barracudas, peces murciélago y jureles alrededor del pináculo.
ee80c9b4	¿Cuál es la mejor época para bucear en Koh Phangan?
2c585b84	Buceamos todo el año y el agua se mantiene a 28–30 °C. Sail Rock está más clara aproximadamente de mayo a octubre, a menudo con 20–30 m de visibilidad. De enero a abril el agua lleva más plancton, así que allí la visibilidad ronda los 5–10 m, pero ese plancton es lo que alimenta los enormes bancos de peces y atrae a los tiburones ballena, y es justo cuando Koh Ma y Little Sail Rock están más claras. La única pausa real es el monzón, más o menos de noviembre a mediados de diciembre, cuando cerramos los días en que los barcos no pueden salir con seguridad.
6aa1dba2	¿Cómo llego a la tienda? ¿Recogéis en el hotel?
d8bc07ab	La tienda está en el pueblo de Chaloklum, en la costa norte de Koh Phangan, y el barco sale del muelle de Chaloklum. No hacemos recogidas en hoteles: los taxis en la isla son caros, y alquilar una moto para el día (unos 250฿) es más barato y más fácil. Abre el mapa de arriba para ver cómo llegar.
932746e9	¿Cómo reservo y pago?
9b2b56ee	¿Qué tengo que traer?
37baafca	¿En qué idiomas dais las clases?
e9111945	Nuestros instructores enseñan en español, inglés y francés. Buena parte de la temporada también tenemos un instructor que habla italiano y alemán, y ruso algunas fechas: pregúntanos al reservar. Rui, que lleva la oficina, habla inglés y chino.
1fec4f3d	Parada de seguridad · 5 m · 3 min
6a921244	Centro de buceo SSI en Chaloklum con barco propio. Grupos reducidos a Sail Rock, Koh Ma, Little Sail Rock y la plataforma petrolífera desde enero de 2024.
7ad773bc	Bucea con nosotros
edf7553d	Dónde estamos
debe9b2a	25, 47 Moo 7, Chaloklum
a44454f5	Koh Phangan, Surat Thani 84280
103357e3	Tailandia
6074c5b1	Desde 2024
91b8bb20	Koh Tao
5a187c88	Desde 2015 ↗
72d7c420	© 2026 The Diver's Boat — Koh Phangan. Centro de buceo SSI.
b24d654e	Reserva una inmersión
84afe670	Experiencias de buceo
c8c9e268	Experiencias de buceo en Koh Phangan — Bautismo, Fun Dive y snorkel en Sail Rock
d185c74d	Dos buceadores nadando de frente hacia una densa pared de jureles.
48e1c933	Un tornado de barracudas girando sobre nuestras cabezas en Sail Rock.
f82ab405	Una persona buceando por primera vez, suspendida con calma sobre arena clara en aguas poco profundas.
91309c3e	/ Experiencias
8fb03bb8	en Koh Phangan
8c918c79	Reservar por WhatsApp
27c8ce00	Sail Rock · temporada de barracudas
e8f79a96	Buceadores titulados · 1 día
9c917c2a	Tienes titulación y quieres aprovecharla de verdad. Máximo cuatro buceadores por guía, para que nadie vaya en rebaño. Elegimos la ruta por la mañana según la marea y la previsión (Sail Rock, Koh Ma, Little Sail Rock o la plataforma petrolífera) y, cuando las condiciones lo permiten, encadenamos varios puntos en un mismo día.
03937134	Grupo
7268d2e9	4 máx.
bdc6acb4	Requisito
59a0635f	Cualquier titulación
dd30056c	Equipo completo, de la XS a la XXL
6a7e987f	Nitrox bajo petición
00b58e32	Reservar Fun Dive
1d9dc244	Dónde buceamos
eb01d7ca	Koh Ma · sin corriente, 5–18 m
7a4674d6	Sin titulación · 1 día
d2616779	La primera vez que respiras bajo el agua es una sensación extraña y muy buena, y no hay que ir con prisas. Es un día completo con un máximo de dos alumnos por instructor: atención de verdad, no una cola. Empezamos en las aguas tranquilas y sin corriente de Koh Ma y, si te sientes cómodo, también puedes ir a Sail Rock.
cf64c08e	Edad mínima
ceaf7fcb	8 años
1f366831	Todo explicado desde cero
a64e66ac	Todo el equipo en tu talla
dec2234e	Reservar bautismo
107cf8a9	Un día completo en el agua
a4cbaf3d	Un paso más que el bautismo y la mejor relación calidad-precio de esta página. Un día completo te da tiempo para aprender de verdad (máscara, flotabilidad, compensación, señales) en vez de simplemente sobrevivir a la experiencia. Además es la antesala natural del curso Open Water, y casi todo lo que aprendes aquí te sirve directamente.
7e3b12c5	10 años
c290a594	Siguiente paso
800682a4	Open Water
ec58b078	Instructor SSI durante todo el día
7e93e51b	Vídeo submarino de tus inmersiones
59fe1db7	Reservar Basic Diver
3c33cdd4	Comparar con el Open Water
1f0821eb	Sail Rock · desde la superficie
7ae25547	Para todos · 1 día
b3fde584	Snorkel
e0a0eee9	en Sail Rock
61987f85	Sail Rock sube desde 40 metros hasta sobresalir del agua, así que lo bueno empieza en los primeros metros. Ven por el paseo en barco y quédate en superficie: así las familias van todos en la misma salida, y así quien está nervioso descubre si quiere bajar más.
7b7a0411	Saber nadar
f769aafb	Barco
98b5a454	Máscara, tubo y aletas
78b586cb	El mismo barco que los buceadores
cf486896	Chaleco de flotación bajo petición
c0dd6b6c	Reservar snorkel
4a5103c2	¿Venís en grupo
275a56df	o con niños?
e61a9f10	Dinos las edades, los niveles de experiencia y vuestras fechas, y preparamos un día que funcione para todos en un mismo barco: buceadores abajo, snorkel arriba. Los niños pueden hacer el bautismo desde los 8 años y el Open Water desde los 10.
242092c3	Pregúntanos por WhatsApp
ef578730	¿Qué incluye cada precio?
b0c01780	¿A qué hora salimos y volvemos?
793a732a	¿Puedo hacer un Fun Dive si hace años que no buceo?
cb9c236d	Sí. Dinos cuánto tiempo hace cuando nos escribas y planificaremos la primera inmersión como repaso (poco profunda, tranquila y sin prisas) antes de algo más ambicioso.
c582ad44	¿Qué pasa si hace mal tiempo?
36df1e31	La seguridad es lo primero, y la decisión es nuestra: si cancelamos el barco por el tiempo, te devolvemos el dinero íntegro. Un poco de lluvia por la mañana no nos para: lo que decide son las condiciones del mar. La temporada de mal tiempo es el monzón, más o menos de noviembre a mediados de diciembre.
3ad2196f	¿Recogéis en el hotel?
b6611be8	No: los taxis en Koh Phangan son caros, y alquilar una moto para el día (unos 250฿) es más barato y más fácil. La tienda está en el pueblo de Chaloklum, en la costa norte, y el barco sale del muelle de Chaloklum.
849b0573	Cursos de buceo SSI
54809bdc	Cursos de buceo SSI en Koh Phangan
bab84772	Titulación SSI de tres días desde Chaloklum, Koh Phangan, válida hasta 18 m en cualquier parte del mundo. Desde los 10 años. Máximo cuatro alumnos por instructor, inmersiones en aguas abiertas en Koh Ma y Sail Rock, titulación digital al momento.
06127d43	Curso SSI de dos días después del Open Water: puntos más profundos, mejor flotabilidad y mejor navegación.
da7d2fef	Titulación SSI de dos días que se obtiene con dos especialidades. Recomendamos Deep (hasta 40 m en Sail Rock) y Nitrox como siguiente paso después del Open Water.
f1b60894	Especialidad SSI de dos días hasta 40 m en Sail Rock: planificación de gas, narcosis y límites de no descompresión.
dd8d9801	Curso SSI de dos días para reconocer, prevenir y gestionar problemas bajo el agua.
300c18ec	Especialidad SSI de un día para tener más tiempo de fondo e intervalos en superficie más cortos con aire enriquecido.
bd2f8404	Cursos SSI desde Chaloklum, Koh Phangan. Open Water 12,900฿ en 3 días, Advanced 12,500฿, Deep 8,500฿, Rescue 11,600฿, Nitrox 4,500฿, Specialty Diver (Deep + Nitrox) 12,500฿. Máximo 4 alumnos por instructor, barco propio y titulación digital al momento.
23ca562e	Cursos de buceo SSI en Koh Phangan — Open Water, Advanced, Deep, Rescue y Nitrox
8c9c4a97	Un buceador completamente rodeado por un denso banco de peces plateados.
066b0147	Cuatro alumnos de Open Water manteniendo la posición juntos a media agua.
c12a497d	Un enorme banco de jureles girando en aguas abiertas.
b7204831	Bloques de coral duro sanos con nubes de peces de arrecife en Koh Ma.
e2f306ee	/ Cursos SSI
d3d97add	Formación internacional SSI en grupos reducidos: máximo cuatro alumnos por instructor, barco propio, equipo de calidad e instructores con más de diez años de experiencia. La titulación llega en formato digital en el momento en que apruebas.
494c86e8	Pregunta por los cursos
0de6b97f	Ver precios
5e52fd48	Las inmersiones de formación son en Sail Rock
179480a6	Empieza aquí · 3 días · titulación SSI
808ecba8	Diver
bc7852fe	La titulación que sirve en todo el mundo. En tres días pasas de las aguas poco profundas de Koh Ma a bucear de forma autónoma con un compañero hasta 18 metros. Máximo cuatro alumnos por instructor, inmersiones reales desde barco en vez de piscina, y tu tarjeta digital el mismo día que terminas. Más de 400 buceadores se han titulado con nosotros desde que abrimos en 2024.
cc669844	Teoría, ejercicios en aguas confinadas e inmersiones en aguas abiertas
674e4126	Todo el equipo incluido, de la XS a la XXL
c58dbcf6	Titulación digital SSI al instante
e1feaac6	¿Aún no lo tienes claro? Prueba antes con un bautismo
8dfb1522	Todos los cursos
bd81c217	Sigue
c376109e	bajando
18ac6bb7	Con la titulación, el golfo se abre. Estos son los cursos que hacemos desde Chaloklum, todos en los mismos grupos reducidos y en el mismo barco.
5032e31b	2 días · SSI
03954e6c	El siguiente paso natural después del Open Water. Puntos más profundos, mejor flotabilidad, mejor navegación e inmersiones que dejan de girar en torno a las técnicas y pasan a girar en torno a dónde estás.
2b1f94ef	Reservar
fe38f2a9	Nuestra recomendación · 2 días · SSI
e87cc9bf	Specialty Diver · Deep + Nitrox
ebbef702	Nuestra recomendación después del Open Water. La titulación SSI Specialty Diver se consigue con dos especialidades cualesquiera, y de la veintena que existen, Deep y Nitrox son las dos que de verdad amplían lo que puedes hacer: 40 metros en Sail Rock y tiempos de fondo más largos y seguros en cada inmersión.
b6ae54b5	Sail Rock baja hasta los 40 metros y este es el curso que te permite aprovecharlos todos. Planificación de gas, narcosis, límites de no descompresión y la disciplina que hace que las inmersiones profundas sean aburridas en el mejor sentido.
32e66a30	El curso que cambia cómo buceas con los demás. Reconocer los problemas antes de que lo sean, gestionarlos cuando ocurren y convertirte en el compañero que todos quieren en su barco.
100fd7f3	1 día · SSI
d0834c53	Más tiempo de fondo, intervalos en superficie más cortos y menos cansancio al final de un día de dos inmersiones. Un día de teoría y práctica, y se amortiza en tu próximo viaje de buceo, estés donde estés.
5479f24d	¿No lo tienes claro?
d667917f	Cuéntanos cómo buceas
3e49b038	y te diremos
a242db90	qué reservar
d7741241	Mándanos tu nivel de titulación, cuántas inmersiones llevas y qué buscas bajo el agua: tortugas, fotografía, profundidad o simplemente ir más relajado. Te daremos una respuesta sincera, aunque sea "no necesitas ningún curso".
48bfaf86	Hablar por WhatsApp
21c68185	Koh Ma · donde empiezan los cursos
d5bad418	Cómo enseñamos
7743503a	Realista,
549acc99	no de manual
a1f12f46	Nuestro equipo lleva más de una década enseñando en Egipto, Filipinas, Camboya, Vietnam e Indonesia, y aquí aplicamos el mismo nivel: briefings claros, puntos elegidos según la marea y no según el horario, y planes de inmersión pensados para las personas que van realmente en el barco.
f4eda47d	Máximo cuatro alumnos por instructor
827e6962	Clases en español, inglés o francés; italiano y alemán gran parte de la temporada
a7606fc6	Equipo nuevo de 2024, revisado a diario
580c9436	Titulación digital SSI en el momento
ecadd2a6	Los cursos empiezan en Koh Ma, tranquilo y sin corriente
e94c09b4	Máximo 20 personas a bordo, siempre
05282a43	Conoce al equipo
a327cb17	¿Listo para
8a7b68bc	titularte?
ac424e4b	Escríbenos con tus fechas y te diremos con sinceridad qué te encaja, incluso si es mejor empezar con un bautismo.
f4daa138	Reservar un curso
733ca28d	Puntos de buceo alrededor de Koh Phangan
96cd109e	Sail Rock (Hin Bai)
8b74761c	Pináculo de granito en mar abierto entre Koh Phangan y Koh Tao, de 5 a 40 m, con un túnel vertical llamado The Chimney. Barracudas, peces murciélago, jureles y, con suerte, tiburones ballena. A una hora en barco desde Chaloklum. Todos los niveles.
843520c6	Jardín de coral duro resguardado a diez minutos de Chaloklum, de 5 a 18 m, sin corriente. Tortugas verdes, peces payaso y sepias. Lo usamos para bautismos y cursos.
1bcdc9de	Pequeño pináculo a diez minutos al este de Chaloklum, de 8 a 20 m, con muchos menos buceadores que Sail Rock. Meros gigantes, morenas y fusileros. Nivel intermedio.
d61fa0aa	Estructura artificial en mar abierto, de 10 a 30 m, que da refugio a enormes bancos de jureles, barracudas y meros. Para buceadores avanzados con más de 20 inmersiones registradas.
e630c3a7	Los cuatro puntos de buceo a los que vamos desde Chaloklum, Koh Phangan: Sail Rock (5–40 m), Koh Ma (5–18 m, sin corriente), Little Sail Rock (8–20 m) y la plataforma petrolífera (10–30 m). Salidas diarias a las 9:30 en nuestro propio barco.
90da509f	Puntos de buceo en Koh Phangan — Sail Rock, Koh Ma, Little Sail Rock y la plataforma petrolífera
b942974b	Sail Rock asomando en mar abierto, visto por encima de la proa del barco rojo de buceo.
2fd445af	Una pareja de peces payaso en una anémona en el arrecife poco profundo de Koh Ma.
d67ed941	Roca de arrecife llena de peces con un denso banco de peces encima.
0f35d182	Un enorme banco de jureles girando bajo las patas de la plataforma petrolífera.
11e552ee	Mapa con Sail Rock en mar abierto entre Koh Phangan y Koh Tao.
f960505a	/ Puntos de buceo
125685c2	Puntos de buceo de Koh Phangan
18b426c2	y Sail Rock
5037c82a	Salidas diarias a las 9:30 desde Chaloklum, en grupos reducidos y en nuestro propio barco. Cuatro puntos, todos desde el mismo muelle, y cuando las condiciones lo permiten, los buceadores titulados visitan más de uno en el mismo día.
5f221a56	Sail Rock · 5–40 m · a una hora
d500e122	Todos los niveles · de principiante a avanzado
aed00582	El famoso pináculo en mar abierto y la razón por la que la gente viene a este lado del golfo. Sube desde 40 metros hasta sobresalir del agua, y un túnel vertical, The Chimney (la Chimenea), lo atraviesa por el centro. Bancos de barracudas y peces murciélago se mantienen en el azul junto a las paredes y, con suerte, pasa un tiburón ballena.
5683e791	Es el mejor buceo del golfo de Tailandia y una inmersión imprescindible. Como salimos a las 9:30, solemos llegar cuando los barcos más madrugadores se van.
675056ad	Profundidad
1fb0f99b	Trayecto
72ab9d03	1 hora
a0db49ba	Nivel
b1c94ca2	Todos
222a267c	Corriente
47c14840	Variable
13dd7272	Más clara
6eb473d4	May–oct
9f7e2112	The Chimney, un túnel vertical
cb7ce2b2	Bancos de barracudas y peces murciélago
cd131327	Tiburones ballena, según temporada y con suerte
3c64dd16	Aquí hacemos las inmersiones del Open Water
5a807c3a	Reservar en Sail Rock
22944a80	Koh Ma · 5–18 m · sin corriente
5bc18747	Principiantes · bautismos · cursos Open Water
117b0e03	A diez minutos en barco de Chaloklum, sin corriente y con un jardín de coral duro realmente sano. Aquí pastan tortugas verdes, los peces payaso defienden sus anémonas y las sepias flotan sobre la arena observándote mientras las observas. Aquí es donde haces tu primera inmersión perfecta.
7dd6a6ab	10 min
2ddabc33	Principiante
6adf97f8	Ninguna
245ac652	Ene–jun
cbc26919	Tortugas verdes
a98181f2	Peces payaso y anémonas
94d04678	Sepias sobre la arena
5384f3c4	Coral duro sano
ccc2bc68	Reservar en Koh Ma
cd4ebf1e	Haz aquí tu bautismo
736efb50	Little Sail Rock · 8–20 m
0b6ba2f6	De intermedio a avanzado · posible corriente
0f9197b3	Little
10c07a18	Una versión en miniatura de Sail Rock, a diez minutos al este de Chaloklum. Llegan muchos menos buceadores y tiene la misma vida: meros gigantes en los salientes, morenas en las grietas y bancos de fusileros pasando por encima. La joya escondida para escapar de las multitudes.
7ed6c322	Posible
f53000e9	Meros gigantes
3203a886	Morenas
5d4a2e09	Bancos de fusileros
a84f17ae	Rara vez masificado
737680f3	Reservar en Little Sail Rock
ad5d8b60	Plataforma petrolífera · 10–30 m · 20+ inmersiones
393a16d7	Solo avanzados · más de 20 inmersiones registradas
2e69df59	Plataforma
419f3742	petrolífera
afaba876	Una estructura artificial sola en mar abierto, con sus patas perdiéndose en el azul. Todo lo que vive en la zona la usa de refugio, así que desciendes entre enormes bancos de jureles y barracudas con meros aparcados debajo. Es la inmersión más diferente y con más adrenalina del golfo.
e33bdd21	Por la profundidad y el mar abierto que la rodea, es para buceadores avanzados con al menos 20 inmersiones registradas.
9b6545e4	Avanzado
6524b678	20+ inmersiones
a1fa2777	Tipo
dc4c7156	Estructura
4c641e60	Enormes bancos de jureles
f7ab1988	Barracudas en cantidad
bcda12cf	Meros bajo las patas
157b3503	La favorita de los clientes junto con Sail Rock
fc6be7b4	Reservar en la plataforma
432ba975	En la carta náutica
45fdbda3	Todo desde
8ccec6a9	un muelle
ce87ed2a	Salimos desde Chaloklum, en la costa norte de Koh Phangan: el muelle en activo más cercano a Sail Rock, que está en mar abierto entre Koh Phangan y Koh Tao.
93b7306e	Sail Rock · mar abierto, a una hora
6fcf3059	¿Qué punto
8a31033e	te conviene?
e80f0f75	Dinos tu nivel y te diremos adónde conviene ir ese día. Las condiciones cambian, y a veces la respuesta sincera es "hoy no toca Sail Rock".
ddb52316	Temporadas en Koh Phangan
29c2f251	¿Cuál es la mejor época para bucear en Sail Rock?
27b4d779	En Sail Rock se puede bucear todo el año. Está más clara aproximadamente de mayo a octubre, a menudo con 20–30 m de visibilidad. De enero a abril el agua lleva más plancton y la visibilidad ronda los 5–10 m, pero ese plancton alimenta los enormes bancos de peces y atrae a los tiburones ballena, así que es bonito de otra manera.
aa4944fa	¿Cuándo hay mejor visibilidad en Koh Ma y Little Sail Rock?
b3c89bb3	De enero hasta más o menos mayo o junio. Los puntos cercanos están más claros justo cuando Sail Rock tiene más plancton, y es una de las razones por las que elegimos la ruta cada mañana según las condiciones.
8b63a622	¿Cuándo es la temporada de tiburón ballena en Sail Rock?
70009e9f	La temporada de manual es de abril a junio, pero los tiburones ballena tienen su propio calendario: también hemos tenido encuentros increíbles en febrero y septiembre. Nadie puede prometerte uno, y eso es parte de la magia.
84601d8b	¿Qué temperatura tiene el agua?
2a668de3	Entre 28 y 30 °C todo el año. Tenemos neoprenos de la XS a la XXL.
0767b951	¿Cerráis durante el monzón?
9050b99e	Abrimos todo el año. El monzón llega más o menos de noviembre a mediados de diciembre. Los días en que el mar está demasiado agitado para que los barcos salgan con seguridad, cancelamos la salida y, si habías reservado, te devolvemos el dinero íntegro.
49e68966	Abrimos en enero de 2024 en Chaloklum, Koh Phangan. Barco propio, máximo 20 buceadores, salida a las 9:30, equipo nuevo de 2024 e instructores SSI con más de 10 años en Egipto, Filipinas, Indonesia y Tailandia. Parte de The Diver's Boat, en Koh Tao desde 2015.
5f3a1380	Quiénes somos — Centro de buceo SSI en Chaloklum, Koh Phangan
233c20ae	El barco rojo de buceo Rungworawan fondeado junto a una isla con buceadores en el agua.
1d92a757	El Rungworawan en su fondeo con buceadores entrando al agua a su lado.
b6edaaa2	Un buceador rodeado por un denso banco de peces plateados.
e65cff64	/ Quiénes somos
ef134e16	Un centro de buceo SSI
c0551dad	en Chaloklum, Koh Phangan
23c233c1	Abrimos en enero de 2024 con una idea clara: buceo seguro, grupos reducidos y un ambiente relajado. Nuestros instructores SSI tienen más de diez años guiando inmersiones en Egipto, Filipinas, Indonesia y Tailandia, y ese nivel ahora está aquí, a bordo de nuestro propio barco.
38c731cd	Habla con nosotros
ee25e0b6	Por qué importa
e9059f9c	¿Por qué elegir un centro
2d6b2f14	con barco propio?
057715aa	Máximo 20 a bordo
fd3bde58	La mayoría de barcos salen con más de 30 buceadores. Nosotros nos limitamos a 20. Menos gente significa un instructor más atento, el equipo montado con calma y más espacio en cubierta entre inmersiones.
6b529184	9:30 desde Chaloklum
65105b24	Una salida más tardía
c3b99528	Nuestra salida a las 9:30 te lleva a Sail Rock y Koh Ma cuando otros barcos ya están volviendo. Puntos de buceo con menos gente y mejor visibilidad.
a0a261a6	Si las condiciones lo permiten
b7591365	Días con varios puntos
6333b89b	Con buceadores titulados visitamos varios puntos alrededor de Koh Phangan en un mismo día. Sail Rock y la plataforma petrolífera son los favoritos. Más vida marina y menos tiempo de trayecto.
e6f7d625	Abierto en enero de 2024
eb65be4e	Diez años, tres idiomas de enseñanza
2d61f0cf	Los instructores
8189ecf6	Experiencia
2d455ae7	internacional,
27373177	conocimiento local
775b5e08	El centro abrió en 2024, pero el equipo que hay detrás lleva más de una década bajo el agua. Hemos trabajado en algunos de los mejores destinos de buceo del mundo y aquí aplicamos el mismo nivel: briefings claros, puntos elegidos según la marea y planes realistas en lugar de los de manual.
9d2a503d	Enseñamos en español, inglés y francés, con italiano y alemán a bordo gran parte de la temporada y ruso algunas fechas. Venimos de Egipto, Filipinas, Camboya, Vietnam e Indonesia. Esa perspectiva global sirve sobre todo para una cosa: explicar la vida marina, las corrientes y la técnica de forma que lo entienda alguien que nunca se ha puesto una máscara.
4686bec7	Del bautismo a cursos SSI avanzados
51cc8582	Adaptamos cada salida a tu nivel
443b9231	Fotografía, profundidad o una inmersión tranquila con tortugas: tú eliges
f2cfdd52	Rungworawan · amplio y estable
04fd2571	Seguridad y equipo
64887e77	Equipo nuevo,
2e6a919f	revisado a diario
ee4fdfb1	Como centro de 2024, todo nuestro equipo es nuevo, y se revisa todos los días. Reguladores, jackets y neoprenos de la XS a la XXL, con mantenimiento oficial SSI desde el primer día. Ven con tu bañador; el resto lo tenemos en tu talla.
4a601c29	Capacidad del barco
5be0faba	Salida
596e61ba	Tallas
0a991a04	Mantenimiento
371bcede	Oficial SSI
fd3f099e	Queremos que te sientas como en casa y te lleves recuerdos para siempre. Nuestros instructores te acompañan desde la preparación hasta el debriefing, y el plan de inmersión se adapta a ti, no al revés.
2891e672	El equipo
fbc27b44	Conoce al
94b44cc5	equipo de Phangan
4523e534	Rui es el corazón de The Diver's Boat Koh Phangan. Lleva la oficina y todas las reservas, se asegura de que el día fluya y te da la bienvenida que te mereces, en inglés o en chino.
40ddff51	Profesional del buceo desde 2015 (empezó como divemaster y le encantó) e instructor SSI desde 2022, con más de 5.000 inmersiones a sus espaldas. Boris dirige a los instructores y divemasters para que cada salida sea segura, divertida y adaptada a tu nivel.
53083b9e	Amplio, estable y totalmente equipado. Nos lleva a Sail Rock cada día. Súbete en la próxima salida y forma parte de su historia.
77deaeac	Nuestros centros
ad3c9425	en Tailandia
46c9d664	Formamos parte de The Diver's Boat. La base principal está en Koh Tao desde 2015, y el centro de Koh Phangan funciona en Chaloklum desde enero de 2024, gestionado en el día a día por Boris y Rui, con más de 400 buceadores titulados hasta ahora. Dos islas, el mismo propietario y el mismo nivel, y uno de los mejores pináculos del sudeste asiático entre ambas.
97a1e53c	Koh Phangan — Chaloklum
b8481406	Koh Tao — base principal
1ba215ed	Ven a
ce04410d	bucear con nosotros
44b9c667	Escríbenos por WhatsApp con tu nivel y tus fechas. Te responde una persona de verdad, normalmente en menos de una hora.
392da486	Fotos de buceo en Koh Phangan
ee4c52ab	Fotos de nuestras propias salidas desde Chaloklum, Koh Phangan: tiburones ballena y barracudas en Sail Rock, tortugas y peces payaso en Koh Ma y enormes bancos de jureles en la plataforma petrolífera.
5942493f	Galería de fotos — Buceo en Koh Phangan con The Diver's Boat
2cb6478d	Un pasillo que se abre a través de una pared de peces plateados en Sail Rock.
2b46e928	Un tiburón ballena deslizándose por el azul en Sail Rock.
1dae9bc8	Un tiburón ballena pasando sobre un grupo de buceadores.
3488250a	Personas haciendo snorkel en superficie sobre un tiburón ballena y un banco de peces.
38b0408e	Un tornado de barracudas girando sobre nuestras cabezas.
b36fcd68	Barracudas suspendidas junto al granito de Sail Rock.
695f4bce	Dos buceadores nadando hacia una densa pared de jureles.
e842088c	Bloques de coral duro sanos con nubes de peces de arrecife.
f2a94a18	Una pareja de peces payaso en una anémona.
2401c78e	Un pez cofre amarillo sobre anémonas y coral blando.
cce122a6	Un cangrejo ermitaño cruzando arena clara.
4978237b	Una medusa translúcida arrastrando largos tentáculos.
1fc4d333	Roca de arrecife llena de peces con un banco de peces encima.
94eabffa	Peces moviéndose sobre un fondo de arena clara.
5263898d	El barco rojo de buceo Rungworawan con buceadores en el agua a su lado.
5320fe9f	Sail Rock asomando del agua, visto por encima de la proa del barco.
1dfc29a0	El barco de buceo en su fondeo bajo un cielo nublado.
b8fe9ccb	Cuatro alumnos de buceo manteniendo la posición juntos a media agua.
e9a0e8b7	Un buceador recorriendo una pared de roca con una linterna.
e707cc59	Un buceador suspendido sobre arena clara en aguas poco profundas.
3d150b8e	Una persona sonriente tumbada en la orilla de una playa luminosa.
db273612	/ Galería de fotos
d7874762	Fotos de buceo
53abbf40	en Koh Phangan
d4da244a	Así es de verdad bucear en Koh Phangan: tortugas, tiburones ballena y sonrisas bajo el agua. Todas las fotos de esta página son de nuestras propias salidas desde Chaloklum.
fe84aad1	Sail Rock y los tiburones ballena
05ed312a	El gran azul
48b03e0b	Sail Rock · a su altura
296e2976	Sail Rock · desde arriba
b3a2101a	Sail Rock · barracudas
47bcb808	Sail Rock · el pináculo
7807b6ab	Plataforma petrolífera · jureles
1318d8b8	Plataforma petrolífera · dentro
fc710e48	Koh Ma y Little Sail Rock
3c0e086b	Lo pequeño
318c58b4	Koh Ma · jardín de coral
08729d4f	Koh Ma · pez payaso
08f60a8f	Little Sail Rock · pez cofre
2358063b	Koh Ma · cangrejo ermitaño
dd6f57b9	Agua azul · medusa
83e014d8	Koh Ma · la arena
503c0f68	El barco y su gente
b94447b8	Sobre el agua
0bfb3b10	Rungworawan · en posición
9750ef4c	Chaloklum · fondeo
1a760da9	Formación · en equipo
e2033b2f	Sail Rock · rodeado
7b7a6e21	Little Sail Rock · la pared
5c13d2da	Koh Ma · primera inmersión
9d7ff50d	Chaloklum · después de bucear
4902494f	¿Quieres tus propias
c30506bb	fotos como estas?
e7cbc47e	Cada salida incluye un vídeo submarino de tu inmersión que te enviamos después. Trae tu cámara si tienes: te enseñaremos lo mejor.
cb7f29df	Ver los puntos de buceo
0d00b9f0	Pasa la linterna por un punto de buceo para devolverle el color
6e13ed61	Volver a la superficie
5696208d	Vuelta al muelle hacia las 15:00
aacc6870	Comida caliente, fruta, bebidas y todo el equipo incluidos
8a8d9896	Comida caliente con arroz, mucha fruta, bebidas frías y calientes, sombra y un baño. El tiempo justo para desaturar bien y comentar lo que habéis visto.
f122681e	Salidas diarias a Sail Rock para buceadores titulados y para principiantes absolutos. Todos los precios incluyen instructor o guía SSI, equipo completo, comida caliente, fruta y bebidas a bordo, y el vídeo submarino de tu inmersión.
a4a596db	Bañador, toalla y protección solar. Todo el equipo de buceo está incluido: reguladores, jackets y neoprenos de la XS a la XXL, todo nuevo de 2024 y revisado a diario. También están incluidos una comida caliente con arroz entre inmersiones, mucha fruta, bebidas frías y calientes y el vídeo submarino de tu inmersión.
774b27d9	Fun Dive 3,200฿, bautismo de buceo 4,200฿, Basic Diver 4,900฿ y snorkel en Sail Rock 1,500฿ desde Chaloklum, Koh Phangan. Instructor SSI, equipo completo, comida caliente, fruta, bebidas y vídeo submarino incluidos.
1f25c296	Dos buceadores nadando uno junto al otro en el azul, entre burbujas.
fdaca575	Bucea con tu titulación o respira bajo el agua por primera vez. Salidas diarias a Sail Rock desde Chaloklum, en nuestro propio barco. Cada salida incluye instructor o guía SSI, equipo completo, comida caliente, fruta y bebidas, y el vídeo submarino de tu inmersión.
0f757210	Comida caliente, fruta, bebidas frías y calientes
ea3dd1ef	Tu instructor o guía SSI, equipo completo (reguladores, jacket y neopreno de la XS a la XXL, todo nuevo de 2024), una comida caliente con arroz entre inmersiones, mucha fruta y bebidas frías y calientes a bordo, y el vídeo submarino de tu inmersión, que te enviamos después.
098dce43	Un buceador nadando bajo una enorme pared de jureles en aguas abiertas.
b68b5e3b	Boris Collado guiando una inmersión a lo largo de una pared de roca, linterna en mano.
1dd36bb6	Todos los días desde el muelle de Chaloklum, Koh Phangan. Te esperamos en el barco a las 9:15.
2790709b	El día antes
c8cd5fc7	Inscripción en la tienda
c29b9d61	Pasa por la tienda de Chaloklum para rellenar la ficha de inscripción. No hace falta probarse el equipo: todo está en el barco, en tu talla.
ef7cc534	A bordo y zarpamos
d36a5898	Te esperamos en el barco, en el muelle de Chaloklum, a las 9:15. Salimos a las 9:30, elegimos la ruta según la marea y las condiciones, y te hacemos el briefing con calma durante el trayecto.
7e5237ed	Tienda abierta a diario de 9:00 a 19:00 para inscribirte · en el barco a las 9:15, salida a las 9:30 del muelle de Chaloklum
6137429e	Escríbenos por WhatsApp con tus fechas y tu nivel. Un depósito asegura tu plaza, y puedes pagar en efectivo o por Revolut. Pasa por la tienda el día antes para rellenar la ficha de inscripción, y el día de la salida te esperamos en el barco, en el muelle de Chaloklum, a las 9:15. Si cancelamos el barco por el tiempo, te devolvemos el dinero íntegro.
7e3fce18	Salimos a las 9:30 desde Chaloklum, así llegamos a los puntos cuando otros barcos ya vuelven. El barco está de vuelta en el muelle de Chaloklum hacia las 15:00, con tiempo de sobra si tienes un ferry a las 17:00. Pasa por la tienda de Chaloklum el día antes para rellenar la ficha de inscripción, y el día de la salida te esperamos en el barco, en el muelle de Chaloklum, a las 9:15. Todo el equipo ya está a bordo, así que no hace falta probárselo en la tienda.
f7848d45	Mándanos tus fechas y tu nivel por WhatsApp. Un depósito asegura tu plaza, y puedes pagar en efectivo o por Revolut. Rellena la ficha de inscripción en la tienda el día antes; abre todos los días de 9:00 a 19:00.
cd8b4c6b	Un tiburón ballena nadando bajo un grupo de buceadores en Sail Rock.
22f6c546	Un buceador descendiendo entre un banco de jureles, con burbujas subiendo.
91dc93b4	Un buceador a contraluz del sol, mirando hacia arriba desde la profundidad.
7e1235ba	Un grupo de buceadores entrando en el mar al atardecer en Koh Phangan.
bdcc4525	Mirando hacia el sol a través de un remolino de jureles.
24f9d581	Sail Rock emergiendo del mar, visto desde la proa del Rungworawan.
3fd6d2b8	Guía del curso día a día
3852a2e2	Curso SSI Open Water
42c7e68b	Titulación SSI de tres días desde Chaloklum, Koh Phangan, para bucear hasta 18 m en cualquier parte del mundo. Desde 10 años. Máximo cuatro alumnos por instructor, habilidades en la bahía de Chaloklum e inmersiones en aguas abiertas en Sail Rock desde nuestro propio barco, titulación digital al instante.
f1322450	Aprende a bucear en Koh Phangan: el curso SSI Open Water Diver en 3 días por 12,900฿, desde 10 años. Máximo 4 alumnos por instructor, nuestro propio barco desde Chaloklum, inmersiones en aguas abiertas en Sail Rock, equipo y comida incluidos.
06018200	Curso SSI Open Water en Koh Phangan — 3 días, 12,900฿ | The Diver's Boat
96881dbb	Un pequeño grupo de buceadores suspendidos juntos en agua azul y transparente.
0d658a4d	Límite Open Water
62ad6a3c	Azul profundo
06388495	/ Open Water
2ea1bb49	Curso SSI Open Water
6a691a2c	en Koh Phangan
87b8df42	Aprende a bucear en tres días y llévate una titulación que te permite bucear hasta 18 metros en cualquier parte del mundo. Grupos pequeños de cuatro, nuestro propio barco desde Chaloklum y tus inmersiones en aguas abiertas en Sail Rock, el mejor punto de buceo del golfo: 12,900฿ con todo incluido.
a271bcad	Ver los tres días
0e1d7a53	Cuatro alumnos, un instructor
78848b5e	De un vistazo
1de324b1	Tu primera
f1fd1913	titulación
cb702d7c	SSI Open Water Diver es el curso que te convierte de alguien que ha probado el buceo en un buceador. Aprendes la teoría, practicas las habilidades en las aguas poco profundas de la bahía de Chaloklum y luego lo juntas todo en inmersiones de verdad en el golfo de Tailandia. Al terminar puedes bucear con un compañero, sin instructor, hasta 18 metros.
da839da5	Instructor SSI que enseña en inglés, español o francés
ad06dd39	Todo el equipo, nuevo de 2024, tallas XS a XXL
a27fd382	Días de barco con comida caliente, fruta y bebidas
d9a12867	Titulación SSI digital el mismo día que apruebas
d429c1f9	Cómo es el curso
d6b9f9cb	Tres días,
86c70f8e	paso a paso
3c936dc9	Todos los cursos empiezan en las aguas poco profundas de la bahía de Chaloklum, justo delante del centro de buceo, y pasan después a inmersiones de verdad en Sail Rock. El plan exacto depende del mar y del grupo, pero esta es la idea.
903d3b1a	Antes de llegar
cb832682	Teoría online
6c2b28a8	Tienes el e-learning de SSI desde el momento en que reservas. Regístrate desde casa y empieza a estudiar incluso antes de que empiecen tus vacaciones.
218f0b83	Día uno
90ddad88	Habilidades en la bahía de Chaloklum
19641f96	Repaso de la teoría y después las habilidades básicas, una a una, en aguas poco profundas desde la playa, con una primera inmersión corta. Solo en piscina si el mar no lo permite.
0efd89ad	Día dos
7b7d9c56	Primeras inmersiones en aguas abiertas
b33cc651	Salimos en barco a Sail Rock. Repites las habilidades en inmersiones de verdad y empiezas a disfrutar de los peces: barracudas, peces murciélago, jureles.
ab1f4de8	Día tres
917ac285	Últimas inmersiones y examen
b7eb0747	Tus últimas inmersiones de formación, un poco más profundas, y después el examen final. Si el mar o el grupo lo necesitan, buceamos en Koh Ma, más tranquilo y menos profundo.
d051d9d0	El mismo día
8de1b104	Tu titulación SSI aparece al momento en la app MySSI, reconocida en centros de buceo de todo el mundo.
9d4aac13	Koh Ma · plan B tranquilo para los cursos
55b30dc8	Quién puede hacerlo
d757de10	No hace falta
c0ca5324	experiencia
47e5b1db	No necesitas haber buceado antes ni ser un atleta. Si te sientes cómodo en el agua y tienes una salud razonable, este curso es para ti.
305d3ced	Desde 10 años: de 10 a 14 años se obtiene la titulación Junior Open Water
f4fc25b7	Saber nadar y flotar con soltura; lo comprobamos en el agua el primer día
e284aae5	Un breve cuestionario médico; algunas condiciones requieren la firma de un médico
88fa8d23	No volar hasta 18 horas después de la última inmersión del curso
628f3b92	Por qué aprender con nosotros
a737cfa5	Un lugar tranquilo
5c5a50e7	para aprender
b2d56a35	Koh Phangan es más tranquila que Koh Tao, y sus puntos de buceo también. Aprender sin una multitud alrededor hace que las primeras inmersiones sean mucho más relajadas, y aun así buceas en Sail Rock, que está más cerca de nuestro muelle de Chaloklum que de cualquier otro punto de la isla.
2340517c	Máximo cuatro alumnos por instructor, nunca una clase grande
399e1938	Nuestro propio barco, el Rungworawan, con un máximo de 20 buceadores a bordo
dea426ba	Instructores con más de diez años enseñando en Asia y Egipto
be508191	Más de 400 buceadores titulados desde que abrimos en enero de 2024
3a215f49	5.0 en Google con 354 reseñas
0814f7ec	Agua a 28–30°C todo el año
6ce3bdc3	Preguntas
f3021b4c	Preguntas sobre el Open Water
ffa6d1d7	¿Cuánto cuesta el curso SSI Open Water en Koh Phangan?
bf075885	12,900฿ por persona. Incluye tu instructor SSI, el e-learning, todo el equipo, los días de barco con comida y bebidas, el vídeo de tus inmersiones y tu titulación. No hay nada más que pagar.
f8241d8a	¿Cuánto dura el curso Open Water?
da170eed	Tres días. Antes del primer día puedes estudiar la teoría online a tu ritmo, así queda más tiempo para el agua.
8eefa60f	¿SSI está reconocido igual que PADI?
cc11ecf7	Sí. SSI y PADI forman según los mismos estándares internacionales, y la titulación SSI Open Water Diver se acepta en centros de buceo de todo el mundo, también en los centros PADI.
ff1db956	¿Tengo que nadar muy bien?
c4ec46a0	No. Tienes que sentirte cómodo en el agua: poder nadar una distancia corta sin parar y flotar unos minutos. La velocidad no importa, y lo comprobamos juntos el primer día.
607e391d	¿Pueden hacer el curso Open Water los niños?
c231d138	Sí, desde los 10 años. Los buceadores de 10 a 14 años obtienen la titulación SSI Junior Open Water Diver, con algunos límites de profundidad hasta que cumplen 15, cuando la tarjeta pasa a Open Water Diver completa.
c626b3ef	¿Y si estoy nervioso o no sé si me va a gustar?
a4cbec2c	Empieza con un bautismo: un día, sin titulación. Si te gusta, dínoslo y te explicamos cómo continuar con el curso Open Water. Es normal estar nervioso, y los grupos de cuatro nos dan tiempo para todos.
be08afba	¿Dónde se hacen las inmersiones del curso?
0400552a	Las primeras habilidades se practican en la bahía de Chaloklum, en aguas poco profundas desde la playa. Preferimos el mar a la piscina: el agua salada tiene una densidad distinta a la dulce, y en la playa hay más espacio y se puede hacer una primera inmersión corta. Las inmersiones en aguas abiertas de los días dos y tres son en Sail Rock, un pináculo en mar abierto a una hora en barco. Cuando el mar o los alumnos lo necesitan, vamos a Koh Ma, un jardín de coral más tranquilo y menos profundo a diez minutos del muelle.
dab6842d	¿Qué tengo que traer?
c81aff7b	Bañador, toalla, protección solar y algo de abrigo para la vuelta en barco. Todo el equipo de buceo está en el barco en tu talla. Si llevas gafas y necesitas una máscara graduada, avísanos antes de llegar.
3ad814cf	¿Cuándo puedo volar después del curso?
2266dc71	La recomendación habitual es 12 horas después de una sola inmersión poco profunda, 18 horas después de varias inmersiones o de una inmersión profunda, y 24 horas después de una inmersión con descompresión. En el curso se hacen varias inmersiones al día, así que cuenta con 18 horas. El ferry no requiere espera: volvemos al muelle hacia las 15:00, a tiempo para un ferry de las 17:00.
b746ca6a	¿Listo para convertirte
59464890	en buceador?
bd6b8f06	Mándanos tus fechas por WhatsApp y te confirmamos plaza en el próximo grupo de Open Water. Una señal reserva tu plaza; el resto se paga en efectivo o por Revolut.
552167be	¿Ya tienes titulación? Mira los
e83c5382	siguientes cursos
76a38a6a	o ven a un
7ac32a8d	Guía completa de Sail Rock
46126ca1	Guía de buceo en Sail Rock
4302de99	Guía de buceo de Sail Rock, el pináculo en mar abierto entre Koh Phangan y Koh Tao: profundidades, The Chimney, vida marina, temporadas, tiburones ballena y cómo bucearlo desde Chaloklum.
918a8a0d	Manager e instructor principal, instructor SSI
bc374a9b	Todo sobre bucear en Sail Rock (Hin Bai), el mejor punto de buceo del golfo de Tailandia: 5–40 m, la chimenea (The Chimney), barracudas, peces murciélago y tiburones ballena, visibilidad mes a mes y cómo llegar desde Chaloklum, Koh Phangan.
9797432d	Guía de buceo en Sail Rock — Profundidad, temporadas, tiburón ballena y la chimenea | Koh Phangan
6661cf25	Un buceador nadando junto a una pared de roca cubierta de coral y peces pequeños.
369b0f9b	Un banco de barracudas girando junto a la roca en Sail Rock.
959092a2	Cuatro peces murciélago nadando juntos en agua azul.
1246be2d	Un tiburón ballena pasando junto a los buceadores en Sail Rock.
f7e3d378	/ Guía de Sail Rock
11131ee9	guía de buceo
19d6f891	Un pináculo de granito solo en mar abierto entre Koh Phangan y Koh Tao, que sube desde 40 metros hasta por encima de la superficie. Bancos de barracudas y peces murciélago, una chimenea que atraviesa la roca y, algunos días, un tiburón ballena. Esto es lo que te espera, cuándo ir y cómo bucearlo.
e381e147	Cuándo ir
507cbf18	El sitio · Hin Bai
58a05744	Una roca,
31de6a05	mar abierto
f80f5a63	Sail Rock —Hin Bai en tailandés— está sola en mar abierto, lejos de cualquier arrecife. Sin otro sitio donde refugiarse, los peces de mar abierto se concentran a su alrededor: por eso es el mejor punto de buceo del golfo y el que casi todos los buceadores de Koh Phangan y Koh Tao quieren ver.
6946dbda	La roca cae por todos sus lados, así que hay una profundidad para cada nivel: los buceadores nuevos se quedan en las paredes altas, los titulados rodean el pináculo más abajo y los que tienen Deep pueden llegar al fondo de arena a 40 metros.
2e999d0f	Desde Chaloklum
27634ff8	Agua
227165fc	Las paredes de Sail Rock
ae530246	La chimenea
0ef0b86d	Un túnel
c51960fd	a través de la roca
c7466b30	Lo más característico de Sail Rock es un túnel vertical que atraviesa el pináculo por el centro. La entrada de arriba está a 6 metros, la de abajo a 18, y a mitad de camino se abre una ventana en la pared entre los 10 y los 14 metros.
17b04f44	Se puede hacer de arriba abajo, de abajo arriba, o entrar y salir por la ventana. Preferimos hacerla de arriba abajo: bajando se evita cualquier ascenso descontrolado. No hace falta ningún curso especial: a diferencia de una cueva, está abierta a la superficie, así que en una emergencia siempre puedes subir directamente. Tu guía decide en el momento, según tu nivel.
a874f54b	Qué vas a ver
a828f1a2	Grandes bancos,
39857bb4	grandes visitantes
06ddd841	Sail Rock es sinónimo de peces en cantidad. Los bancos se quedan en el azul junto a las paredes, y los visitantes más grandes llegan desde mar abierto para alimentarse de ellos.
decdcc41	Todo el año
d8ebf6a0	Barracudas
5199b496	(Sphyraena spp.)
7ff02deb	Enormes bancos en espiral, a menudo justo al lado de la roca. La imagen que casi todos los buceadores se llevan de Sail Rock.
9c02d9d9	Peces murciélago y jureles
d9adf8e6	(Platax spp., Caranx spp.)
e65e7043	Peces murciélago curiosos que se acercan a mirarte, y jureles cazando en los bordes de los bancos.
b85d5ba1	Con suerte
97ae0adb	Tiburones ballena
169b49a7	(Rhincodon typus)
ba3f8fd6	El pez más grande del mar visita Sail Rock para alimentarse de plancton. La temporada clásica es de abril a junio, pero también los hemos visto en febrero y septiembre.
7c5345b4	a lo largo del año
97874721	Sail Rock se puede bucear todo el año, y el agua se mantiene a 28–30°C. Lo que cambia es la visibilidad y quién viene de visita.
36584f1e	Enero – abril
c10e4402	Agua verde, mucha vida
91444c60	Más plancton y una visibilidad de unos 5–10 m. Ese plancton alimenta a los grandes bancos y atrae a los tiburones ballena.
472063be	Abril – junio
9190b530	Temporada de tiburón ballena
4e73ffda	Los meses clásicos del tiburón ballena, con el agua empezando a aclararse. Nunca garantizado, siempre esperado.
c5e7d15b	Mayo – octubre
f5097a2e	El agua más clara
c9b2765c	Sail Rock en su momento más claro, a menudo con 20–30 m de visibilidad. Los mejores meses para ver el pináculo entero de un vistazo.
0c7ecd90	Noviembre – mediados de diciembre
7198f9aa	Monzón
5ef001e9	Seguimos abiertos, pero los días en que el mar no es seguro el barco no sale y te devolvemos el dinero.
850d8f4d	Cómo verlo
771c36bb	Una forma de ir
7098c0dc	para cada nivel
bd512cb7	Salimos de Chaloklum a las 9:30 en nuestro propio barco, el Rungworawan, y normalmente llegamos cuando los primeros barcos se están yendo. Dos inmersiones, comida caliente en cubierta y vuelta al muelle hacia las 15:00.
831faa49	Dos inmersiones guiadas con un máximo de cuatro buceadores por guía. Con la especialidad Deep se puede bajar hasta el fondo a 40 m.
0f03b9a5	Aprende a bucear
06d55830	Curso Open Water
450da5a5	Tus inmersiones de formación en aguas abiertas se hacen aquí, así que te titulas en el mejor punto del golfo.
d9f2f59f	Sin bucear
001a4af8	La parte alta de la roca está cerca de la superficie, así que quien hace snorkel también ve los bancos, y a veces un tiburón ballena.
8dcbc6f5	Preguntas sobre Sail Rock
6103e10b	¿Dónde está Sail Rock?
3c5536eb	En mar abierto entre Koh Phangan y Koh Tao, en el golfo de Tailandia. Desde nuestro muelle en Chaloklum, en la costa norte de Koh Phangan, está a una hora en barco aproximadamente.
0a5e34ba	¿Qué profundidad tiene Sail Rock?
b4946145	La roca sube desde unos 40 metros hasta por encima de la superficie. La mayoría de las inmersiones van de 5 a 30 metros; el fondo a 40 metros es para buceadores con la especialidad Deep.
62b87d7f	¿Pueden bucear en Sail Rock los principiantes?
2dbcf587	Sí. Las partes poco profundas de la roca son adecuadas para bautismos y alumnos de Open Water, y nuestras inmersiones del curso Open Water se hacen aquí. Los días de mar movido podemos elegir para los principiantes Koh Ma, que es más tranquilo.
a3447357	Se puede bucear todo el año. El agua está más clara de mayo a octubre aproximadamente, a menudo con 20–30 m de visibilidad. De enero a abril hay más plancton y menos visibilidad, pero más vida, y los tiburones ballena son más probables de abril a junio.
10453eb1	¿Veré un tiburón ballena en Sail Rock?
91e4abf9	Nadie puede prometerlo. La temporada clásica es de abril a junio, y también hemos tenido encuentros increíbles en febrero y septiembre. Cuando aparece uno, es la inmersión de tu vida.
dccece61	¿Qué es la chimenea (The Chimney)?
5de67eb8	Un túnel vertical que atraviesa el pináculo, desde 6 metros arriba hasta 18 metros abajo, con una ventana en la pared entre los 10 y los 14 metros. Normalmente la hacemos de arriba abajo para evitar ascensos descontrolados. Está abierta a la superficie, así que no hace falta ningún curso especial; tu guía decide en el momento si es adecuada para tu nivel.
27135f3d	¿Hay corriente en Sail Rock?
5f31d0c3	A veces. Al estar en mar abierto, la corriente cambia de un día a otro, pero normalmente solo pega en un lado de la roca. Planificamos cada inmersión para evitarla y te lo explicamos en el briefing del barco antes de entrar al agua.
db0f5978	¿Es mejor bucear en Sail Rock desde Koh Phangan o desde Koh Tao?
2a1a4d09	Desde las dos islas salen barcos. Desde Chaloklum se tarda una hora aproximadamente, y con nuestra salida a las 9:30 normalmente llegamos cuando los primeros barcos se van, así que la roca está más tranquila.
9f43cee0	¿Cuánto cuesta bucear en Sail Rock?
ca1d9880	Un día de Fun Dive con dos inmersiones cuesta 3,200฿ para buceadores titulados, y la excursión de snorkel 1,500฿. Ambos incluyen equipo, comida caliente, fruta, bebidas y vídeo submarino.
2960bb4d	¿Listo para
2f787301	Sail Rock?
42abee25	Cuéntanos tu nivel y tus fechas por WhatsApp, y te diremos con sinceridad cómo está el mar y qué día conviene ir.
4ec3b6f3	Mira también nuestros otros
28cd5079	puntos de buceo en Koh Phangan
23e48d54	Guía del tiburón ballena
72330be2	Tiburones ballena en Koh Phangan
3f010390	Guía para ver tiburones ballena en Koh Phangan: la temporada, por qué vienen a Sail Rock, bucear o hacer snorkel con ellos y cómo comportarse en el agua.
290e6e9e	Tiburón ballena
4d97eb99	Cuándo y dónde ver tiburones ballena en Koh Phangan: la temporada de abril a junio en Sail Rock, avistamientos en febrero y septiembre, bucear o hacer snorkel con ellos y cómo comportarse junto al pez más grande del mar.
a0c80673	Tiburones ballena en Koh Phangan — Temporada, Sail Rock y cómo verlos
3af2e339	Un tiburón ballena nadando en agua azul en Sail Rock.
adb0878b	Una persona haciendo snorkel en la superficie sobre un tiburón ballena.
0311f7bb	Buceadores suspendidos con calma junto a un banco de jureles.
f7521203	/ Tiburones ballena
a61a0b95	El pez más grande del mar visita Sail Rock, a una hora en barco de nuestro muelle en Chaloklum. Aquí te contamos cuándo vienen, por qué vienen y cómo tener más posibilidades de compartir el agua con uno.
f6f9fb8a	Ver la temporada
d0f230b4	Sail Rock · un visitante de mar abierto
d09ae7aa	El animal · Rhincodon typus
45f8070a	Un gigante
54cf0d15	tranquilo
49d17f1a	A pesar del nombre, el tiburón ballena es un pez: el pez más grande que existe. Se alimenta filtrando plancton y peces diminutos del agua, no tiene ningún interés en las personas y nada tan despacio que puedes nadar a su lado un buen rato.
b81bd663	Cada tiburón ballena tiene su propio dibujo de manchas blancas, único como una huella dactilar. La especie está catalogada en peligro de extinción, un motivo más para tratar cada encuentro con respeto.
66180baa	Dieta
52b8f2cc	Plancton
990816b6	Peligro
ec53a8c4	Estado
e8ffc938	En peligro
a93c0df5	Mejores meses
860f1984	Abr–jun
b51e0d04	Los tiburones ballena siguen al plancton. De enero a abril el agua alrededor de Sail Rock está llena de él, los grandes bancos de peces se alimentan de él y los tiburones ballena llegan detrás. Pero tienen su propio calendario.
f3664d67	Enero – marzo
02d31d40	Se acumula el plancton
34a43e42	Agua más verde y una visibilidad de unos 5–10 m, pero con mucha comida. Hemos tenido encuentros increíbles en febrero.
41101e08	La temporada clásica
9f6f8624	Los meses con más posibilidades, cuando el agua empieza a aclararse. Si tu objetivo es el tiburón ballena, ven en estas fechas.
5a579661	Julio – octubre
5e0d9894	Agua clara, alguna sorpresa
4702601c	Sail Rock en su momento más claro. Los avistamientos son menos frecuentes, pero ocurren: septiembre nos ha dado algunos de los mejores.
5590d867	Algunos días el mar está movido. Cuando no es seguro, el barco no sale y te devolvemos el dinero.
e51134a1	Nadie puede prometer un tiburón ballena, y quien lo hace está adivinando. Lo que sí podemos prometer es Sail Rock, con sus barracudas, peces murciélago y jureles, que es una gran inmersión cualquier día.
5e497e48	Cómo ver uno
9ec1eb6a	Buceando o
f5ca7a69	con snorkel
81e04e07	Los tiburones ballena se alimentan cerca de la superficie tanto como en profundidad, así que no hace falta ser un buceador experimentado. Cuantos más días pases en Sail Rock, más posibilidades tendrás.
2a738e31	Dos inmersiones en Sail Rock con un máximo de cuatro buceadores por guía, que saben dónde mirar.
1dd60fb8	Tus inmersiones en aguas abiertas son en Sail Rock, así que podrías ver tu primer tiburón ballena mientras aún estás aprendiendo.
cbf4e9a0	Ven en el mismo barco y haz snorkel en Sail Rock. Cuando un tiburón ballena come cerca de la superficie, quien hace snorkel tiene la mejor vista.
6a373948	Dale espacio
0a930504	En el agua
f96e0d19	Cómo comportarse
56fadebf	junto a uno
f1ca846b	Un tiburón ballena tranquilo se queda más tiempo. Estas son las normas que explicamos en el barco, para buceadores y para quienes hacen snorkel.
92428b1a	No lo toques nunca, ni intentes montarte o agarrarte
4acb0f89	Mantén unos metros de distancia de su cuerpo, y más de su cola
3f540246	No nades delante de él ni le cortes el paso
31ddf5e0	No lo persigas: deja que él decida quedarse
4039e516	Nada de fotos con flash
ea90c742	Mantén la calma y respira despacio: disfrútalo
92bf5fad	Preguntas sobre el tiburón ballena
3f0cc39c	¿Cuándo es la temporada de tiburón ballena en Koh Phangan?
70eabfe7	La temporada clásica en Sail Rock es de abril a junio. Aun así, los tiburones ballena tienen su propio calendario: también hemos tenido encuentros increíbles en febrero y septiembre, y es posible verlos en otras épocas del año.
aef44a97	¿Dónde puedo ver tiburones ballena cerca de Koh Phangan?
11da92e8	En Sail Rock, el pináculo en mar abierto entre Koh Phangan y Koh Tao. Es el mejor lugar de esta parte del golfo de Tailandia para encontrarlos, a una hora en barco desde Chaloklum aproximadamente.
ef887ccd	¿Está garantizado ver un tiburón ballena?
0eb89a9e	No. Son animales salvajes que van y vienen con el plancton, y nadie puede prometerlo. Bucear en Sail Rock varios días durante la temporada es la mejor forma de aumentar tus posibilidades.
5f922e38	¿Son peligrosos los tiburones ballena?
28d4d59b	No. Los tiburones ballena se alimentan de plancton y peces pequeños y son inofensivos para las personas. El único riesgo real es para el tiburón ballena, por eso pedimos a todos que mantengan la distancia y no lo toquen nunca.
9323431c	¿Puedo ver un tiburón ballena sin bucear?
b8759e87	Sí. Los tiburones ballena a menudo comen cerca de la superficie, y quien quiera hacer snorkel puede venir en nuestro barco a Sail Rock por 1,500฿. Algunos de los mejores encuentros ocurren justo en la parte alta de la roca.
8001d591	¿Tengo que ser un buceador experimentado?
f9390c4c	No. Los tiburones ballena nadan a todas las profundidades y a menudo cerca de la superficie, así que los alumnos de Open Water y quienes hacen snorkel tienen las mismas posibilidades que los buceadores experimentados. Lo importante es estar en el agua el día adecuado.
dc8f9e6f	¿Tendré fotos del tiburón ballena?
c4d24e81	Todas las salidas incluyen el vídeo submarino de tu inmersión, así que si pasa un tiburón ballena, te lo llevas a casa. Recuerda: sin flash.
3cd5c763	Busca
91c75cf7	un tiburón ballena
5e758b1b	Mándanos tus fechas por WhatsApp. Te diremos con sinceridad qué se ha visto últimamente en Sail Rock y qué días pintan mejor.
226d1ab2	Pregunta por WhatsApp
dc8b2822	Lee más en nuestra
59099e75	La temporada
35333c67	del tiburón ballena
c0c61189	Seamos realistas: las posibilidades de ver uno en un día concreto son bajas. Aquí nadie alimenta ni atrae a los tiburones ballena: cada encuentro es completamente natural, y precisamente por eso es tan especial. Y Sail Rock, con sus barracudas, peces murciélago y jureles, es una gran inmersión cualquier día.
1c53e596	Mantén 3–4 metros de distancia de su cuerpo y 4–5 metros de su cola
04adb142	No, y las posibilidades en un día concreto son bajas. Aquí nadie alimenta ni atrae a los tiburones ballena: van y vienen de forma natural con el plancton, y eso es lo que hace cada encuentro tan especial. Bucear en Sail Rock varios días durante la temporada es la mejor forma de aumentar tus posibilidades.
4a6f8619	Sí. Los tiburones ballena a menudo comen cerca de la superficie, y algunos de los avistamientos más espectaculares que hemos tenido fueron haciendo snorkel. Quien quiera hacer snorkel puede venir en nuestro barco a Sail Rock por 1,500฿.
6c1f3b0f	Curso SSI Advanced Open Water
bbbca29c	Curso SSI de dos días con cinco inmersiones de aventura desde Chaloklum, Koh Phangan: Profunda y Navegación, y normalmente Flotabilidad perfecta, Fotografía e Identificación de peces. Titula hasta 30 m. Desde 12 años, justo después del Open Water.
d1d73a8e	El curso SSI Advanced Open Water en Koh Phangan: 2 días, 5 inmersiones de aventura (Profunda, Navegación, Flotabilidad perfecta, Fotografía, Identificación de peces), titulación hasta 30 m, desde 12 años. Justo después del Open Water, 12,500฿ con todo incluido.
dc1a5506	Curso SSI Advanced Open Water en Koh Phangan — 2 días, 5 inmersiones, 12,500฿
9afb988e	/ Advanced Open Water
6e88f52f	Dos días y cinco inmersiones de aventura que te llevan de buceador novato a buceador con confianza, con titulación hasta 30 metros. Puedes empezar al día siguiente de tu Open Water: 12,500฿ desde Chaloklum, Koh Phangan, con todo incluido.
46180f23	Reservar Advanced
47021407	Ver las cinco inmersiones
dcb41a85	De 18 a 30 metros
9ab70f01	El siguiente
2764ca9d	paso
d1381d4e	El Open Water te enseña a bucear. El Advanced Open Water es donde empiezas a disfrutarlo: mejor flotabilidad, orientarte solo bajo el agua, bajar más profundo con seguridad y fijarte en lo que te rodea en lugar de en tu equipo.
d949b1bc	Inmersiones
eeedf685	12 años
68c72f84	El curso
e5d9de39	Cinco inmersiones
474cce86	de aventura
6c30e82a	Profunda y Navegación forman parte de todos los cursos Advanced. Las otras tres suelen ser Flotabilidad perfecta, Fotografía e Identificación de peces: las que más cambian las inmersiones que harás después.
b651efdb	Obligatoria
21d01af1	Profunda
d7774fa8	Hasta 30 metros con tu instructor: planificar el aire, reconocer la narcosis y ver cómo los colores se apagan con la profundidad.
846495f9	Navegación
b3a6c884	Navegación con brújula y natural, para que puedas guiar y encontrar siempre el camino de vuelta al barco.
94eeb985	Normalmente
8e7f450c	Flotabilidad perfecta
41e36cea	Ajustar el lastre y la respiración para flotar sin esfuerzo: menos consumo de aire y sin tocar el arrecife.
a2a5c33e	Fotografía
c1106e13	Lo básico de la fotografía submarina: acercarte, quedarte quieto y aprovechar la luz.
d0e91e47	Identificación de peces
7c9c1294	Aprender a reconocer los peces del golfo de Tailandia, para que cada inmersión sea más interesante.
ed256159	Sail Rock · donde se hacen la mayoría de las inmersiones
8b8c30e0	Dónde buceas
5d1d5180	Más de
eabfaac2	un sitio
cededd12	La mayoría de las inmersiones del Advanced se hacen en Sail Rock, cuyas paredes bajan hasta 40 metros: perfecta para la inmersión profunda.
cc63dbc8	De enero a mayo, cuando las condiciones allí suelen ser mejores, también buceamos en Koh Ma o Little Sail Rock. Así terminas el curso habiendo buceado en más de un sitio, que ya es una buena práctica en sí.
d599eb79	Nuestros puntos de buceo
773a7af3	Justo después del
55b4c3ce	No necesitas más inmersiones ni experiencia: las cuatro inmersiones de tu curso Open Water son suficientes. Muchos de nuestros alumnos hacen los dos cursos seguidos y terminan con cinco días de buceo.
d0adf4bf	Titulación Open Water Diver
5880e402	Desde 12 años
6107926e	Un breve cuestionario médico, como en todos los cursos
cc5a373a	Preguntas sobre el Advanced
c377704f	¿Cuánto cuesta el curso SSI Advanced Open Water en Koh Phangan?
5465506c	12,500฿ por persona, con todo incluido: tu instructor SSI, todo el equipo, los días de barco con comida y bebidas, el vídeo de tus inmersiones y tu titulación.
ed79a112	¿Cuánto dura el curso Advanced?
ac6ffb4c	Dos días, con cinco inmersiones de aventura.
08e63a86	¿El Advanced Open Water es lo mismo que el Advanced Adventurer?
c88afa91	Sí. A principios de 2026 SSI cambió el nombre del curso Advanced Adventurer a Advanced Open Water. El nivel que se obtiene con cuatro especialidades y 24 inmersiones registradas ahora se llama Advanced Specialty Diver.
3b04277e	¿El Advanced Open Water de SSI es lo mismo que el de PADI?
81fb5c18	Son equivalentes: cinco inmersiones de aventura, con Profunda y Navegación en ambos, y titulación hasta 30 metros. Cada agencia reconoce la titulación de la otra.
1346fa5d	¿Necesito más inmersiones después del Open Water?
12382f60	No. Las cuatro inmersiones de tu curso Open Water son suficientes, y puedes empezar el Advanced al día siguiente.
02f43c16	¿Qué inmersiones haré?
965222d6	Siempre Profunda y Navegación. Las otras tres suelen ser Flotabilidad perfecta, Fotografía e Identificación de peces. Si te interesa otra cosa, dínoslo al reservar.
a903c9f5	¿A qué profundidad puedo bucear después del curso?
47d5217c	Hasta 30 metros. Para bajar a 40 metros, el siguiente paso es la especialidad Deep.
c1372491	¿Qué viene después del Advanced?
398e3d39	El curso Specialty Diver con Deep y Nitrox, que te permite bucear el fondo de Sail Rock a 40 metros con más tiempo de fondo, y el curso Rescue Diver.
2a21dc92	¿Listo para
6fefe1bc	ir más lejos?
be4b47eb	Mándanos tus fechas por WhatsApp, solas o justo después de tu Open Water, y te confirmamos plaza.
490dbb25	¿Aún no tienes titulación? Empieza con el
37fbd06d	, o mira
67f9d6ba	todos nuestros cursos
91b90ba7	Desde 12 años: de 12 a 14 años la profundidad máxima es de 21 metros
73ad4ea3	Hasta 30 metros, o 21 metros para buceadores de 12 a 14 años. Para bajar a 40 metros, el siguiente paso es la especialidad Deep.
e5890ab3	Teoría · con 2 inmersiones 7,500฿
0d7b2395	Cursos SSI desde Chaloklum, Koh Phangan. Open Water 12,900฿ en 3 días, Advanced 12,500฿, Deep 8,500฿, Rescue 11,600฿, Nitrox desde 4,500฿, Specialty Diver (Deep + Nitrox) 12,500฿. Máximo 4 alumnos por instructor, barco propio y titulación digital al momento.
2ba8f3f1	Cursos SSI de Deep y Nitrox
07762da5	Cursos SSI de Deep y Nitrox en Koh Phangan
6ec4f404	Dos días y cuatro inmersiones en Sail Rock: tres de Deep (18–24 m, 24–30 m, 30–40 m) y una con Nitrox, con la teoría en el barco y un examen final en la tienda. Desde 15 años.
a613e42b	Especialidad SSI de dos días hasta 40 m en Sail Rock: planificación del gas, narcosis y límites de no descompresión. Desde 15 años.
d621b541	Especialidad SSI Enriched Air Nitrox: solo teoría, o teoría con dos inmersiones con nitrox. Desde 15 años.
eeeb38fe	Solo teoría
245b86f5	Teoría y dos inmersiones
703a9768	Deep y Nitrox SSI en Koh Phangan: el curso Specialty Diver en 2 días con 4 inmersiones en Sail Rock, hasta 40 m, desde 15 años, 12,500฿. O por separado: Deep 8,500฿, Nitrox 4,500฿ solo teoría o 7,500฿ con 2 inmersiones.
8bb5d036	Cursos SSI de Deep y Nitrox en Koh Phangan — Specialty Diver 12,500฿
af027a35	Buceadores en la cubierta de nuestro barco entre inmersiones.
ff6f4474	/ Deep y Nitrox
a104fff8	Deep y Nitrox
6bcaab03	Las dos especialidades que de verdad cambian tu buceo: 40 metros en Sail Rock y más tiempo de fondo en cada inmersión. Juntas forman el curso SSI Specialty Diver: dos días, cuatro inmersiones, 12,500฿.
c17922bb	Reservar Deep + Nitrox
017505a6	Hacerlos por separado
6a9f3ef0	Sail Rock · hasta 40 m
b2d8f538	Nuestra recomendación después del Open Water
e36e8ed7	Deep + Nitrox
ecd06403	SSI otorga la titulación Specialty Diver al completar dos especialidades cualesquiera. De todas las opciones, Deep y Enriched Air Nitrox son las dos que de verdad amplían lo que puedes hacer, y por eso las recomendamos como siguiente paso después del Open Water.
f3416fc7	15 años
833ade9b	Normalmente lo imparte Boris, nuestro instructor principal, en español o inglés
1c15a954	Todo el equipo y las botellas de nitrox incluidos
02fd0b8e	Dos titulaciones SSI más la titulación Specialty Diver
bfb83f98	Cuatro inmersiones,
256db51e	Las inmersiones de Deep bajan en tres etapas, para que cada nueva profundidad te resulte familiar antes de seguir. Todas se hacen en Sail Rock, cuyas paredes bajan hasta un fondo de arena a 40 metros.
a66d00ff	Deep · 18–24 m
eb6162bd	Primer escalón
26c17e8f	Justo por debajo de tu límite de Open Water: revisar el aire más a menudo y ver cómo la profundidad cambia tu tiempo sin descompresión.
2130fa74	Deep · 24–30 m
78737645	Ganando confianza
ad6df53d	Planificar el gas, reconocer la narcosis en ti mismo y ver cómo se apagan los colores al cambiar la luz.
1d2f0a44	Deep · 30–40 m
181b19cc	El fondo de Sail Rock
6483829d	Hasta la arena en la base del pináculo, con un ascenso cuidadoso y la parada de seguridad al subir.
227281ba	Nitrox
c3fd9818	Bucear con aire enriquecido
4cde0fbb	Analizas tu propia botella, la etiquetas y planificas la inmersión según su mezcla, y después disfrutas del tiempo de fondo extra.
dd40f7a5	El aula es el barco
7f954a34	La teoría, en serio
1a5231bd	Aprender
783b1226	de camino
3855771b	En estos cursos la teoría importa de verdad, y la tratamos así. Aprovechamos la hora de trayecto hasta Sail Rock y el intervalo en superficie entre inmersiones para ver la teoría de Deep y Nitrox, con el mar delante.
7301ffea	El último día, como en nuestros cursos de Open Water, volvemos a la tienda después del barco para hacer el examen escrito y aprovechamos para resolver las últimas dudas. Boris, nuestro instructor principal, normalmente imparte él mismo estos cursos cuando son en español o inglés.
69a50e8e	Por separado
56d401f7	De una
222c05f1	en una
bf6954d1	Si solo quieres una de las dos, cada especialidad se puede hacer por su cuenta.
bb2b5b0a	Las tres inmersiones de Deep hasta 40 metros en Sail Rock, con la teoría y el examen de Deep.
d3cd3931	Teoría · SSI
6fd163dc	Nitrox · teoría
5cf20356	La titulación Enriched Air Nitrox con teoría y examen, sin necesidad de bucear.
70017258	Teoría
81b17d21	Teoría + 2 inmersiones · SSI
c14de4db	Nitrox · con inmersiones
b9b55c25	La misma titulación más dos inmersiones con nitrox en Sail Rock, para ponerlo en práctica enseguida.
c5473989	Con 2 inmersiones
55902271	Preguntas sobre Deep y Nitrox
1ebea93d	¿Cuánto cuestan los cursos de Deep y Nitrox en Koh Phangan?
13d8b611	El curso Specialty Diver con Deep y Nitrox juntos cuesta 12,500฿. Por separado, Deep cuesta 8,500฿, y Nitrox 4,500฿ solo teoría o 7,500฿ con dos inmersiones. Incluyen el equipo, las botellas de nitrox, la comida y el vídeo.
81f35100	¿Qué es la titulación SSI Specialty Diver?
856741c4	SSI te da la titulación Specialty Diver cuando completas dos cursos de especialidad. Recomendamos Deep y Nitrox porque son las dos que más amplían el buceo que podrás hacer después.
5c2c0461	¿A qué profundidad puedo bucear después de la especialidad Deep?
04b16ded	Hasta 40 metros, el límite del buceo recreativo. En Sail Rock eso significa que puedes llegar al fondo de arena en la base del pináculo.
bf673787	¿Qué es el Nitrox y para qué sirve?
217b738e	El Nitrox, o aire enriquecido, tiene más oxígeno y menos nitrógeno que el aire normal. Absorbes menos nitrógeno, lo que significa más tiempo sin descompresión e intervalos en superficie más cortos, algo muy útil en un día con varias inmersiones. No sirve para bajar más profundo; de hecho, el curso te enseña la profundidad máxima de cada mezcla.
b8566af8	¿Cuáles son los requisitos?
7c9187c1	La titulación Open Water Diver y una edad mínima de 15 años.
b4b8a9fe	¿Quién imparte el curso?
3f8f7b35	Normalmente Boris, nuestro manager e instructor principal, cuando el curso es en español o inglés. Es profesional del buceo desde 2015 y tiene más de 5,000 inmersiones.
81bc4db4	¿Dónde se hace la teoría?
6e038585	Sobre todo en el barco: durante la hora de trayecto hasta Sail Rock y el intervalo en superficie entre inmersiones. El último día terminamos en la tienda con el examen escrito y tiempo para las últimas dudas.
084ecb73	40 metros?
609ddeff	Cuéntanos tu nivel de titulación y tus fechas por WhatsApp, y te diremos qué opción te encaja mejor.
a6ad9b85	Mira también el
52482e52	curso Advanced Open Water
e81c4e4f	o
53ebeaed	Más tiempo de fondo, intervalos en superficie más cortos y menos cansancio al final de un día de dos inmersiones. Solo la teoría cuesta 4,500฿, o 7,500฿ con dos inmersiones con nitrox en Sail Rock.
8ddb598b	Cursos SSI desde Chaloklum, Koh Phangan. Open Water 12,900฿ en 3 días, Advanced 12,500฿, Deep 8,500฿, Rescue 11,600฿, Nitrox desde 4,500฿, Specialty Diver (Deep + Nitrox) 13,500฿. Máximo 4 alumnos por instructor, barco propio y titulación digital al momento.
87711e83	Deep y Nitrox SSI en Koh Phangan: el curso Specialty Diver en 2 días con 4 inmersiones en Sail Rock, hasta 40 m, desde 15 años, 13,500฿. O por separado: Deep 8,500฿, Nitrox 4,500฿ solo teoría o 7,500฿ con 2 inmersiones.
ebbc735b	Cursos SSI de Deep y Nitrox en Koh Phangan — Specialty Diver 13,500฿
98d495b3	Las dos especialidades que de verdad cambian tu buceo: 40 metros en Sail Rock y más tiempo de fondo en cada inmersión. Juntas forman el curso SSI Specialty Diver: dos días, cuatro inmersiones, 13,500฿.
8ff7a903	El curso Specialty Diver con Deep y Nitrox juntos cuesta 13,500฿. Por separado, Deep cuesta 8,500฿, y Nitrox 4,500฿ solo teoría o 7,500฿ con dos inmersiones. Incluyen el equipo, las botellas de nitrox, la comida y el vídeo.
f0660e9e	Curso SSI Rescue Diver
9c26121a	Curso SSI de dos días: teoría y habilidades en aguas confinadas el primer día, y tres escenarios de rescate en Koh Ma el segundo (estrés y cuidado del buceador, búsqueda de un buceador perdido y evacuación de un buceador inconsciente), nunca a más de 9 m. Desde 12 años.
a14b5b44	El curso SSI Rescue Diver en Koh Phangan: 2 días, teoría y habilidades en aguas confinadas, y después tres escenarios de rescate en Koh Ma (estrés y cuidado del buceador, búsqueda de un buceador perdido y buceador inconsciente), nunca a más de 9 m. Desde 12 años, 11,600฿.
9b9a5031	Curso SSI Rescue Diver en Koh Phangan — 2 días, 11,600฿
b64ca824	/ Rescue Diver
be3d9367	El curso que cambia cómo buceas con los demás. Dos días para aprender a prevenir problemas, reconocerlos a tiempo y resolverlos cuando ocurren, practicando en aguas tranquilas y nunca a más de 9 metros. 11,600฿.
c8f6f5a8	Reservar Rescue
eea61e46	Ver los dos días
4fc4a39a	Koh Ma · tranquilo, poco profundo, sin corriente
29de7ae0	El compañero
491338a3	que todos quieren
daada5c6	El Rescue Diver consiste en cuidar de las personas con las que buceas: ver el estrés antes de que se convierta en pánico, encontrar a un buceador que se ha perdido y llevar a un buceador inconsciente a la superficie y sacarlo del agua con seguridad.
0268088e	Sesiones en el agua
044d5c09	Ejercicios
3325b4bb	Máx. 9 m
f35320bc	Comida el segundo día
7ccb8d37	Dos días,
e60a8dae	El primer día se construyen las habilidades una a una. El segundo se ponen en práctica juntas en escenarios realistas en Koh Ma, un jardín de coral tranquilo a diez minutos de Chaloklum.
050a5b35	Teoría y habilidades
630233a3	Teoría de rescate y después cada técnica practicada en aguas confinadas hasta que te sale de forma natural.
e9f82180	Día dos · Koh Ma
6176421a	Estrés y cuidado del buceador
ea7f12ce	Detectar a un buceador estresado, tranquilizarlo y ayudarle, en superficie y bajo el agua.
20d31564	Búsqueda de buceador perdido
4a831b05	Organizar un patrón de búsqueda para encontrar a un buceador que ha perdido al grupo.
6c99fb3e	Buceador inconsciente
18ef4839	Llevar a un buceador inconsciente a la superficie, darle respiraciones de rescate y sacarlo del agua.
c31f293c	En la tienda
902491cd	Examen final
9ac5a312	Un examen escrito para repasar las últimas dudas; opcional si ya has aprobado el examen online.
fb38e8b5	Formación seria, ambiente relajado
74afca22	Cómo lo enseñamos
e7b00d52	y seguro
754187a4	Los ejercicios de rescate solo sirven si parecen reales, y solo son responsables si son seguros. Por eso todos los ejercicios se hacen a un máximo de 9 metros, en las aguas tranquilas de Koh Ma.
74679222	El segundo día combina teoría, práctica y una buena comida en un restaurante, con tiempo para comentar cada escenario antes del siguiente.
9060587e	Antes
79fcff9b	de empezar
640dc703	La especialidad SSI React Right, o prueba de un curso de primeros auxilios y proveedor de oxígeno hecho en los dos últimos años
40a77dac	¿No sabes si tu curso de primeros auxilios vale? Mándanos una foto del certificado por WhatsApp y lo comprobamos antes de que reserves.
4d37406f	Preguntas sobre el Rescue Diver
28bcf426	¿Cuánto cuesta el curso SSI Rescue Diver en Koh Phangan?
9678f6b6	11,600฿ por persona, con tu instructor SSI, todo el equipo, la comida del segundo día y tu titulación.
d6dbf41b	¿Cuánto dura el curso Rescue Diver?
e34ccfa0	Dos días: teoría y habilidades en aguas confinadas el primer día, y tres escenarios de rescate en Koh Ma el segundo.
e3a8da21	¿Qué necesito antes del curso Rescue?
f73613b2	La especialidad SSI React Right, o prueba de que has hecho un curso de primeros auxilios y proveedor de oxígeno en los dos últimos años. La edad mínima es de 12 años.
c4d840e4	¿A qué profundidad se hacen los ejercicios de rescate?
71a22633	Nunca a más de 9 metros. Los escenarios se hacen en las aguas tranquilas y sin corriente de Koh Ma.
19b58377	¿Qué practicaré en el agua?
669621d1	Tres sesiones: gestionar a un buceador estresado y cuidar de otro buceador, buscar a un buceador perdido, y llevar a un buceador inconsciente a la superficie y sacarlo del agua.
4cf3de87	¿Hay examen?
e1df9f8f	Sí. Al final hacemos un examen escrito en la tienda para repasar las últimas dudas. Si ya has aprobado el examen online y prefieres no repetirlo en papel, no es obligatorio.
4c1b376e	en Rescue Diver?
e49498f7	Mándanos tus fechas y una foto de tu certificado de primeros auxilios por WhatsApp, y te confirmamos plaza.
db3fff9c	cursos de Deep y Nitrox
7321a667	Mira también nuestros
bb9a5caa	¿Aún no tienes curso de primeros auxilios? Impartimos el SSI React Right en la tienda: primeros auxilios, proveedor de oxígeno y RCP en unas dos horas, por 4,300฿. ¿No sabes si tu curso vale? Mándanos una foto del certificado por WhatsApp.
ad201c19	La titulación Open Water Diver, más la especialidad SSI React Right o prueba de un curso de primeros auxilios y proveedor de oxígeno en los dos últimos años. La edad mínima es de 12 años.
471fa7c0	¿Puedo hacer el curso React Right con vosotros?
eba3e0a8	Sí. Impartimos el SSI React Right en la tienda en unas dos horas, por 4,300฿. Incluye primeros auxilios, proveedor de oxígeno y RCP, y puedes hacerlo el día antes de tu curso Rescue.
d8cc3dde	¿Piensas en hacerte profesional? Mira el
a985a850	curso Divemaster
650ecf18	Curso SSI Divemaster
dd6070de	SSI Divemaster
08b3a9d3	Curso SSI Divemaster de un mes en Koh Phangan, con la tutoría personal de nuestro instructor principal, buceo ilimitado y la especialidad Ciencia del Buceo incluida. Solo dos o tres candidatos al año.
77ac7863	Hazte SSI Divemaster en Koh Phangan: un mes de tutoría con nuestro instructor principal, buceo ilimitado en Sail Rock y alrededor de Koh Phangan, Ciencia del Buceo incluida. Solo 2–3 candidatos al año. 36,000฿.
1b2d2cd2	Curso SSI Divemaster en Koh Phangan — 1 mes, buceo ilimitado, 36,000฿
20ef3266	/ Divemaster
abaaf27c	Divemaster
b6e15541	Un mes, buceo ilimitado y un tutor que trabaja a tu lado cada día. Solo formamos a dos o tres divemasters al año, así que cada uno tiene tiempo de verdad, responsabilidad de verdad y un sitio de verdad en el barco. 36,000฿.
51744af3	Pide una entrevista
5a2ebfb8	Requisitos
61cb5a42	Buceo ilimitado durante un mes
26d647dc	Tu primer paso
b44188be	como profesional
3810659f	SSI Divemaster es el primer nivel profesional: aprendes a planificar inmersiones, a dar el briefing a un barco lleno de buceadores y a guiarlos bajo el agua. Aquí lo aprendes con Boris, nuestro manager e instructor principal, que imparte él mismo todos los cursos de Divemaster.
1634e66b	1 mes
b87d3bca	Buceo
545f6c2f	Ilimitado
1f283b39	18 años
4e77d12d	Al año
2dda2c95	2–3 candidatos
ed52fd32	Tutoría personal con Boris
a9b175b7	Buceo ilimitado durante el curso
daee985e	Especialidad SSI Ciencia del Buceo incluida
b72c6def	Préstamo de equipo cuando lo necesites
d83704d4	Ayuda para encontrar alojamiento y buen equipo de segunda mano
27cff052	No incluido: tus cuotas anuales de profesional SSI, que se pagan a SSI al certificarte.
c3daa9c4	Aprender mirando, y después haciendo
0db66c1c	Experiencia,
7c4b1d3e	no un aula
9046a0c0	No es un curso de aprender mucha teoría. Es un curso de compartir experiencia, y eso significa pasar mucho tiempo juntos: en el barco, en el agua y en la tienda.
5ffda18b	Asistirás a distintos guías e instructores, a veces también en otros centros de buceo. Ver a otros trabajar de formas distintas es como más se aprende, y como encuentras tu propia manera de hacer las cosas.
62409477	Durante el mes
164cb95d	Qué vas
a49156bd	a hacer
0a6ac614	El trabajo de un divemaster es guiar a buceadores titulados, así que el mes gira en torno a eso: paso a paso y siempre con alguien con experiencia a tu lado.
08bc3591	Desde el primer día
7c2fc323	Asistir a los guías
e6f8a6b6	Bucear junto a nuestros guías, ver cómo manejan un grupo y ayudarles a hacerlo.
195aa86a	En el barco
70e60462	Briefings del barco
b99705bc	Explicar a todos los clientes cómo funciona el barco y cómo moverse por él con seguridad.
7242ce25	Bajo supervisión
9b33012b	Briefings de inmersión
52ca59ff	Planificar la inmersión y dar el briefing al grupo, con comentarios después de cada uno.
1f618346	Guiar
22602065	Guiar a buceadores bajo el agua en Sail Rock y en nuestros otros sitios, con un profesional detrás de ti.
bec8fd4b	Entre bastidores
6bf565e4	La tienda de buceo
738d63ee	Cómo funciona un centro de buceo en el día a día y cómo se cuida el equipo.
99f35f74	Para certificarte
6ac65708	Qué necesitas
cf35f7a5	para aprobar
c53a0e1b	Pruebas físicas
9bcc8cb0	Una demostración de las habilidades del Open Water
2b443a2c	El examen de Divemaster y el examen de Ciencia del Buceo
655ade96	Evaluaciones de un briefing, de guiar bajo el agua y de un rescate
21575e66	Dar el briefing y guiar una inmersión profunda o una inmersión con poca visibilidad
97b4d127	Al menos 60 inmersiones registradas al terminar el curso
39912295	Profunda, nocturna y navegación
bf49a2af	Antes de empezar
be377c6e	Primero, una entrevista con Boris
fccd73f3	18 años cumplidos
830407cc	SSI Rescue Diver y React Right
d3a86d4c	Experiencia demostrada en profunda, nocturna y navegación: el Advanced Open Water o esas tres especialidades
f8a28b9a	40 inmersiones registradas para empezar
5b2c2705	Un certificado médico firmado por un médico
93bdb2cb	Tu propia máscara y ordenador de buceo desde el principio
2aee9174	¿Aún no tienes el Advanced? Ofrecemos las especialidades Deep, Night y Navigation juntas por 18,500฿. Las recomendamos antes que el Advanced: como divemaster no puedes guiar a buceadores más profundo de lo que permite tu propia titulación, y la navegación es una de las habilidades más importantes de un guía.
dd3d3a25	Después del curso
347471ec	Trabajar con nosotros
48c1aa87	Los buenos divemasters pueden quedarse a trabajar con nosotros. Lily terminó el Divemaster con nosotros en 2026 y ahora guía en nuestro barco.
02c9ae4b	Sobre el equipo: lo mejor es tener tu equipo completo al terminar el curso, porque lo necesitarás para trabajar. Sabemos que es caro, así que prestamos equipo durante el curso y te ayudamos a encontrar buen material de segunda mano.
ad37b743	Preguntas sobre el Divemaster
7273fc62	¿Cuánto cuesta el curso SSI Divemaster en Koh Phangan?
e1867150	36,000฿, con un mes de tutoría, buceo ilimitado y la especialidad Ciencia del Buceo incluidos. Al final pagas directamente a SSI tus cuotas anuales de profesional.
a036f7a3	¿Cuánto dura el curso de Divemaster?
de47a5af	Alrededor de un mes. Necesitas al menos 60 inmersiones registradas para certificarte, y el buceo ilimitado está para que llegues.
8b6b6481	18 años, SSI Rescue Diver y React Right, el Advanced Open Water o las especialidades Deep, Night y Navigation, 40 inmersiones registradas para empezar, un certificado médico firmado por un médico y una entrevista con Boris.
59d542b4	No tengo el Advanced. ¿Qué hago?
415acf7d	Ofrecemos las especialidades Deep, Night y Navigation juntas por 18,500฿. Son más útiles que el Advanced para un futuro guía: solo puedes guiar a buceadores hasta la profundidad que permite tu propia titulación, y la navegación es esencial para guiar.
a165f740	¿Necesito mi propio equipo?
9d421b65	Máscara y ordenador de buceo desde el primer día. El resto te lo prestamos durante el curso y te ayudamos a encontrar buen material de segunda mano, pero lo ideal es que tengas tu equipo completo al final, cuando empieces a trabajar.
f590d568	Boris, nuestro manager e instructor principal, imparte él mismo todos los cursos de Divemaster. Es profesional del buceo desde 2015, instructor desde 2022 y tiene más de 5,000 inmersiones.
a04484d1	¿Puedo trabajar con vosotros después del curso?
243520ce	Sí, es posible. Nuestros divemasters pueden quedarse a trabajar con nosotros: Lily, que se certificó en 2026, ya guía en nuestro barco.
560e89b7	¿Ayudáis con el alojamiento?
413bbd82	Sí. Te ayudamos a encontrar dónde alojarte durante el mes.
0bdd1f8d	¿Piensas en
70d9760d	hacerte profesional?
3c647edd	Todo Divemaster empieza con una conversación. Escribe a Boris por WhatsApp con tus titulaciones, tu número de inmersiones y cuándo te gustaría empezar.
fe6221cf	¿Aún no llegas? Mira el
b131636c	curso Rescue Diver
1b785e2d	Reseñas de Google de nuestros divemasters
92e1fc02	Lo que dicen nuestros divemasters
1bd04a31	Arsh P.
c2c57e80	Parth A.
1fb5e88a	Todas las reseñas en Google Maps
8f0f5028	Salud y seguridad
71d20a8e	Salud y seguridad en el buceo
d1e5efc7	Volar después de bucear, bucear con diabetes, enfermedad descompresiva, resfriados y oídos, alcohol y vida marina peligrosa: consejos prácticos para buceadores en Koh Phangan, basados en las recomendaciones de Divers Alert Network (DAN).
54a6232d	Consejos prácticos de salud para bucear, de nuestro centro de buceo en Koh Phangan: cuánto esperar antes de volar, bucear con diabetes, síntomas de la enfermedad descompresiva, resfriados y oídos, alcohol y la vida marina que no debes tocar.
294d870e	Salud y seguridad en el buceo — Volar después de bucear, diabetes, enfermedad descompresiva | Koh Phangan
4f18bd9d	Un buceador tapándose la nariz para compensar mientras desciende junto a una pared de arrecife.
3c7c1b96	Un buceador haciendo la señal de OK bajo el agua.
8b4a9ead	Un buceador a contraluz durante un ascenso lento.
2e6134c5	Una cubomedusa con largos tentáculos en agua azul.
ab54e468	Un pez escorpión perfectamente camuflado sobre el fondo de arena.
0e3557fd	/ Salud y seguridad
3f33fdb3	Salud y seguridad
e1044c10	en el buceo
fe69ca54	Las preguntas que nos hacen cada semana en el barco: ¿cuándo puedo volar?, ¿puedo bucear resfriado?, ¿la diabetes es un problema?, ¿cómo se nota la enfermedad descompresiva? Aquí tienes respuestas claras, basadas en las recomendaciones de Divers Alert Network (DAN).
3511e129	Volar después de bucear
1d76aecd	Síntomas de la enfermedad descompresiva
72459cfb	Estar bien es la primera regla
c91e25be	Antes de bucear
14b3af76	Respuestas sinceras,
1cca51a6	inmersiones seguras
69bd788b	Todos los buceadores rellenan un breve cuestionario médico. Contéstalo con sinceridad: algunas condiciones solo necesitan la firma de un médico antes de bucear, y es mucho mejor saberlo antes de que salga el barco.
d7e27137	Resfriado o nariz tapada: espera a que se pase, porque no podrás compensar
e0b25a9f	Compensa pronto y a menudo durante el descenso, y nunca lo fuerces
afbd1cd7	Bebe mucha agua; el calor y el sol deshidratan rápido
863f0a92	Nada de alcohol la noche anterior, Full Moon Party incluida
e26b2e42	¿Embarazada? No bucees; ven a hacer snorkel con nosotros
3ae8732b	Asma, problemas de corazón, epilepsia o una operación reciente: consulta antes a un médico
53e600e1	Cuánto
e417b96c	esperar
a1d4ef49	Después de bucear tu cuerpo aún guarda nitrógeno de más, y la menor presión de la cabina de un avión puede convertirlo en enfermedad descompresiva. DAN recomienda estos intervalos mínimos en superficie; cuanto más largos, mejor.
0cc28f09	Una inmersión
958e11e6	Una sola inmersión sin descompresión
3d49fc9f	Espera al menos 12 horas antes de volar.
90d4e85b	Varias inmersiones
733b84af	Inmersiones repetitivas o varios días
8048523e	Espera al menos 18 horas. Es el caso de un día normal de dos inmersiones y de todos los cursos.
1a84e8c9	Descompresión
868b81e4	Una inmersión con paradas obligatorias
636aed7f	Espera al menos 24 horas.
022fbdec	El ferry no es problema: volvemos al muelle de Chaloklum hacia las 15:00, a tiempo para un ferry de las 17:00. Solo tienes que planificar tu último día de buceo según tu vuelo desde Koh Samui, Surat Thani o Bangkok.
1f8ced3d	Ascensos lentos, paradas de seguridad
7b429dba	Enfermedad descompresiva
56b559b2	Conoce
57b5d113	los síntomas
6ec2bfd6	La enfermedad descompresiva (ED) es rara en el buceo recreativo, y los ascensos lentos, las paradas de seguridad y respetar los límites de tu ordenador la hacen aún más rara. Pero todo buceador debería reconocerla, porque el oxígeno y el tratamiento tempranos marcan una diferencia real.
a3f957b1	Síntomas leves
e876d61b	Dolor en músculos o articulaciones
5a1c9353	Erupción, manchas o hinchazón en la piel
714a6ddf	Cansancio inusual o malestar general
e5eab977	Síntomas graves
27857cf0	Entumecimiento, hormigueo o debilidad muscular
c1698f33	Dificultad para caminar o pérdida de coordinación
8425e65d	Confusión, mareo o sensación de vértigo
cc0d09f5	Dolor en el pecho o dificultad para respirar
3d9f1a37	Problemas de vejiga o intestino
494a39eb	Zumbido en los oídos o pérdida de audición
b5e56725	Si notas alguno de estos síntomas después de bucear, no vueles ni esperes a ver si se pasa: avísanos, busca ayuda médica enseguida y llama a la línea de emergencias 24 horas de DAN:
bc8630e0	Bucear con diabetes
6655c92f	Sí, con
96cfce01	un plan
53bf6059	Muchas personas con diabetes bucean de forma segura. Las recomendaciones de DAN explican quién puede bucear y cómo controlar la glucosa en un día de buceo. Habla con tu médico, y avísanos a nosotros y a tu compañero antes de la inmersión.
f36bc9a3	Quién puede bucear
299d3f37	Bien controlada
1c713b7f	18 años o más
c31681eb	HbA1c del 9% o menos, con buena salud general
836461a1	Bajo supervisión médica, sin medicación nueva
591b93a8	Sin antecedentes de hipoglucemias que no se notan, ni que hayan necesitado ayuda de otra persona
d54719f1	El día de buceo
044d598c	Controla tu glucosa
7c79b523	Mide 60, 30 y 0 minutos antes de la inmersión
db883664	Entra al agua con 150 mg/dL (8.3 mmol/L) o más, estable o subiendo
3f4d98b8	Retrasa la inmersión por debajo de 150 o por encima de 300 mg/dL (16.7 mmol/L)
3807ebd2	Lleva glucosa rápida y sigue controlándote durante 12–15 horas después de bucear
c1cd92f7	Evita
59933cd2	Mejor sencillo
0c40dd90	Inmersiones de más de 30 m o de más de 60 minutos
653505c7	Inmersiones con descompresión y entornos cerrados
1f10eb65	Inmersiones frías o muy exigentes
4d5bbe6f	Un compañero que también sea diabético
1e0ff103	Si notas cualquier síntoma durante la inmersión, avisa a tu compañero, termina la inmersión, sube a la superficie y hazte revisar.
c244cc5f	Mirar sin tocar
f162f667	Vida marina
08996860	que respetar
16bd3f5c	Casi nada en el golfo de Tailandia es peligroso si no tocas nada y mantienes las aletas lejos del fondo. Algunos animales merecen un respeto especial.
35633186	Superficie y aguas poco profundas
20c73470	Cubomedusa
b6385af9	Su picadura es muy dolorosa y puede ser grave. Si te pica, sal del agua, echa vinagre sobre la zona durante al menos 30 segundos, no frotes y busca ayuda médica.
d1ed99ad	En el fondo
a6469ed6	Pez escorpión y pez piedra
6078522a	Maestros del camuflaje con espinas venenosas. Nunca apoyes una mano o una rodilla sin mirar. Una picadura necesita agua caliente, tan caliente como aguantes, y un médico.
13787cfb	En todas partes
e3213834	Erizos, coral y anémonas
f7269ab7	Las púas de erizo, el coral de fuego y algunas anémonas pican o cortan. Una buena flotabilidad es la mejor protección, para ti y para el arrecife.
30c2d402	Preguntas de salud
fca7ace8	¿Cuánto tengo que esperar para volar después de bucear?
7ccd6402	DAN recomienda al menos 12 horas después de una sola inmersión sin descompresión, 18 horas después de inmersiones repetitivas o varios días de buceo, y 24 horas después de una inmersión con descompresión. Para un día normal de dos inmersiones o un curso, cuenta con 18 horas.
4f70b706	¿Puedo bucear resfriado?
73f781a5	Mejor no. Con la nariz o los senos tapados es difícil o imposible compensar, y puedes dañarte los oídos. Los descongestionantes pueden dejar de hacer efecto durante la inmersión. Espera a respirar bien por la nariz.
94fbb707	¿Puedo bucear con diabetes?
05e0c5d5	A menudo, sí. Las recomendaciones de DAN permiten bucear a adultos con diabetes bien controlada, con controles de glucosa cuidadosos antes y después de cada inmersión y algunos límites de profundidad y tiempo. Habla con tu médico y avísanos antes de reservar.
6d17914b	¿Puedo bucear el día después de la Full Moon Party?
727f1265	El alcohol y la deshidratación aumentan el riesgo de enfermedad descompresiva y te hacen estar menos atento. Si has bebido mucho la noche anterior, retrasa tu inmersión un día; te la cambiamos encantados.
77ab0dce	¿Cuáles son los síntomas de la enfermedad descompresiva?
1a6aa2c6	Los síntomas leves incluyen dolor en articulaciones o músculos, erupción o manchas en la piel y cansancio inusual. Los graves incluyen entumecimiento, hormigueo o debilidad, dificultad para caminar, confusión, mareo, dolor en el pecho o dificultad para respirar, y problemas de audición. Con cualquiera de ellos, no vueles, busca ayuda médica y llama a DAN.
8c1ee3a1	¿Puedo bucear si estoy embarazada?
1cfd766c	No. No se recomienda bucear en ninguna fase del embarazo. Estás más que invitada a venir en el barco y hacer snorkel en Sail Rock.
ccf3f9a5	¿Puedo bucear con asma?
c45127dd	A veces. Depende de lo controlada que esté y de qué la desencadena, así que necesitas que un médico te valore y firme el formulario médico antes de bucear.
4b08fb81	Esta página es información general, no consejo médico. Si tienes cualquier duda sobre tu aptitud para bucear, consulta a un médico con experiencia en medicina del buceo o contacta con DAN.
3eb093bc	¿Una pregunta sobre
94d8d521	tu salud?
4c0d4a31	Escríbenos por WhatsApp antes de reservar. Te diremos con sinceridad si necesitas antes la firma de un médico.
39428ae4	Un alumno de Open Water haciendo la señal de OK sobre la arena.
85f5f461	Un buceador entrando al agua con paso de gigante desde nuestro barco.
1a284ca6	Tu primer paso de gigante
b02fb000	Sail Rock desde el aire, con los barcos de buceo amarrados a su alrededor en mar abierto.
62ded8f3	Un buceador saludando junto a la entrada de la chimenea de Sail Rock.
19d094f3	La entrada superior de la chimenea, a 6 metros.
2b125de3	Mirando hacia fuera por la ventana de la pared de la chimenea.
35c372f9	El azul visto desde dentro de la chimenea, en su salida inferior a 18 metros.
e3a68ce9	Entrada superior
5b38d0f2	Por donde solemos entrar, para que el recorrido por dentro de la roca sea hacia abajo.
1eab2dcc	La ventana
69e28b1f	Una grieta en la pared a mitad de camino, otra forma de entrar o salir.
7345158c	Salida inferior
3b619dbc	La salida por abajo, de vuelta a la pared de Sail Rock.
5d0a4a91	Un tiburón ballena nadando justo bajo la superficie, rodeado de peces pequeños.
1062dc7a	Un buceador con máscara rosa saludando sobre el arrecife.
21912b6d	Buceadores observando un tiburón ballena a una distancia respetuosa.
11429386	Un buceador nadando junto a un enorme banco de jureles.
94817008	Un banco de jureles pasando junto a la pared de Sail Rock.
92060ef1	Koh Ma desde el aire, unida a Koh Phangan por una lengua de arena, con el arrecife visible en el agua clara.
597e4a08	Equipos de buceo preparados en la playa de Koh Ma.
ee82bc26	Un guía llevando a los buceadores por un cañón entre dos paredes cubiertas de coral.
8d423dd8	Boris, nuestro instructor principal, en el muelle de Chaloklum junto al cartel de The Divers Boat.
54572585	Boris · muelle de Chaloklum
1787567c	Guía de vida marina
9d8ba43e	Ver nuestra guía completa de vida marina
6a701f6e	Vida marina de Koh Phangan
0e945687	Una guía con fotos de veinte peces y criaturas que se ven buceando en Sail Rock y Koh Ma, fotografiados por nuestro equipo, con sus nombres científicos.
0e55b5b6	Guía con fotos de la vida marina que puedes ver buceando en Koh Phangan: jureles, barracudas y peces murciélago en Sail Rock, peces payaso, nudibranquios, sepias, tiburones leopardo y más, todo fotografiado por nuestro equipo.
b888d5d3	Vida marina de Koh Phangan — Peces y criaturas de Sail Rock y Koh Ma
9a4c6bb9	Un buceador nadando bajo un enorme banco de jureles en Sail Rock.
95cfa2b3	Un gran banco de jureles en el azul.
3a29ecf4	Un banco de peces murciélago en agua azul.
f24347bb	Una caballa española nadando en aguas abiertas.
c51992ec	Un pez bandera nadando sobre corales duros, con peces de arrecife detrás.
11a85d23	Dos peces payaso en una anémona sobre la arena.
bea6e5e1	Un pez cofre amarillo joven nadando entre corales y anémonas.
272066ae	Un pez lima garabateado junto a la pared de Sail Rock.
4dcc9de0	Una morena asomando por una grieta del arrecife, junto a un erizo.
e3708ce8	Gusanos árbol de Navidad de colores repartidos sobre un bloque de coral duro.
c788bbdc	Un camarón boxeador con largas antenas blancas en una grieta del arrecife.
6b3739e0	Un nudibranquio amarillo y azul sobre el arrecife.
a9bcd85f	Una gran esponja barril vista desde arriba, con un pez dentro.
b3e01efc	Dos sepias flotando sobre la arena.
5d3678a1	Un lenguado tumbado y camuflado sobre la arena.
670fc2d0	Un pez cocodrilo camuflado sobre el fondo de arena.
dc90e194	Un tiburón leopardo joven, con rayas, descansando sobre la arena.
edd94f1d	Un cangrejo ermitaño caminando por la arena con su concha.
b65bcc61	/ Vida marina
41e923d7	de Koh Phangan
c88aec40	Lo que puedes encontrar buceando en Sail Rock y Koh Ma, desde bancos de cientos de jureles hasta nudibranquios más pequeños que tu pulgar. Todas las fotos de esta página son de nuestras propias inmersiones.
4fd1b7df	En el arrecife
172edb79	En el azul
1b2feb81	Grandes bancos
149129ef	Sail Rock está sola en mar abierto, así que los peces de mar abierto se concentran a su alrededor en cantidades que rara vez se ven en otro sitio.
d81290a4	Jurel ojón
189295d1	(Caranx sexfasciatus)
a4ec94e9	Los "jacks" de Sail Rock. Cientos de ellos se quedan juntos en el azul junto a las paredes, y a veces forman un tornado alrededor de los buceadores.
78e33120	Plateadas y con forma de torpedo, normalmente en bancos grandes y lentos justo al lado de la roca. Parecen feroces, pero ignoran por completo a los buceadores.
36f639c2	Pez murciélago
7d05e450	(Platax spp.)
2155d4e8	Altos, planos y curiosos. A menudo se acercan a mirar a los buceadores, sobre todo durante la parada de seguridad.
c7497b53	Caballa española
3625eb08	(Scomberomorus commerson)
9063069b	Un cazador rápido de mar abierto que atraviesa los bancos a toda velocidad. Normalmente lo ves pasar, no quedarse.
f60eb844	Color y
4c19d7f6	cosas pequeñas
76c91b13	Mira de cerca las paredes, el coral y cada grieta: en la vida pequeña está la mayor parte del color.
b1aa1811	Arrecife
e47c7b33	Pez bandera
bb0c9b67	(Heniochus acuminatus)
abcedbb4	Rayas blancas y negras con una larga aleta blanca detrás, a menudo en pareja sobre el coral.
d7dd6809	Arrecife y arena
de19fad0	Pez payaso
40a1919e	(Amphiprion spp.)
e8c5bc34	Viven en su anémona y la defienden con ferocidad, incluso frente a buceadores cien veces más grandes.
331bb2ad	Pez cofre amarillo
1f7a87d6	(Ostracion cubicus)
4d90091f	Los jóvenes son amarillo intenso con puntos negros y nadan como dados diminutos. Los adultos se vuelven más apagados.
1f5c5ce5	Paredes
e18afb20	Pez lima garabateado
67898489	(Aluterus scriptus)
fa285c52	Cubierto de garabatos y puntos azules, con una piel áspera como una lima. Se queda junto a la pared y se gira para no perderte de vista.
3449d4ba	Grietas y agujeros
5c9a6b63	Morena
ec56dccb	(Gymnothorax spp.)
998bc880	Asoman la cabeza desde la roca, abriendo y cerrando la boca para respirar. No son un peligro, siempre que no metas las manos en los agujeros.
12c58e80	Coral duro
d1404c2d	Gusanos árbol de Navidad
3ae3d4d3	(Spirobranchus spp.)
5314f4e2	Pequeñas espirales de colores repartidas por el coral que desaparecen en su tubo en cuanto te acercas.
91b2c2e8	Bajo las repisas
aba85ea8	Camarón boxeador
3a9cd60c	(Stenopus hispidus)
012ded76	Con rayas rojas y blancas y largas antenas blancas, a menudo boca abajo bajo una repisa esperando para limpiar peces.
4374cf34	Macro
269eba38	Nudibranquios
4a299434	(Nudibranchia)
a700b5db	Babosas de mar de colores imposibles. Pequeños y lentos: el premio para los buceadores con buena flotabilidad y paciencia.
2bd3a03f	Esponja barril
8f9f5e10	(Xestospongia testudinaria)
d5f08f25	Esponjas gigantes que filtran enormes cantidades de agua cada día, y a menudo dan refugio a algún pez.
a0c5444c	En la arena
ad43feb6	Maestros del
98f5c5ba	camuflaje
66aab247	Las zonas de arena parecen vacías hasta que algo se mueve. Ve despacio y deja que tus ojos se acostumbren.
cec7ca17	Arena
3792dc96	Sepia
ed6d0f20	(Sepia spp.)
11c11e13	Maestras del cambio de color que flotan sobre la arena y cambian de piel mientras las miras. A menudo van en pareja.
9f8bf343	Lenguado
4ed79545	(Bothidae)
14be0628	Un pez plano con los dos ojos en el mismo lado de la cabeza, casi invisible sobre la arena hasta que se mueve.
e50a6e97	Pez cocodrilo
88412a2d	(Platycephalidae)
ad2f086a	Largo, plano y camuflado, esperando a que los peces pequeños se acerquen demasiado. Busca los ojos.
4f0c62b6	Tiburón leopardo
72629d1d	(Stegostoma tigrinum)
597e8ee3	También llamado tiburón cebra: los jóvenes, como este, tienen rayas y los adultos manchas. Tranquilo e inofensivo, suele descansar sobre el fondo.
fb77aa18	Cangrejo ermitaño
a2c76c53	(Paguroidea)
62dab143	Lleva a cuestas una concha prestada y se cambia de casa a medida que crece.
a2f8d8af	Grandes visitantes y peligros
c3cbc4bd	Con suerte,
29f30570	y con cuidado
464c0cc0	Dos animales que merecen su propia página: el que todos esperan ver y el que todos deberían reconocer.
4aead131	El pez más grande del mar visita Sail Rock para alimentarse de plancton, sobre todo de abril a junio.
9867b024	Pez escorpión
9162c5ab	(Scorpaenidae)
c5555856	Perfectamente camuflado y con espinas venenosas. Nunca apoyes una mano o una rodilla sin mirar.
84686930	Vida marina que respetar
694d1ff0	Preguntas sobre la vida marina
b800c0d6	¿Qué vida marina se puede ver en Sail Rock?
5c7900bb	Sobre todo grandes bancos: jureles, barracudas y peces murciélago alrededor del pináculo, con cazadores como la caballa española de paso. En las paredes hay morenas, peces lima, gusanos árbol de Navidad y nudibranquios, y de vez en cuando un tiburón ballena.
ea2bfa39	¿Qué se puede ver en Koh Ma?
eade8fa5	Un jardín de coral duro poco profundo con tortugas verdes, peces payaso en sus anémonas, peces cofre y peces bandera, y sepias y lenguados en la arena alrededor del arrecife.
1d1d5319	¿Hay tiburones en Koh Phangan?
a5ab43c6	Sí, pero nada de lo que preocuparse. Los que ven los buceadores son tiburones ballena, que comen plancton, y tiburones leopardo, que descansan tranquilos sobre la arena. Ambos son inofensivos para las personas.
a5644f79	¿Hay algo peligroso?
b9eb7ec2	Muy poco, siempre que no toques nada. El pez escorpión y el pez piedra tienen espinas venenosas, los erizos y el coral de fuego pican, y las cubomedusas pueden aparecer cerca de la superficie. Nuestra página de salud y seguridad explica qué hacer.
f1116b1c	¿Puedo llevarme fotos de lo que vea?
bf8c4949	Todas las salidas incluyen el vídeo submarino de tu inmersión, y te señalamos encantados las cosas pequeñas para tu propia cámara, pero por favor, sin tocar y sin flash sobre los animales.
6c28750f	verlos
20c45e5b	Cuéntanos qué te gustaría ver y te diremos qué sitio y qué época del año te dan más posibilidades.
be5d5d37	y
ab6875a7	todos nuestros puntos de buceo
69a0ba2f	Una guía con fotos de veintidós peces y criaturas que se ven buceando en Sail Rock y Koh Ma, fotografiados por nuestro equipo, con sus nombres científicos.
45c980a5	Un gran mero malabar nadando sobre el arrecife con peces pequeños encima.
791157d7	Un lenguado tumbado y camuflado sobre la arena.
f9d288ab	Un pez piedra en el fondo, idéntico a una roca.
88e52f2a	Barracuda pickhandle
8e01a7e9	(Sphyraena jello)
ea8542c1	(Amphiprion sebae)
10bd48d9	Mero malabar
cc1429fa	(Epinephelus malabaricus)
37b281ad	Un mero grande y robusto que patrulla el arrecife despacio y a menudo deja que los buceadores se acerquen bastante.
9df36c70	Lenguado
42d31032	(Solea ovata)
4b8023a0	(Papilloculiceps longiceps)
55dc3cb4	El que todos esperan ver, y los dos que todos deberían reconocer antes de apoyar una mano.
f69e8e26	Pez piedra
42afd423	(Synanceia spp.)
b8042070	Parece exactamente una roca, y tiene las espinas más venenosas de todos los peces. Fíjate bien dónde pones las manos y las rodillas.
b9421570	Un jardín de coral duro poco profundo con tortugas verdes, peces payaso en sus anémonas, peces cofre y peces bandera, y sepias y lenguados en la arena alrededor del arrecife.
76319f21	Buceadores comiendo en un restaurante de playa en Koh Ma entre las sesiones de rescate.
0e0674a7	Comida en Koh Ma entre sesiones
a33c1a07	Koh Phangan vs Koh Tao
5217da43	Koh Phangan o Koh Tao para bucear
606e95be	Una comparación sincera del buceo en Koh Phangan y Koh Tao, de un centro de buceo con base en las dos islas: centros de buceo, Sail Rock, puntos de buceo, precios, ambiente y cómo es aprender a bucear.
53056ba5	¿Koh Tao o Koh Phangan para bucear? Una comparación sincera de un centro de buceo con base en las dos islas: número de centros, Sail Rock, puntos de buceo, precios, ambiente y cómo es aprender a bucear en cada una.
ab7a74f2	Koh Phangan o Koh Tao para bucear — Una comparación sincera
540bf8e9	Barcos de buceo de Koh Phangan y Koh Tao amarrados alrededor de Sail Rock, vistos desde el aire.
ce2efd89	/ Koh Phangan vs Koh Tao
b7b801f0	vs Koh Tao
955a5686	Dos islas a una hora de distancia que comparten el mejor punto de buceo del golfo. Tenemos centro en las dos, así que esta es nuestra opinión sincera sobre lo que cambia y sobre cuál te encaja a ti.
4923c65d	¿Cuál es para mí?
5992d5e5	Comparación
253f2859	La respuesta corta
d166cd4c	Las dos son buenas.
0b18588e	Son distintas.
0e787415	Koh Tao es uno de los destinos de buceo con más actividad del mundo. Koh Phangan es más tranquila, con menos centros y un trato más personal. El buceo en sí se comparte: desde las dos islas se bucea en Sail Rock.
0120230c	El centro comercial
de91a891	Unos 80 centros de buceo en una isla pequeña
3965abcd	Más puntos de buceo cerca de la costa
57a48392	Normalmente los cursos más baratos
f85e8f47	Joven, social y llena de energía
d7d75320	Sail Rock una media hora más lejos, y no todos los días
220219f5	La tienda de barrio
1fc2ae35	Unos 15 centros de buceo en una isla mucho más grande
1e32e64f	Sail Rock a una hora de Chaloklum, todos los días
ecafa7aa	Grupos más pequeños y un trato más personal
bcd057a6	Tranquila y familiar en el norte
75261fcd	Las fiestas están en el sur, si las buscas
17545d2f	Sail Rock · compartido por las dos islas
161e4a9c	La misma roca,
bf5dfb16	otro horario
2259c1e7	Sail Rock está en mar abierto entre las dos islas, y hay la misma gente vengan de donde vengan los barcos. La diferencia es cómo llegas y cuándo.
15681942	Desde Koh Tao se tarda una media hora más, y no todos los centros van todos los días
3a7ead66	Desde Chaloklum se tarda una hora, y vamos todos los días
09be8bbb	Nuestro barco sale una hora y cuarto después que los demás, así que normalmente tenemos la roca para nosotros en la segunda inmersión
cd27f099	Koh Ma · a diez minutos de Chaloklum
60d7afe3	Puntos de buceo y precios
c3cf63a7	Más sitios,
21ce7ede	o más espacio
094f855a	Koh Tao tiene más puntos de buceo alrededor de la isla. Koh Phangan tiene Sail Rock, además de Koh Ma, Little Sail Rock y la plataforma petrolífera: menos sitios, pero con muchos menos buceadores.
a1cf0653	Los cursos en Koh Tao suelen ser más baratos. La comparación que siempre hacemos: Koh Tao es como un centro comercial, donde todo cuesta un poco menos pero es más impersonal. Nosotros somos más como la tienda de tu barrio, donde sabemos cómo te llamas y cómo buceas.
61ff73d4	El ambiente
5cc28f31	Energía
6494c61a	o calma
06d2a913	Koh Tao es pequeña y todo está concentrado: centros de buceo, bares y gente, todo muy junto. Encaja con un público más joven. Koh Phangan es más grande y más familiar. Tiene incluso más fiesta que Koh Tao si vas al sur de la isla, pero en Chaloklum, en el norte, ni te enteras.
0ada8a49	"Llegué a Koh Tao con 40 años y la energía del lugar se me hizo un poco estresante. Con 25 seguro que lo habría pasado genial."
05c82507	— Boris, manager e instructor principal
8401aa1f	Un grupo pequeño, un instructor
349a85e2	Aprender a bucear
981a0d21	Dos formas
28112d99	Son experiencias de aprendizaje distintas. Mucha gente va a Koh Tao para compartir el curso con mucha más gente, conocer a otros, pasarlo bien y coger experiencia con más inmersiones con el tiempo.
3560961c	La gente que viene a Koh Phangan suele estar más centrada en el buceo, y la experiencia es más personal: un máximo de cuatro alumnos por instructor y tiempo para todas las preguntas.
222cda0a	¿Cuál es para ti?
91a08952	Elige según
a89291c9	lo que buscas
80fb87da	Elige Koh Tao si
18455e54	Eres joven, viajas solo y quieres conocer a mucha gente
8838e4ca	Lo que más te importa es el precio más bajo
291654e5	Quieres bucear en muchos sitios distintos
780015c9	Te gusta una isla animada y con mucho movimiento
ad5d7b48	Elige Koh Phangan si
20db244f	Quieres grupos pequeños y un instructor cercano
cdbe35a8	Sail Rock es la inmersión por la que has venido
15902258	Viajas en pareja o en familia
5a28092b	Prefieres la calma, con fiesta solo si la buscas
dd53d741	¿Prefieres Koh Tao? Nuestro centro hermano,
fd601659	, está allí desde 2015.
9edbb7a6	Preguntas: ¿Koh Phangan o Koh Tao?
6ef3966a	¿Es mejor bucear en Koh Tao o en Koh Phangan?
d14a327d	El mejor punto de buceo de la zona, Sail Rock, lo comparten las dos islas. Koh Tao tiene más sitios cerca de la costa y muchos más centros de buceo; Koh Phangan es más tranquila, con grupos más pequeños y un trato más personal. Ninguna es mejor: encajan con personas distintas.
ddbd7d64	¿Es más barato aprender a bucear en Koh Tao?
93335609	Normalmente sí. Con unos 80 centros de buceo compitiendo, los precios en Koh Tao están entre los más bajos que vas a encontrar. En Koh Phangan pagas un poco más por grupos más pequeños y una atención más personal.
b07fe160	¿Cuántos centros de buceo hay en cada isla?
68c80226	Unos 80 en Koh Tao y unos 15 en Koh Phangan, que es una isla mucho más grande.
9dcacc63	¿Qué isla está más cerca de Sail Rock?
0035544e	Desde Chaloklum, en la costa norte de Koh Phangan, se tarda una hora aproximadamente. Desde Koh Tao se tarda una media hora más, y no todos los centros van todos los días.
d938dcb9	¿Koh Phangan es solo la Full Moon Party?
f7f86ea7	No. Las grandes fiestas están en el sur de la isla. El norte, donde está Chaloklum, es tranquilo y familiar, y no notarías las fiestas en absoluto.
21135e51	¿Se puede bucear en Sail Rock desde las dos islas?
33a979e9	Sí. Hay la misma gente vengan de donde vengan los barcos. Salimos de Chaloklum una hora y cuarto después que los demás barcos, así que normalmente tenemos la segunda inmersión para nosotros solos.
869bbc96	¿Aún no lo
0d1d33cd	tienes claro?
95e26652	Cuéntanos cómo te gusta viajar y qué buscas en el buceo, y te daremos una respuesta sincera, aunque sea "vete a Koh Tao".
