9d3ba3c6	The Diver's Boat Koh Phangan
70f20805	Centre de plongée SSI à Chaloklum, Koh Phangan (Thaïlande), avec son propre bateau qui part chaque jour à 9h30 vers Sail Rock, Koh Ma, Little Sail Rock et la plateforme pétrolière. Baptêmes de plongée (Try Dive), Fun Dives, snorkeling et formations SSI de l'Open Water au Rescue, en petits groupes de 20 plongeurs maximum à bord.
990be1f2	Koh Phangan
b9483f18	Sail Rock (Hin Bai), golfe de Thaïlande
e2e7e4be	SSI — Scuba Schools International
67512745	The Diver's Boat Koh Tao
5a163c48	Bateau de plongée privé (Rungworawan), 20 plongeurs maximum
8e0773ee	Départ tous les jours à 9h30 de Chaloklum
4bd34653	Équipement neuf de 2024, combinaisons du XS au XXL
fb6b9e20	Vidéo sous-marine de chaque plongée incluse
0f18a674	Nitrox disponible
2f64d407	Plongée à Koh Phangan
d328cc98	Fun Dive à Sail Rock et sur les sites de plongée de Koh Phangan
825b62a7	Sortie d'une journée en bateau pour plongeurs certifiés, quatre plongeurs maximum par guide.
2d508326	Baptême de plongée, Try Dive (sans certification)
f1bac313	Une journée complète pour une première plongée, deux élèves maximum par instructeur, à Koh Ma ou Sail Rock.
7edffa9b	SSI Basic Diver
2ed06446	Initiation à la plongée sur une journée, avec plus de technique et plus de temps sous l'eau que le baptême.
ecf77a1f	Sortie snorkeling à Sail Rock
6cbedfe9	Sortie d'une journée en bateau pour le snorkeling et les non-plongeurs, sur le même bateau que les plongeurs.
5520ef7b	SSI Open Water Diver
3b7dbea4	Formation de certification SSI de trois jours jusqu'à 18 m, quatre élèves maximum par instructeur.
488c3e21	SSI Advanced Open Water
d8d53475	Formation SSI de deux jours : sites plus profonds, flottabilité et navigation.
f696b863	SSI Deep Diving (spécialité plongée profonde)
7e0a3554	Spécialité SSI de deux jours pour plonger jusqu'à 40 m à Sail Rock.
470e1a28	SSI Rescue Diver
ea98f4a6	Formation SSI de deux jours pour prévenir et gérer les problèmes sous l'eau.
f49593eb	SSI Specialty Diver (Deep + Nitrox)
849700c5	Niveau SSI de deux jours obtenu avec deux spécialités ; nous recommandons Deep et Nitrox comme étape suivante après l'Open Water.
bcbd563a	SSI Enriched Air Nitrox
b5936918	Spécialité SSI d'une journée pour allonger le temps au fond grâce à l'air enrichi.
ea315fd8	Boris Collado
78f5616b	Manager et instructeur principal (instructeur SSI n° 112758)
7882d05c	Professionnel de la plongée depuis 2015 et instructeur SSI depuis 2022, avec plus de 5 000 plongées. Il dirige les instructeurs et divemasters de The Diver's Boat Koh Phangan.
208be85a	Ruiyao Wang
8d071245	Manager, bureau et réservations
735c5a71	Centre de plongée SSI à Chaloklum, Koh Phangan, avec son propre bateau pour Sail Rock. Baptême de plongée 4,200฿, Fun Dive 3,200฿, formation Open Water 12,900฿. 20 plongeurs maximum à bord, départ à 9h30, cours en français, anglais et espagnol.
9fb0b9fb	The Diver's Boat Koh Phangan — Plongée SSI à Sail Rock
789468e1	Notre propre bateau de Chaloklum à Sail Rock. Petits groupes, départ à 9h30 et instructeurs SSI avec plus de 10 ans sous l'eau.
978b3b3f	The Diver's Boat Koh Phangan — accueil
1aef27a1	The Diver's Boat
a02c83a7	Principal
4994a8ff	Langue
b6154120	Menu
aa0d528b	Surface
da77164e	Un requin-baleine glisse dans le grand bleu à Sail Rock, suivi de petits poissons.
1a8d844e	Ligne de flottaison
a8dc1458	Une personne qui plonge pour la première fois, en stabilisation au-dessus du sable clair, en eau calme et peu profonde.
09b077e8	Quatre élèves plongeurs se stabilisent ensemble entre deux eaux pendant une remontée d'entraînement.
ffb15627	Deux plongeurs nageant vers un mur dense de carangues à Sail Rock.
d4b463d3	Zone éclairée
9863af9e	Scuba Schools International
0e41188f	Noté 5,0 sur 5 d'après 354 avis Google. Voir tous les avis sur Google Maps
79930cea	Avis Google, faites défiler sur le côté pour en voir plus
6dab6c13	5 étoiles
5da13a78	Avis précédents
14213920	Avis suivants
da45f144	Eau bleue
b207a810	Une tornade de barracudas qui se referme au-dessus de nous à Sail Rock.
5597f6c3	Massifs de coraux durs en bonne santé entourés de nuées de petits poissons de récif à Koh Ma.
ea6069aa	Quatre poissons-chauves-souris nageant dans une colonne de bulles de plongeurs, dans le bleu.
b0a1de6c	Des personnes en snorkeling à la surface, au-dessus d'un requin-baleine et d'un banc de poissons.
95d025d9	Eaux libres
aa5425f6	Zone profonde
b53ed007	Des barracudas immobiles près du pinacle de granit de Sail Rock.
034d4eee	Un couple de poissons-clowns blotti dans une anémone sur le récif peu profond de Koh Ma.
e4f24d7a	Un poisson-coffre jaune au-dessus d'anémones et de coraux mous à Little Sail Rock.
e4616bfb	Un énorme banc de carangues tournant autour des piliers de la plateforme pétrolière.
866bee3d	Limite de profondeur
c5596fb7	Le bateau de plongée rouge Rungworawan au mouillage près d'une île, avec des plongeurs dans l'eau à côté.
f07ea727	Une personne souriante allongée au bord de l'eau sur une plage lumineuse de Koh Phangan.
031b9635	Un instructeur guidant une plongée le long d'un tombant rocheux, lampe à la main.
b532c0c3	Le Rungworawan à son mouillage, avec des plongeurs qui se mettent à l'eau.
297aaa6f	Faible lumière
d43c8ef1	Photos de nos plongées
aec36d21	Un requin-baleine passant au-dessus d'un groupe de plongeurs à Sail Rock.
95755daf	Un couloir qui s'ouvre dans un mur de poissons argentés.
ee6be7e4	Sail Rock émergeant en pleine mer, vu depuis la proue du bateau de plongée.
568ca8d4	Une méduse translucide traînant de longs tentacules dans le bleu.
3a105eaf	Un bernard-l'hermite traversant le sable clair à Koh Ma.
929d7375	Roche de récif couverte de poissons avec un banc dense au-dessus.
c5fa768c	Fond de Sail Rock
b2c8a89b	The Diver's Boat Koh Phangan sur Google Maps — 25, 47 Moo 7, Chaloklum
55f015a0	Instagram
d85544fc	Facebook
8b777ebc	WhatsApp
8944cb19	Plongée à Koh Phangan — Centre de plongée SSI et sorties à Sail Rock | The Diver's Boat
b58273f2	Aller au contenu
8cf04a97	Accueil
86f6dbdf	Expériences
389433c9	Formations
a10be6fd	Sites de plongée
cf23ee27	Qui sommes-nous
5c93310d	Galerie
aa85f184	EN
04c19fa1	ES
11aedd0e	FR
bbaff128	Contact
85509391	Réserver
f39ce0a1	thaidivingpro@gmail.com
2f955bc8	Chaloklum, Koh Phangan
ed9cb30b	Plongée à Koh Phangan · Centre de plongée SSI à Chaloklum
915b4cd9	Ici, sous l'eau,
dc527b43	tout change
c8e43d5a	Notre bateau quitte Chaloklum à 9h30 pour Sail Rock, la meilleure plongée du golfe de Thaïlande. Baptêmes, Fun Dives et formations SSI à partir de l'Open Water, en petits groupes, avec des instructeurs patients, et un requin-baleine si le golfe est généreux.
66cd5281	Réservez votre plongée
4976af76	Maximum à bord
6e0b9fcd	Ratio en baptême
7a3d3703	Départ quotidien
e00513e7	Plongeurs certifiés depuis 2024
ad6c0e76	Faites défiler pour descendre
c910b41e	Choisissez votre façon de commencer
a1f230ce	Sans certification
39de486c	Baptême (Try Dive)
b721972a	Votre première fois sous l'eau. Une journée complète, deux élèves maximum par instructeur, à Koh Ma ou Sail Rock.
f108a56b	Par personne
3ec365dd	Détails
df430c13	Le plus demandé
175bc218	Open Water Diver
1bfd70fe	Certifié en trois jours et autonome jusqu'à 18 m partout dans le monde. Quatre élèves maximum, plongées à Sail Rock.
73d44a72	3 jours · SSI
f3d25668	Plongeurs certifiés
af84cda7	Fun Dive
f9034da8	Groupes de quatre plongeurs maximum. Sail Rock, Koh Ma, Little Sail Rock et la plateforme pétrolière.
3f532147	Par sortie
a2563211	Prochain départ
6a13864c	Vidéo sous-marine de votre plongée
6c42ee31	Boutique ouverte tous les jours de 9h00 à 19h00
bbedc9d0	Petits groupes
eb4c7779	La plupart des bateaux partent avec plus de 30 plongeurs. Nous limitons à 20, et les baptêmes se font à deux élèves par instructeur. Moins de monde, c'est une vraie attention sous l'eau, du matériel monté sans se presser et de la place sur le pont entre les plongées.
d4e5f234	Départ à 9h30
5c37f670	Nous larguons les amarres à 9h30 : nous arrivons à Sail Rock et Koh Ma quand les autres bateaux rentrent déjà. Des sites plus calmes et une meilleure visibilité.
91164770	Pourquoi
b9f5bcd9	plonger
cd522b4f	avec nous
b04eb386	Nous avons ouvert en janvier 2024 avec une idée claire de ce que doit être une journée de plongée : sûre, sans précipitation et vraiment fun. Nos instructeurs SSI ont plus de dix ans d'expérience à guider des plongées en Égypte, aux Philippines, en Indonésie et en Thaïlande, et ce niveau d'exigence est désormais à Chaloklum, à bord de notre propre bateau.
3900c488	Des itinéraires exclusifs
327941d4	Au-delà de Sail Rock, nous plongeons à Koh Ma, Little Sail Rock et sur la plateforme pétrolière. Quand les conditions le permettent, les plongeurs certifiés font plusieurs sites dans la même journée : plus de vie marine, moins de temps de trajet.
6086b0f1	Équipement neuf de 2024
710d53eb	Tout notre matériel date de 2024 et il est vérifié chaque jour. Détendeurs, gilets et combinaisons du XS au XXL, avec l'entretien officiel SSI depuis le premier jour.
cd61add2	Centre de plongée SSI officiel
a050b0ab	Cours en français, anglais et espagnol
7cc745a1	Membre de The Diver's Boat, à Koh Tao depuis 2015
965091ea	Ce qu'en disent nos plongeurs
e2c47a3d	Avis sur Google
4d957b3e	354 avis
d8cb138f	Jordan L.
78c600e3	Chen D.
b27f95bd	Ana Clara B.
dc821700	Helmut M.
2fbc4b26	Josh A.
7c704359	Jaden A.
8efd03ad	Sam B.
fbe4654b	Igor H.
aee9c496	Pedro P.
808b10f7	Les 354 avis sur Google Maps
9753e1fc	Une journée à bord du Rungworawan
a13de096	Le déroulé
7aa22f5d	de votre journée
e2ae6741	Plongée 1
296513b3	Première descente
3fbd6693	On descend ensemble le long du bout. Les débutants restent peu profonds et au calme ; les plongeurs certifiés vont plus bas.
afe692f9	Intervalle de surface
eff0fd00	Déjeuner sur le pont
e97593d5	Plongée 2
90c6b857	Deuxième descente
42b2ac18	Un autre site ou un autre profil : photo, plus profond, ou une dérive tranquille à la recherche des tortues.
ec1ab6bd	Retour au port
3a7b4e21	Rinçage, carnet de plongée rempli, et nous vous envoyons la vidéo sous-marine avant même que vous soyez sec.
1944fc56	Plongez aujourd'hui.
9bd55dd9	Niveau facultatif.
2e768a9e	Certifiés
eaa5d6b8	1 jour · Plongeurs certifiés
0cfb1991	Quatre plongeurs maximum par guide. Sail Rock, Koh Ma, Little Sail Rock ou la plateforme pétrolière.
d3da97e2	Plus
b0c8e715	Débutants
d722a532	1 jour · Sans certification
95ace3fc	Votre première respiration sous l'eau, deux élèves par instructeur, dans les eaux calmes de Koh Ma.
5ac107f9	Basic Diver
241255c4	Un cran au-dessus du baptême : plus de technique, plus de temps sous l'eau et un vrai avant-goût de la plongée.
365c2127	Tous âges
2cf2bd2b	Snorkeling à Sail Rock
b7c74e60	1 jour · En surface
a509f3da	Venez pour la balade en bateau et la vue. Idéal pour les familles, les non-plongeurs et ceux qui hésitent encore.
0f190c63	Formations SSI
37e18d64	Apprenez bien.
17faeca6	Puis continuez.
5bc56b7f	Formation internationale SSI en petits groupes : quatre élèves maximum par instructeur, notre propre bateau et une certification numérique dès la réussite. De votre toute première respiration jusqu'au Rescue Diver.
e254464b	Plongées de l'Open Water
6217548e	à Sail Rock
7269f439	Commencez ici · 3 jours
33eda7b6	Le niveau reconnu partout. En trois jours, vous passez des eaux peu profondes de Koh Ma à la plongée certifiée et autonome jusqu'à 18 mètres, partout dans le monde. Dès 10 ans. Plus de 400 plongeurs se sont certifiés avec nous depuis 2024.
e02d2ae0	Durée
45fe0d32	3 jours
30706939	Profondeur max.
8334a158	Ratio
3601146c	Prix
457730a4	Tout l'équipement inclus
6c93198f	Certification SSI numérique le jour même
9301dda0	Plongées en bateau, pas seulement en piscine
720c16dd	Cours en français, anglais ou espagnol
411683ba	Réserver l'Open Water
edc5bc4f	Toutes les formations
33b0504f	Aller plus loin
74f7c2e5	Advanced Open Water
8af4d12d	La suite de l'Open Water : sites plus profonds, meilleure flottabilité, nouvelles compétences.
0359f566	2 jours
6da957f4	Specialty Diver
cba417dd	Notre conseil après l'Open Water : Deep + Nitrox, les deux spécialités qui élargissent vraiment votre plongée.
08303fb6	Spécialité Deep
ab839617	Planifiez et réalisez des plongées jusqu'à 40 m : toute la hauteur de Sail Rock.
6be3ddc8	Rescue Diver
7f60edb0	La formation qui change votre façon de plonger avec les autres.
ad6f6408	Spécialité Nitrox
e38e2082	Plus de temps au fond, des intervalles de surface plus courts. En une journée.
e3b481d5	1 jour
957bcc6d	Quatre sites,
783f4d1e	un bateau
2ab9cb96	Sail Rock est la tête d'affiche, et elle le mérite. Mais la vraie raison de plonger depuis Chaloklum, c'est tout ce qu'il y a d'autre à portée.
c9818b2c	Tous niveaux
afeff41d	mètres
19495867	Sail Rock
1716eeba	Le célèbre pinacle en pleine mer et sa cheminée verticale, The Chimney. À une heure de bateau. La meilleure plongée du golfe de Thaïlande, un incontournable.
47f1fa7f	Barracudas · poissons-chauves-souris · requins-baleines, avec de la chance
79d88c30	Fiche du site
86816be5	Débutants et formations
b380eb00	Koh Ma
833a794e	À dix minutes de Chaloklum, sans courant, avec un jardin de coraux durs en vraiment bonne santé. C'est ici que se passe votre première plongée parfaite.
4c68e69f	Tortues vertes · poissons-clowns · seiches
b57ed7a0	Intermédiaire
1e0d553b	Little Sail Rock
d5217fdc	Un mini Sail Rock à dix minutes à l'est de Chaloklum. Beaucoup moins de plongeurs, autant de vie. Le joyau caché pour échapper à la foule.
51d6ff08	Mérous géants · murènes · fusiliers
a74f4157	Confirmé · plus de 20 plongées
8641d982	Plateforme pétrolière
22d1402f	Une structure artificielle isolée en pleine mer, où d'énormes bancs de poissons viennent s'abriter. La plongée la plus différente et la plus riche en adrénaline du golfe.
ffda0879	Carangues · barracudas · mérous
27b22a44	Rungworawan
be9dade6	Notre propre bateau
fe4b80f9	Le Rungworawan
0d93f7a4	Spacieux, stable et entièrement équipé. Il nous emmène à Sail Rock tous les jours, et c'est justement grâce à notre propre bateau que nous pouvons plonger en petits groupes, partir à 9h30 et changer de programme quand la marée le demande.
3b8f7696	Capacité
2b8cf204	20 max.
4bb4de87	Départ
562177ad	Combinaisons
4aea0870	XS–XXL
fb845762	Matériel
89985b38	Neuf 2024
b08573b6	Chaque détendeur, gilet et combinaison est vérifié tous les jours et entretenu selon le calendrier officiel SSI. Venez en maillot de bain ; nous avons le reste à votre taille.
16d43536	L'équipe de Phangan
cc262104	Multilingues,
ffa2afcb	et vraiment patients
acd802b3	Nos instructeurs enseignent en français, anglais et espagnol, avec de l'italien et de l'allemand à bord une bonne partie de la saison. À nous tous, nous cumulons plus de dix ans de plongée en Égypte, aux Philippines, au Cambodge, au Vietnam, en Indonésie et en Thaïlande, ce qui veut surtout dire que nous savons expliquer les courants et la vie marine à quelqu'un qui n'a jamais porté de masque.
c6e54d99	Manager · bureau et réservations
ac86554d	Rui est le cœur de la boutique. Elle gère le bureau et toutes les réservations, veille à ce que la journée se déroule à l'heure et vous accueille comme vous le méritez, en anglais ou en chinois.
c4232cbc	Manager · instructeur principal · SSI n° 112758
01bd6093	Professionnel de la plongée depuis 2015 et instructeur SSI depuis 2022, avec plus de 5 000 plongées à son actif. Boris dirige les instructeurs et divemasters pour que chaque sortie soit sûre, fun et adaptée à votre niveau.
4dd62754	Notre bateau
c9b90034	Spacieux, stable et entièrement équipé. Il va à Sail Rock tous les jours. Embarquez pour la prochaine sortie et faites partie de son histoire.
1b22408a	Galerie photos
c3002fa8	Voilà à quoi
c7fa26c1	ça ressemble vraiment
7a2b6505	Tortues, requins-baleines et sourires sous l'eau, tout photographié lors de nos propres sorties depuis Chaloklum. Aucune photo de banque d'images.
3cd52e58	Sail Rock · requin-baleine
6095e7d3	Sail Rock · banc de poissons
015097ca	Sail Rock · depuis la proue
2f99fb29	Eau bleue · à la dérive
492dc9e9	Koh Ma · la petite faune
30276064	Little Sail Rock · récif
7a0a6f66	Voir toute la galerie
ed2ec501	@thediversboatkpg
7373ef46	Nous contacter
3ac607a6	Prêt à
1330349b	vous jeter à l'eau ?
9e9648c5	Écrivez-nous sur WhatsApp : une vraie personne vous répond, généralement en moins d'une heure. Donnez-nous votre niveau et vos dates, ou dites-nous que vous ne savez pas par où commencer, c'est aussi un très bon message.
1854810b	Téléphone et WhatsApp
ce8ae9da	E-mail
9f82518d	Boutique
9d29fceb	25, 47 Moo 7, Chaloklum, Koh Phangan, Surat Thani 84280, Thaïlande
8c393849	Horaires et départs
c453a4b8	Paiement
5e9cbe2c	Espèces ou Revolut · acompte pour réserver · remboursement intégral si nous annulons la sortie pour cause de météo
63a19537	Écrivez-nous sur WhatsApp
3b78485a	Appeler la boutique
de8ea568	Je n'ai jamais plongé. Par où commencer ?
4dbb8a3b	Par le baptême de plongée (Try Dive). Une journée complète, deux élèves par instructeur et aucune certification requise : vous respirerez sous l'eau pour la première fois dans les eaux calmes et sans courant de Koh Ma. Si vous adorez, le Basic Diver et la formation Open Water reprennent exactement là où vous vous êtes arrêté.
4ba90541	Quel âge faut-il avoir pour plonger ?
b0ba3b10	8 ans pour le baptême (Try Dive), et 10 ans pour le Basic Diver et la formation SSI Open Water. Les enfants trop jeunes pour plonger peuvent faire du snorkeling à Sail Rock depuis le même bateau.
535db34b	Peut-on venir en famille ou avec des enfants ?
544c36d7	Oui, et beaucoup le font. Les non-plongeurs peuvent monter à bord et faire du snorkeling à Sail Rock pour 1,500฿ pendant que le reste du groupe plonge. Écrivez-nous sur WhatsApp avec l'âge et l'expérience de chacun, et nous préparerons un programme qui plaira à tout le monde, sur le même bateau.
4c5faf44	Vais-je voir un requin-baleine ?
309edcb5	Honnêtement, peut-être, et c'est ce qui fait la magie. Sail Rock est l'un des meilleurs endroits du golfe de Thaïlande pour les rencontrer. La saison théorique va d'avril à juin, mais nous avons aussi fait de superbes rencontres en février et en septembre : ce sont des animaux sauvages qui suivent leur propre calendrier. Ce que vous verrez à coup sûr, ce sont de grands bancs de barracudas, de poissons-chauves-souris et de carangues autour du pinacle.
ee80c9b4	Quelle est la meilleure période pour plonger à Koh Phangan ?
2c585b84	Nous plongeons toute l'année et l'eau reste à 28–30 °C. Sail Rock est la plus claire environ de mai à octobre, souvent avec 20–30 m de visibilité. De janvier à avril, l'eau est plus riche en plancton et la visibilité y est plutôt de 5–10 m, mais ce plancton nourrit les énormes bancs de poissons et attire les requins-baleines, et c'est justement la période où Koh Ma et Little Sail Rock sont les plus claires. La seule vraie pause, c'est la mousson, environ de novembre à mi-décembre, quand nous fermons les jours où les bateaux ne peuvent pas sortir en sécurité.
6aa1dba2	Comment venir à la boutique ? Venez-vous chercher à l'hôtel ?
d8bc07ab	La boutique se trouve dans le village de Chaloklum, sur la côte nord de Koh Phangan, et le bateau part du port de Chaloklum. Nous ne faisons pas de navette depuis les hôtels : les taxis sur l'île sont chers, et louer un scooter pour la journée (environ 250฿) est moins cher et plus simple. Ouvrez la carte ci-dessus pour l'itinéraire.
932746e9	Comment réserver et payer ?
9b2b56ee	Que dois-je apporter ?
37baafca	Dans quelles langues donnez-vous les cours ?
e9111945	Nos instructeurs enseignent en français, anglais et espagnol. Une bonne partie de la saison, nous avons aussi un instructeur qui parle italien et allemand, et le russe certaines dates : demandez-le en réservant. Rui, qui gère le bureau, parle anglais et chinois.
1fec4f3d	Palier de sécurité · 5 m · 3 min
6a921244	Centre de plongée SSI à Chaloklum avec son propre bateau. Petits groupes vers Sail Rock, Koh Ma, Little Sail Rock et la plateforme pétrolière depuis janvier 2024.
7ad773bc	Plongez avec nous
edf7553d	Nous trouver
debe9b2a	25, 47 Moo 7, Chaloklum
a44454f5	Koh Phangan, Surat Thani 84280
103357e3	Thaïlande
6074c5b1	Depuis 2024
91b8bb20	Koh Tao
5a187c88	Depuis 2015 ↗
72d7c420	© 2026 The Diver's Boat — Koh Phangan. Centre de plongée SSI.
b24d654e	Réserver une plongée
84afe670	Expériences de plongée
c8c9e268	Expériences de plongée à Koh Phangan — Baptême, Fun Dive et snorkeling à Sail Rock
d185c74d	Deux plongeurs nageant de face vers un mur dense de carangues.
48e1c933	Une tornade de barracudas tourbillonnant au-dessus de nous à Sail Rock.
f82ab405	Une personne qui plonge pour la première fois, stabilisée calmement au-dessus du sable clair en eau peu profonde.
91309c3e	/ Expériences
8fb03bb8	à Koh Phangan
8c918c79	Réserver sur WhatsApp
27c8ce00	Sail Rock · saison des barracudas
e8f79a96	Plongeurs certifiés · 1 jour
9c917c2a	Vous avez un niveau et vous voulez vraiment en profiter. Quatre plongeurs maximum par guide, pour que personne ne soit mené en troupeau. Nous choisissons l'itinéraire le matin selon la marée et la météo (Sail Rock, Koh Ma, Little Sail Rock ou la plateforme pétrolière) et, quand les conditions le permettent, nous enchaînons plusieurs sites dans la même journée.
03937134	Groupe
7268d2e9	4 max.
bdc6acb4	Prérequis
59a0635f	Tout niveau
dd30056c	Équipement complet, du XS au XXL
6a7e987f	Nitrox sur demande
00b58e32	Réserver un Fun Dive
1d9dc244	Nos sites
eb01d7ca	Koh Ma · sans courant, 5–18 m
7a4674d6	Sans certification · 1 jour
d2616779	Respirer sous l'eau pour la première fois est une sensation étrange et formidable, et il ne faut pas la bâcler. C'est une journée complète avec deux élèves maximum par instructeur : une vraie attention, pas une file d'attente. Nous commençons dans les eaux calmes et sans courant de Koh Ma et, si vous êtes à l'aise, Sail Rock est aussi au programme.
cf64c08e	Âge minimum
ceaf7fcb	8 ans
1f366831	Tout expliqué depuis zéro
a64e66ac	Tout l'équipement à votre taille
dec2234e	Réserver un baptême
107cf8a9	Une journée complète dans l'eau
a4cbaf3d	Un cran au-dessus du baptême et le meilleur rapport qualité-prix de cette page. Une journée complète laisse le temps d'apprendre vraiment (masque, flottabilité, équilibrage des oreilles, signes) au lieu de simplement survivre à l'expérience. C'est aussi la préparation naturelle à la formation Open Water, et presque tout ce que vous apprenez ici vous resservira directement.
7e3b12c5	10 ans
c290a594	Étape suivante
800682a4	Open Water
ec58b078	Instructeur SSI toute la journée
7e93e51b	Vidéo sous-marine de vos plongées
59fe1db7	Réserver le Basic Diver
3c33cdd4	Comparer avec l'Open Water
1f0821eb	Sail Rock · depuis la surface
7ae25547	Pour tous · 1 jour
b3fde584	Snorkeling
e0a0eee9	à Sail Rock
61987f85	Sail Rock s'élève de 40 mètres jusqu'au-dessus de la surface, donc le spectacle commence dès les premiers mètres. Venez pour la balade en bateau et restez en surface : c'est comme ça que les familles partent toutes ensemble, et que les plus hésitants découvrent s'ils ont envie de descendre.
7b7a0411	Savoir nager
f769aafb	Bateau
98b5a454	Masque, tuba et palmes
78b586cb	Le même bateau que les plongeurs
cf486896	Gilet de flottaison sur demande
c0dd6b6c	Réserver le snorkeling
4a5103c2	Vous venez en groupe
275a56df	ou avec des enfants ?
e61a9f10	Donnez-nous les âges, les niveaux d'expérience et vos dates, et nous organiserons une journée qui convient à tous sur un seul bateau : les plongeurs en dessous, le snorkeling au-dessus. Les enfants peuvent faire le baptême dès 8 ans et l'Open Water dès 10 ans.
242092c3	Demandez-nous sur WhatsApp
ef578730	Qu'est-ce qui est inclus dans chaque prix ?
b0c01780	À quelle heure part-on et rentre-t-on ?
793a732a	Puis-je faire un Fun Dive si je n'ai pas plongé depuis des années ?
cb9c236d	Oui. Dites-nous depuis combien de temps en nous écrivant, et nous prévoirons la première plongée comme une remise à niveau, peu profonde, calme et sans précipitation, avant quelque chose de plus ambitieux.
c582ad44	Que se passe-t-il en cas de mauvais temps ?
36df1e31	La sécurité passe en premier, et c'est nous qui décidons : si nous annulons la sortie à cause de la météo, vous êtes intégralement remboursé. Un peu de pluie le matin ne nous arrête pas : c'est l'état de la mer qui décide. La saison du mauvais temps, c'est la mousson, environ de novembre à mi-décembre.
3ad2196f	Venez-vous chercher à l'hôtel ?
b6611be8	Non : les taxis à Koh Phangan sont chers, et louer un scooter pour la journée (environ 250฿) est moins cher et plus simple. La boutique se trouve dans le village de Chaloklum, sur la côte nord, et le bateau part du port de Chaloklum.
849b0573	Formations de plongée SSI
54809bdc	Formations de plongée SSI à Koh Phangan
bab84772	Certification SSI en trois jours depuis Chaloklum, Koh Phangan, valable jusqu'à 18 m partout dans le monde. Dès 10 ans. Quatre élèves maximum par instructeur, plongées en milieu naturel à Koh Ma et Sail Rock, certification numérique immédiate.
06127d43	Formation SSI de deux jours après l'Open Water : sites plus profonds, meilleure flottabilité et meilleure navigation.
da7d2fef	Niveau SSI de deux jours obtenu avec deux spécialités. Nous recommandons Deep (jusqu'à 40 m à Sail Rock) et Nitrox comme étape suivante après l'Open Water.
f1b60894	Spécialité SSI de deux jours jusqu'à 40 m à Sail Rock : gestion du gaz, narcose et limites de non-décompression.
dd8d9801	Formation SSI de deux jours pour reconnaître, prévenir et gérer les problèmes sous l'eau.
300c18ec	Spécialité SSI d'une journée pour plus de temps au fond et des intervalles de surface plus courts grâce à l'air enrichi.
bd2f8404	Formations SSI depuis Chaloklum, Koh Phangan. Open Water 12,900฿ en 3 jours, Advanced 12,500฿, Deep 8,500฿, Rescue 11,600฿, Nitrox 4,500฿, Specialty Diver (Deep + Nitrox) 12,500฿. 4 élèves maximum par instructeur, notre propre bateau et certification numérique immédiate.
23ca562e	Formations de plongée SSI à Koh Phangan — Open Water, Advanced, Deep, Rescue et Nitrox
8c9c4a97	Un plongeur complètement entouré par un banc dense de poissons argentés.
066b0147	Quatre élèves Open Water se stabilisant ensemble entre deux eaux.
c12a497d	Un énorme banc de carangues tournant en pleine eau.
b7204831	Massifs de coraux durs en bonne santé entourés de nuées de poissons de récif à Koh Ma.
e2f306ee	/ Formations SSI
d3d97add	Formation internationale SSI en petits groupes : quatre élèves maximum par instructeur, notre propre bateau, du matériel de qualité et des instructeurs avec plus de dix ans d'expérience. La certification arrive en version numérique dès que vous réussissez.
494c86e8	Se renseigner sur les formations
0de6b97f	Voir les prix
5e52fd48	Les plongées de formation se font à Sail Rock
179480a6	Commencez ici · 3 jours · certification SSI
808ecba8	Diver
bc7852fe	Le niveau reconnu dans le monde entier. En trois jours, vous passez des eaux peu profondes de Koh Ma à la plongée autonome avec un binôme jusqu'à 18 mètres. Quatre élèves maximum par instructeur, de vraies plongées depuis le bateau plutôt qu'en piscine, et votre carte numérique le jour même où vous terminez. Plus de 400 plongeurs se sont certifiés avec nous depuis notre ouverture en 2024.
cc669844	Théorie, exercices en milieu protégé et plongées en milieu naturel
674e4126	Tout l'équipement inclus, du XS au XXL
c58dbcf6	Certification SSI numérique immédiate
e1feaac6	Pas encore sûr ? Commencez par un baptême
8dfb1522	Toutes les formations
bd81c217	Descendez
c376109e	plus profond
18ac6bb7	Une fois certifié, le golfe s'ouvre à vous. Voici les formations que nous proposons depuis Chaloklum, toutes dans les mêmes petits groupes et sur le même bateau.
5032e31b	2 jours · SSI
03954e6c	L'étape logique après l'Open Water. Des sites plus profonds, une meilleure flottabilité, une meilleure navigation, et des plongées qui ne tournent plus autour des exercices mais autour de l'endroit où vous êtes.
2b1f94ef	Réserver
fe38f2a9	Notre conseil · 2 jours · SSI
e87cc9bf	Specialty Diver · Deep + Nitrox
ebbef702	Notre recommandation après l'Open Water. Le niveau SSI Specialty Diver s'obtient avec deux spécialités au choix, et parmi la vingtaine qui existent, Deep et Nitrox sont les deux qui élargissent vraiment ce que vous pouvez faire : 40 mètres à Sail Rock, et des temps au fond plus longs et plus sûrs à chaque plongée.
b6ae54b5	Sail Rock descend jusqu'à 40 mètres, et c'est la formation qui vous permet d'en profiter entièrement. Gestion du gaz, narcose, limites de non-décompression et la discipline qui rend les plongées profondes ennuyeuses, dans le meilleur sens du terme.
32e66a30	La formation qui change votre façon de plonger avec les autres. Reconnaître les problèmes avant qu'ils n'en deviennent, les gérer quand ils surviennent, et devenir le binôme que tout le monde veut sur son bateau.
100fd7f3	1 jour · SSI
d0834c53	Plus de temps au fond, des intervalles de surface plus courts et moins de fatigue à la fin d'une journée à deux plongées. Une journée de théorie et de pratique, vite rentabilisée lors de votre prochain voyage plongée, où qu'il soit.
5479f24d	Vous hésitez ?
d667917f	Dites-nous comment vous plongez
3e49b038	et nous vous dirons
a242db90	quoi réserver
d7741241	Envoyez-nous votre niveau, votre nombre de plongées et ce que vous cherchez sous l'eau : tortues, photo, profondeur, ou simplement être plus détendu. Nous vous donnerons une réponse honnête, même si c'est « vous n'avez pas besoin de formation ».
48bfaf86	Discuter sur WhatsApp
21c68185	Koh Ma · là où commencent les formations
d5bad418	Notre pédagogie
7743503a	Réaliste,
549acc99	pas théorique
a1f12f46	Notre équipe enseigne depuis plus de dix ans en Égypte, aux Philippines, au Cambodge, au Vietnam et en Indonésie, et nous appliquons ici le même niveau d'exigence : des briefings clairs, des sites choisis selon la marée plutôt que selon l'horaire, et des plans de plongée pensés pour les personnes réellement à bord.
f4eda47d	Quatre élèves maximum par instructeur
827e6962	Cours en français, anglais ou espagnol ; italien et allemand une bonne partie de la saison
a7606fc6	Équipement neuf de 2024, vérifié chaque jour
580c9436	Certification SSI numérique délivrée sur place
ecadd2a6	Les formations commencent à Koh Ma, calme et sans courant
e94c09b4	20 personnes maximum à bord, toujours
05282a43	Rencontrer l'équipe
a327cb17	Prêt à vous
8a7b68bc	faire certifier ?
ac424e4b	Écrivez-nous avec vos dates et nous vous dirons honnêtement ce qui vous convient, y compris s'il vaut mieux commencer par un baptême.
f4daa138	Réserver une formation
733ca28d	Sites de plongée autour de Koh Phangan
96cd109e	Sail Rock (Hin Bai)
8b74761c	Pinacle de granit en pleine mer entre Koh Phangan et Koh Tao, de 5 à 40 m, avec une cheminée verticale appelée The Chimney. Barracudas, poissons-chauves-souris, carangues et, avec de la chance, requins-baleines. À environ une heure de bateau de Chaloklum. Tous niveaux.
843520c6	Jardin de coraux durs abrité à dix minutes de Chaloklum, de 5 à 18 m, sans courant. Tortues vertes, poissons-clowns et seiches. Utilisé pour les baptêmes et les formations.
1bcdc9de	Petit pinacle à dix minutes à l'est de Chaloklum, de 8 à 20 m, avec beaucoup moins de plongeurs qu'à Sail Rock. Mérous géants, murènes et fusiliers. Niveau intermédiaire.
d61fa0aa	Structure artificielle en pleine mer, de 10 à 30 m, qui abrite d'énormes bancs de carangues, de barracudas et de mérous. Pour plongeurs confirmés avec plus de 20 plongées.
e630c3a7	Les quatre sites de plongée où nous allons depuis Chaloklum, Koh Phangan : Sail Rock (5–40 m), Koh Ma (5–18 m, sans courant), Little Sail Rock (8–20 m) et la plateforme pétrolière (10–30 m). Départs tous les jours à 9h30 sur notre propre bateau.
90da509f	Sites de plongée à Koh Phangan — Sail Rock, Koh Ma, Little Sail Rock et la plateforme pétrolière
b942974b	Sail Rock émergeant en pleine mer, vu par-dessus la proue du bateau de plongée rouge.
2fd445af	Un couple de poissons-clowns dans une anémone sur le récif peu profond de Koh Ma.
d67ed941	Roche de récif couverte de poissons avec un banc dense au-dessus.
0f35d182	Un énorme banc de carangues tournant sous les piliers de la plateforme pétrolière.
11e552ee	Carte montrant Sail Rock en pleine mer entre Koh Phangan et Koh Tao.
f960505a	/ Sites de plongée
125685c2	Sites de plongée de Koh Phangan
18b426c2	et Sail Rock
5037c82a	Départs tous les jours à 9h30 depuis Chaloklum, en petits groupes, sur notre propre bateau. Quatre sites, tous accessibles depuis le même port, et quand les conditions le permettent, les plongeurs certifiés en font plus d'un dans la journée.
5f221a56	Sail Rock · 5–40 m · à une heure
d500e122	Tous niveaux · du débutant au confirmé
aed00582	Le célèbre pinacle en pleine mer, et la raison pour laquelle on vient de ce côté du golfe. Il s'élève de 40 mètres jusqu'au-dessus de la surface, et une cheminée verticale, The Chimney, le traverse en son centre. Des bancs de barracudas et de poissons-chauves-souris se tiennent dans le bleu le long des parois et, avec de la chance, un requin-baleine passe.
5683e791	C'est la meilleure plongée du golfe de Thaïlande, un incontournable. Comme nous partons à 9h30, nous arrivons généralement quand les bateaux les plus matinaux repartent.
675056ad	Profondeur
1fb0f99b	Trajet
72ab9d03	1 heure
a0db49ba	Niveau
b1c94ca2	Tous
222a267c	Courant
47c14840	Variable
13dd7272	Eau la plus claire
6eb473d4	Mai–oct.
9f7e2112	The Chimney, une cheminée verticale
cb7ce2b2	Bancs de barracudas et de poissons-chauves-souris
cd131327	Requins-baleines, selon la saison et avec de la chance
3c64dd16	Les plongées de l'Open Water se font ici
5a807c3a	Réserver à Sail Rock
22944a80	Koh Ma · 5–18 m · sans courant
5bc18747	Débutants · baptêmes · formations Open Water
117b0e03	À dix minutes de bateau de Chaloklum, sans courant, avec un jardin de coraux durs en vraiment bonne santé. Les tortues vertes viennent y brouter, les poissons-clowns défendent leurs anémones et les seiches planent au-dessus du sable en vous observant pendant que vous les observez. C'est ici que se passe votre première plongée parfaite.
7dd6a6ab	10 min
2ddabc33	Débutant
6adf97f8	Aucun
245ac652	Janv.–juin
cbc26919	Tortues vertes
a98181f2	Poissons-clowns et anémones
94d04678	Seiches au-dessus du sable
5384f3c4	Coraux durs en bonne santé
ccc2bc68	Réserver à Koh Ma
cd4ebf1e	Faites votre baptême ici
736efb50	Little Sail Rock · 8–20 m
0b6ba2f6	Intermédiaire à confirmé · courant possible
0f9197b3	Little
10c07a18	Une version miniature de Sail Rock, à dix minutes à l'est de Chaloklum. Beaucoup moins de plongeurs y viennent, et on y trouve autant de vie : des mérous géants sous les surplombs, des murènes dans les failles et des bancs de fusiliers qui passent au-dessus. Le joyau caché pour échapper à la foule.
7ed6c322	Possible
f53000e9	Mérous géants
3203a886	Murènes
5d4a2e09	Bancs de fusiliers
a84f17ae	Rarement fréquenté
737680f3	Réserver à Little Sail Rock
ad5d8b60	Plateforme pétrolière · 10–30 m · 20+ plongées
393a16d7	Plongeurs confirmés uniquement · plus de 20 plongées
2e69df59	Plateforme
419f3742	pétrolière
afaba876	Une structure artificielle isolée en pleine mer, dont les piliers se perdent dans le bleu. Tout ce qui vit dans la zone s'y abrite : vous descendez au milieu d'énormes bancs de carangues et de barracudas, avec des mérous posés en dessous. C'est la plongée la plus différente et la plus riche en adrénaline du golfe.
e33bdd21	En raison de la profondeur et de la pleine mer autour, elle est réservée aux plongeurs confirmés ayant au moins 20 plongées.
9b6545e4	Confirmé
6524b678	20+ plongées
a1fa2777	Type
dc4c7156	Structure
4c641e60	D'énormes bancs de carangues
f7ab1988	Des barracudas en nombre
bcda12cf	Des mérous sous les piliers
157b3503	La préférée des clients avec Sail Rock
fc6be7b4	Réserver sur la plateforme
432ba975	Sur la carte
45fdbda3	Tout depuis
8ccec6a9	un seul port
ce87ed2a	Nous partons de Chaloklum, sur la côte nord de Koh Phangan : le port en activité le plus proche de Sail Rock, qui se trouve en pleine mer entre Koh Phangan et Koh Tao.
93b7306e	Sail Rock · pleine mer, à une heure
6fcf3059	Quel site
8a31033e	vous convient ?
e80f0f75	Donnez-nous votre niveau et nous vous dirons où aller ce jour-là. Les conditions changent, et la réponse honnête est parfois « pas Sail Rock aujourd'hui ».
ddb52316	Les saisons à Koh Phangan
29c2f251	Quelle est la meilleure période pour plonger à Sail Rock ?
27b4d779	On peut plonger à Sail Rock toute l'année. L'eau y est la plus claire environ de mai à octobre, souvent avec 20–30 m de visibilité. De janvier à avril, l'eau est plus riche en plancton et la visibilité est plutôt de 5–10 m, mais ce plancton nourrit les énormes bancs de poissons et attire les requins-baleines : c'est beau d'une autre manière.
aa4944fa	Quand la visibilité est-elle la meilleure à Koh Ma et Little Sail Rock ?
b3c89bb3	De janvier jusqu'à mai ou juin environ. Les sites proches sont les plus clairs justement quand Sail Rock est la plus riche en plancton, et c'est l'une des raisons pour lesquelles nous choisissons l'itinéraire chaque matin selon les conditions.
8b63a622	Quelle est la saison des requins-baleines à Sail Rock ?
70009e9f	La saison théorique va d'avril à juin, mais les requins-baleines suivent leur propre calendrier : nous avons aussi fait de superbes rencontres en février et en septembre. Personne ne peut vous en promettre un, et c'est ce qui fait la magie.
84601d8b	Quelle est la température de l'eau ?
2a668de3	Entre 28 et 30 °C toute l'année. Nous fournissons des combinaisons du XS au XXL.
0767b951	Fermez-vous pendant la mousson ?
9050b99e	Nous sommes ouverts toute l'année. La mousson arrive environ de novembre à mi-décembre. Les jours où la mer est trop agitée pour que les bateaux sortent en sécurité, nous annulons la sortie et, si vous aviez réservé, vous êtes intégralement remboursé.
49e68966	Ouvert en janvier 2024 à Chaloklum, Koh Phangan. Notre propre bateau, 20 plongeurs maximum, départ à 9h30, équipement neuf de 2024 et instructeurs SSI avec plus de 10 ans en Égypte, aux Philippines, en Indonésie et en Thaïlande. Membre de The Diver's Boat, à Koh Tao depuis 2015.
5f3a1380	Qui sommes-nous — Centre de plongée SSI à Chaloklum, Koh Phangan
233c20ae	Le bateau de plongée rouge Rungworawan au mouillage près d'une île, avec des plongeurs dans l'eau.
1d92a757	Le Rungworawan à son mouillage, avec des plongeurs qui se mettent à l'eau à côté.
b6edaaa2	Un plongeur entouré par un banc dense de poissons argentés.
e65cff64	/ Qui sommes-nous
ef134e16	Un centre de plongée SSI
c0551dad	à Chaloklum, Koh Phangan
23c233c1	Nous avons ouvert en janvier 2024 avec une idée claire : une plongée sûre, des petits groupes et une ambiance détendue. Nos instructeurs SSI ont plus de dix ans d'expérience à guider des plongées en Égypte, aux Philippines, en Indonésie et en Thaïlande, et ce niveau d'exigence est désormais ici, à bord de notre propre bateau.
38c731cd	Parlez-nous
ee25e0b6	Pourquoi c'est important
e9059f9c	Pourquoi choisir un centre
2d6b2f14	avec son propre bateau ?
057715aa	20 max. à bord
fd3bde58	La plupart des bateaux partent avec plus de 30 plongeurs. Nous nous limitons à 20. Moins de monde, c'est un instructeur plus attentif, du matériel monté tranquillement et plus d'espace sur le pont entre les plongées.
6b529184	9h30 depuis Chaloklum
65105b24	Un départ plus tardif
c3b99528	Notre départ à 9h30 vous emmène à Sail Rock et Koh Ma quand les autres bateaux rentrent déjà. Des sites avec moins de monde et une meilleure visibilité.
a0a261a6	Si les conditions le permettent
b7591365	Plusieurs sites par jour
6333b89b	Pour les plongeurs certifiés, nous visitons plusieurs sites autour de Koh Phangan dans la même journée. Sail Rock et la plateforme pétrolière sont les préférés. Plus de vie marine, moins de temps de trajet.
e6f7d625	Ouvert en janvier 2024
eb65be4e	Dix ans d'expérience, trois langues d'enseignement
2d61f0cf	Les instructeurs
8189ecf6	Expérience
2d455ae7	internationale,
27373177	connaissance locale
775b5e08	Le centre a ouvert en 2024, mais l'équipe derrière cumule plus de dix ans sous l'eau. Nous avons travaillé dans certaines des meilleures destinations de plongée au monde et nous appliquons ici le même niveau d'exigence : des briefings clairs, des sites choisis selon la marée et des plans réalistes plutôt que théoriques.
9d2a503d	Nous enseignons en français, anglais et espagnol, avec de l'italien et de l'allemand à bord une bonne partie de la saison, et le russe certaines dates. Nous venons d'Égypte, des Philippines, du Cambodge, du Vietnam et d'Indonésie. Cette expérience internationale sert surtout à une chose : expliquer la vie marine, les courants et la technique de façon compréhensible pour quelqu'un qui n'a jamais porté de masque.
4686bec7	Du baptême aux formations SSI avancées
51cc8582	Chaque sortie adaptée à votre niveau
443b9231	Photo, profondeur ou plongée tranquille avec les tortues : à vous de choisir
f2cfdd52	Rungworawan · spacieux et stable
04fd2571	Sécurité et équipement
64887e77	Matériel neuf,
2e6a919f	vérifié chaque jour
ee4fdfb1	Centre ouvert en 2024, tout notre matériel est neuf, et il est vérifié chaque jour. Détendeurs, gilets et combinaisons du XS au XXL, avec l'entretien officiel SSI depuis le premier jour. Venez en maillot de bain ; nous avons le reste à votre taille.
4a601c29	Capacité du bateau
5be0faba	Départ
596e61ba	Tailles
0a991a04	Entretien
371bcede	Officiel SSI
fd3f099e	Nous voulons que vous vous sentiez comme chez vous et que vous repartiez avec des souvenirs pour longtemps. Nos instructeurs s'occupent de vous de la préparation jusqu'au débriefing, et le plan de plongée s'adapte à vous, pas l'inverse.
2891e672	L'équipe
fbc27b44	Rencontrez
94b44cc5	l'équipe de Phangan
4523e534	Rui est le cœur de The Diver's Boat Koh Phangan. Elle gère le bureau et toutes les réservations, veille au bon déroulement de la journée et vous accueille comme vous le méritez, en anglais ou en chinois.
40ddff51	Professionnel de la plongée depuis 2015 (il a commencé comme divemaster et a adoré) et instructeur SSI depuis 2022, avec plus de 5 000 plongées à son actif. Boris dirige les instructeurs et divemasters pour que chaque sortie soit sûre, fun et adaptée à votre niveau.
53083b9e	Spacieux, stable et entièrement équipé. Il nous emmène à Sail Rock tous les jours. Embarquez pour la prochaine sortie et faites partie de son histoire.
77deaeac	Nos centres
ad3c9425	en Thaïlande
46c9d664	Nous faisons partie de The Diver's Boat. La base principale est à Koh Tao depuis 2015, et le centre de Koh Phangan fonctionne à Chaloklum depuis janvier 2024, géré au quotidien par Boris et Rui, avec plus de 400 plongeurs certifiés à ce jour. Deux îles, le même propriétaire et le même niveau d'exigence, et l'un des plus beaux pinacles d'Asie du Sud-Est entre les deux.
97a1e53c	Koh Phangan — Chaloklum
b8481406	Koh Tao — base principale
1ba215ed	Venez
ce04410d	plonger avec nous
44b9c667	Écrivez-nous sur WhatsApp avec votre niveau et vos dates. Une vraie personne vous répond, généralement en moins d'une heure.
392da486	Photos de plongée à Koh Phangan
ee4c52ab	Photos de nos propres sorties depuis Chaloklum, Koh Phangan : requins-baleines et barracudas à Sail Rock, tortues et poissons-clowns à Koh Ma, et d'énormes bancs de carangues sur la plateforme pétrolière.
5942493f	Galerie photos — Plongée à Koh Phangan avec The Diver's Boat
2cb6478d	Un couloir qui s'ouvre dans un mur de poissons argentés à Sail Rock.
2b46e928	Un requin-baleine glissant dans le grand bleu à Sail Rock.
1dae9bc8	Un requin-baleine passant au-dessus d'un groupe de plongeurs.
3488250a	Des personnes en snorkeling à la surface, au-dessus d'un requin-baleine et d'un banc de poissons.
38b0408e	Une tornade de barracudas tourbillonnant au-dessus de nous.
b36fcd68	Des barracudas immobiles près du granit de Sail Rock.
695f4bce	Deux plongeurs nageant vers un mur dense de carangues.
e842088c	Massifs de coraux durs en bonne santé entourés de nuées de poissons de récif.
f2a94a18	Un couple de poissons-clowns dans une anémone.
2401c78e	Un poisson-coffre jaune au-dessus d'anémones et de coraux mous.
cce122a6	Un bernard-l'hermite traversant le sable clair.
4978237b	Une méduse translucide traînant de longs tentacules.
1fc4d333	Roche de récif couverte de poissons avec un banc au-dessus.
94eabffa	Des poissons évoluant au-dessus d'un fond de sable clair.
5263898d	Le bateau de plongée rouge Rungworawan avec des plongeurs dans l'eau à côté.
5320fe9f	Sail Rock émergeant de l'eau, vu par-dessus la proue du bateau.
1dfc29a0	Le bateau de plongée à son mouillage sous un ciel nuageux.
b8fe9ccb	Quatre élèves plongeurs se stabilisant ensemble entre deux eaux.
e9a0e8b7	Un plongeur longeant un tombant rocheux avec une lampe.
e707cc59	Un plongeur stabilisé au-dessus du sable clair en eau peu profonde.
3d150b8e	Une personne souriante allongée au bord de l'eau sur une plage lumineuse.
db273612	/ Galerie photos
d7874762	Photos de plongée
53abbf40	à Koh Phangan
d4da244a	Voici à quoi ressemble vraiment la plongée à Koh Phangan : tortues, requins-baleines et sourires sous l'eau. Toutes les photos de cette page ont été prises lors de nos propres sorties depuis Chaloklum.
fe84aad1	Sail Rock et les requins-baleines
05ed312a	Le grand bleu
48b03e0b	Sail Rock · à hauteur des yeux
296e2976	Sail Rock · vu d'en haut
b3a2101a	Sail Rock · barracudas
47bcb808	Sail Rock · le pinacle
7807b6ab	Plateforme pétrolière · carangues
1318d8b8	Plateforme pétrolière · à l'intérieur
fc710e48	Koh Ma et Little Sail Rock
3c0e086b	La petite faune
318c58b4	Koh Ma · jardin de corail
08729d4f	Koh Ma · poisson-clown
08f60a8f	Little Sail Rock · poisson-coffre
2358063b	Koh Ma · bernard-l'hermite
dd6f57b9	Eau bleue · méduse
83e014d8	Koh Ma · le sable
503c0f68	Le bateau et ceux qui sont à bord
b94447b8	Hors de l'eau
0bfb3b10	Rungworawan · en position
9750ef4c	Chaloklum · au mouillage
1a760da9	Formation · ensemble
e2033b2f	Sail Rock · encerclé
7b7a6e21	Little Sail Rock · le tombant
5c13d2da	Koh Ma · première plongée
9d7ff50d	Chaloklum · après la plongée
4902494f	Envie de vos propres
c30506bb	photos comme celles-ci ?
e7cbc47e	Chaque sortie comprend une vidéo sous-marine de votre plongée, envoyée ensuite. Apportez votre appareil photo si vous en avez un : nous vous montrerons les plus beaux spots.
cb7f29df	Voir les sites de plongée
0d00b9f0	Passez votre lampe sur un site pour lui rendre ses couleurs
6e13ed61	Retour à la surface
5696208d	Retour au port vers 15h00
aacc6870	Repas chaud, fruits, boissons et tout l'équipement inclus
8a8d9896	Un repas chaud avec du riz, beaucoup de fruits, des boissons chaudes et fraîches, de l'ombre et une baignade. Juste le temps de bien désaturer et de parler de ce que vous avez vu.
f122681e	Sorties quotidiennes à Sail Rock pour les plongeurs certifiés comme pour les grands débutants. Chaque prix comprend votre instructeur ou guide SSI, l'équipement complet, un repas chaud, des fruits et des boissons à bord, et la vidéo sous-marine de votre plongée.
a4a596db	Un maillot de bain, une serviette et de la crème solaire. Tout l'équipement de plongée est inclus : détendeurs, gilets et combinaisons du XS au XXL, tout neuf de 2024 et vérifié chaque jour. Un repas chaud avec du riz entre les plongées, beaucoup de fruits, des boissons chaudes et fraîches et la vidéo sous-marine de votre plongée sont aussi inclus.
774b27d9	Fun Dive 3,200฿, baptême de plongée 4,200฿, Basic Diver 4,900฿ et snorkeling à Sail Rock 1,500฿ depuis Chaloklum, Koh Phangan. Instructeur SSI, équipement complet, repas chaud, fruits, boissons et vidéo sous-marine inclus.
1f25c296	Deux plongeurs nageant côte à côte dans le bleu, au milieu des bulles.
fdaca575	Plongez avec votre niveau, ou respirez sous l'eau pour la toute première fois. Sorties quotidiennes à Sail Rock depuis Chaloklum, sur notre propre bateau. Chaque sortie comprend votre instructeur ou guide SSI, l'équipement complet, un repas chaud, des fruits et des boissons, et la vidéo sous-marine de votre plongée.
0f757210	Repas chaud, fruits, boissons chaudes et fraîches
ea3dd1ef	Votre instructeur ou guide SSI, l'équipement complet (détendeurs, gilet et combinaison du XS au XXL, tout neuf de 2024), un repas chaud avec du riz entre les plongées, beaucoup de fruits et des boissons chaudes et fraîches à bord, et la vidéo sous-marine de votre plongée envoyée ensuite.
098dce43	Un plongeur nageant sous un immense mur de carangues en pleine eau.
b68b5e3b	Boris Collado guidant une plongée le long d'un tombant rocheux, lampe à la main.
1dd36bb6	Tous les jours depuis le port de Chaloklum, Koh Phangan. Rendez-vous au bateau à 9h15.
2790709b	La veille
c8cd5fc7	Inscription à la boutique
c29b9d61	Passez à la boutique de Chaloklum pour remplir le formulaire d'inscription. Pas besoin d'essayer le matériel : tout l'équipement est sur le bateau, à votre taille.
ef7cc534	Embarquement et départ
d36a5898	Rendez-vous au bateau, sur le port de Chaloklum, à 9h15. Nous partons à 9h30, choisissons l'itinéraire selon la marée et les conditions, et vous briefons tranquillement pendant le trajet.
7e5237ed	Boutique ouverte tous les jours de 9h00 à 19h00 pour l'inscription · rendez-vous au bateau à 9h15, départ à 9h30 du port de Chaloklum
6137429e	Écrivez-nous sur WhatsApp avec vos dates et votre niveau. Un acompte confirme votre place, et vous pouvez payer en espèces ou par Revolut. Passez à la boutique la veille pour remplir le formulaire d'inscription, puis retrouvez-nous au bateau, sur le port de Chaloklum, à 9h15. Si nous annulons la sortie à cause de la météo, vous êtes intégralement remboursé.
7e3fce18	Nous partons à 9h30 de Chaloklum, ce qui nous amène sur les sites quand les autres bateaux rentrent déjà. Le bateau est de retour au port de Chaloklum vers 15h00, largement à temps si vous avez un ferry à 17h00. Passez à la boutique de Chaloklum la veille pour remplir le formulaire d'inscription, puis retrouvez-nous au bateau, sur le port de Chaloklum, à 9h15. Tout l'équipement est déjà à bord : pas besoin d'essayage à la boutique.
f7848d45	Envoyez-nous vos dates et votre niveau sur WhatsApp. Un acompte confirme votre place, et vous pouvez payer en espèces ou par Revolut. Remplissez le formulaire d'inscription à la boutique la veille ; elle est ouverte tous les jours de 9h00 à 19h00.
cd8b4c6b	Un requin-baleine nageant sous un groupe de plongeurs à Sail Rock.
22f6c546	Un plongeur descendant au milieu d'un banc de carangues, dans les bulles.
91dc93b4	Un plongeur en contre-jour, regardant le soleil depuis la profondeur.
7e1235ba	Un groupe de plongeurs entrant dans la mer au coucher du soleil à Koh Phangan.
bdcc4525	Vue vers le soleil à travers un tourbillon de carangues.
24f9d581	Sail Rock émergeant de la mer, vu depuis la proue du Rungworawan.
3fd6d2b8	Le programme jour par jour
3852a2e2	Formation SSI Open Water
42c7e68b	Certification SSI en trois jours depuis Chaloklum, Koh Phangan, pour plonger jusqu'à 18 m partout dans le monde. Dès 10 ans. Quatre élèves maximum par instructeur, exercices dans la baie de Chaloklum et plongées en milieu naturel à Sail Rock depuis notre propre bateau, certification numérique immédiate.
f1322450	Apprenez à plonger à Koh Phangan : la formation SSI Open Water Diver en 3 jours pour 12,900฿, dès 10 ans. 4 élèves maximum par instructeur, notre propre bateau depuis Chaloklum, plongées en milieu naturel à Sail Rock, équipement et déjeuner inclus.
06018200	Formation SSI Open Water à Koh Phangan — 3 jours, 12,900฿ | The Diver's Boat
96881dbb	Un petit groupe de plongeurs en suspension ensemble dans une eau bleue et claire.
0d658a4d	Limite Open Water
62ad6a3c	Grand bleu
06388495	/ Open Water
2ea1bb49	Formation SSI Open Water
6a691a2c	à Koh Phangan
87b8df42	Apprenez à plonger en trois jours et repartez avec une certification qui vous permet de plonger jusqu'à 18 mètres partout dans le monde. Petits groupes de quatre, notre propre bateau depuis Chaloklum et vos plongées en milieu naturel à Sail Rock, le meilleur site du golfe : 12,900฿ tout compris.
a271bcad	Voir les trois jours
0e1d7a53	Quatre élèves, un instructeur
78848b5e	En bref
1de324b1	Votre première
f1fd1913	certification
cb702d7c	SSI Open Water Diver est la formation qui fait de vous, après un simple essai, un vrai plongeur. Vous apprenez la théorie, pratiquez les exercices dans les eaux peu profondes de la baie de Chaloklum, puis réunissez le tout lors de vraies plongées dans le golfe de Thaïlande. À la fin, vous pouvez plonger avec un binôme, sans instructeur, jusqu'à 18 mètres.
da839da5	Instructeur SSI qui enseigne en français, anglais ou espagnol
ad06dd39	Tout l'équipement, neuf de 2024, tailles XS à XXL
a27fd382	Journées en bateau avec déjeuner chaud, fruits et boissons
d9a12867	Certification SSI numérique le jour de votre réussite
d429c1f9	Déroulement de la formation
d6b9f9cb	Trois jours,
86c70f8e	étape par étape
3c936dc9	Chaque formation commence dans les eaux peu profondes de la baie de Chaloklum, juste devant le centre, puis passe à de vraies plongées à Sail Rock. Le programme exact dépend de la mer et du groupe, mais voici les grandes lignes.
903d3b1a	Avant d'arriver
cb832682	Théorie en ligne
6c2b28a8	Vous avez accès au e-learning SSI dès la réservation. Inscrivez-vous depuis chez vous et commencez à étudier avant même le début de vos vacances.
218f0b83	Jour un
90ddad88	Exercices dans la baie de Chaloklum
19641f96	Révision de la théorie, puis les exercices de base un par un en eau peu profonde depuis la plage, et une première courte plongée. En piscine seulement si la mer ne le permet pas.
0efd89ad	Jour deux
7b7d9c56	Premières plongées en milieu naturel
b33cc651	Départ en bateau pour Sail Rock. Vous refaites les exercices en vraie plongée et commencez à profiter des poissons : barracudas, poissons-chauves-souris, carangues.
ab1f4de8	Jour trois
917ac285	Dernières plongées et examen
b7eb0747	Vos dernières plongées de formation, un peu plus profondes, puis l'examen final. Si la mer ou le groupe l'exigent, nous plongeons plutôt à Koh Ma, plus calme et moins profond.
d051d9d0	Le jour même
8de1b104	Votre certification SSI apparaît immédiatement dans l'application MySSI, reconnue dans les centres de plongée du monde entier.
9d4aac13	Koh Ma · plan B tranquille pour les formations
55b30dc8	Pour qui
d757de10	Aucune expérience
c0ca5324	requise
47e5b1db	Pas besoin d'avoir déjà plongé, ni d'être un athlète. Si vous êtes à l'aise dans l'eau et raisonnablement en bonne santé, cette formation est pour vous.
305d3ced	Dès 10 ans : de 10 à 14 ans, on obtient la certification Junior Open Water
f4fc25b7	Savoir nager et flotter sans difficulté ; nous le vérifions dans l'eau le premier jour
e284aae5	Un court questionnaire médical ; certaines conditions demandent la signature d'un médecin
88fa8d23	Pas d'avion pendant 18 heures après la dernière plongée de la formation
628f3b92	Pourquoi apprendre avec nous
a737cfa5	Un endroit calme
5c5a50e7	pour apprendre
b2d56a35	Koh Phangan est plus calme que Koh Tao, et ses sites de plongée aussi. Apprendre sans foule autour de soi rend les premières plongées bien plus détendues, et vous plongez quand même à Sail Rock, plus proche de notre ponton de Chaloklum que de n'importe quel autre point de l'île.
2340517c	Quatre élèves maximum par instructeur, jamais de grand groupe
399e1938	Notre propre bateau, le Rungworawan, avec 20 plongeurs maximum à bord
dea426ba	Des instructeurs avec plus de dix ans d'enseignement en Asie et en Égypte
be508191	Plus de 400 plongeurs certifiés depuis notre ouverture en janvier 2024
3a215f49	5.0 sur Google avec 354 avis
0814f7ec	Eau à 28–30 °C toute l'année
6ce3bdc3	Questions
f3021b4c	FAQ Open Water
ffa6d1d7	Combien coûte la formation SSI Open Water à Koh Phangan ?
bf075885	12,900฿ par personne. Cela comprend votre instructeur SSI, le e-learning, tout l'équipement, les journées en bateau avec déjeuner et boissons, la vidéo de vos plongées et votre certification. Il n'y a rien d'autre à payer.
f8241d8a	Combien de temps dure la formation Open Water ?
da170eed	Trois jours. Avant le premier jour, vous pouvez étudier la théorie en ligne à votre rythme, ce qui laisse plus de temps dans l'eau.
8eefa60f	SSI est-il reconnu comme PADI ?
cc11ecf7	Oui. SSI et PADI forment selon les mêmes normes internationales, et une certification SSI Open Water Diver est acceptée dans les centres de plongée du monde entier, y compris les centres PADI.
ff1db956	Faut-il être bon nageur ?
c4ec46a0	Non. Il faut être à l'aise dans l'eau : pouvoir nager une courte distance sans s'arrêter et flotter quelques minutes. La vitesse n'a pas d'importance, et nous le vérifions ensemble le premier jour.
607e391d	Les enfants peuvent-ils suivre la formation Open Water ?
c231d138	Oui, dès 10 ans. Les plongeurs de 10 à 14 ans obtiennent la certification SSI Junior Open Water Diver, avec certaines limites de profondeur jusqu'à 15 ans, âge auquel la carte devient Open Water Diver complète.
c626b3ef	Et si je suis stressé ou pas sûr d'aimer ?
a4cbec2c	Commencez par un baptême : une journée, sans certification. Si ça vous plaît, dites-le-nous et nous vous expliquerons comment continuer vers la formation Open Water. Le stress est normal, et les groupes de quatre nous laissent du temps pour chacun.
be08afba	Où se déroulent les plongées de formation ?
0400552a	Les premiers exercices se font dans la baie de Chaloklum, en eau peu profonde depuis la plage. Nous préférons la mer à la piscine : l'eau salée n'a pas la même densité que l'eau douce, et la plage offre plus d'espace et une première courte plongée. Les plongées en milieu naturel des jours deux et trois ont lieu à Sail Rock, un pinacle en pleine mer à environ une heure de bateau. Quand la mer ou les élèves l'exigent, nous allons à Koh Ma, un jardin de corail plus calme et moins profond à dix minutes du ponton.
dab6842d	Que faut-il apporter ?
c81aff7b	Maillot de bain, serviette, protection solaire et quelque chose de chaud pour le retour en bateau. Tout l'équipement de plongée est à bord, à votre taille. Si vous portez des lunettes et avez besoin d'un masque correcteur, prévenez-nous avant d'arriver.
3ad814cf	Quand puis-je prendre l'avion après la formation ?
2266dc71	La recommandation habituelle est de 12 heures après une seule plongée peu profonde, 18 heures après plusieurs plongées ou une plongée profonde, et 24 heures après une plongée avec décompression. La formation comporte plusieurs plongées par jour : comptez donc 18 heures. Le ferry ne demande aucune attente : nous rentrons au ponton vers 15h00, à temps pour un ferry de 17h00.
b746ca6a	Prêt à devenir
59464890	plongeur ?
bd6b8f06	Envoyez-nous vos dates sur WhatsApp et nous vous confirmons une place dans le prochain groupe Open Water. Un acompte réserve votre place ; le reste se règle en espèces ou par Revolut.
552167be	Déjà certifié ? Découvrez les
e83c5382	formations suivantes
76a38a6a	ou venez faire un
7ac32a8d	Le guide complet de Sail Rock
46126ca1	Guide de plongée à Sail Rock
4302de99	Guide de plongée de Sail Rock, le pinacle en pleine mer entre Koh Phangan et Koh Tao : profondeurs, la cheminée (The Chimney), faune, saisons, requins-baleines et comment y plonger depuis Chaloklum.
918a8a0d	Manager et instructeur principal, instructeur SSI
bc374a9b	Tout sur la plongée à Sail Rock (Hin Bai), le meilleur site du golfe de Thaïlande : 5–40 m, la cheminée (The Chimney), barracudas, poissons-chauves-souris et requins-baleines, visibilité mois par mois, et comment y aller depuis Chaloklum, Koh Phangan.
9797432d	Guide de plongée à Sail Rock — Profondeur, saisons, requin-baleine et la cheminée | Koh Phangan
6661cf25	Un plongeur longeant un tombant rocheux couvert de corail et de petits poissons.
369b0f9b	Un banc de barracudas tournant le long du rocher à Sail Rock.
959092a2	Quatre poissons-chauves-souris nageant ensemble dans l'eau bleue.
1246be2d	Un requin-baleine passant près des plongeurs à Sail Rock.
f7e3d378	/ Guide de Sail Rock
11131ee9	guide de plongée
19d6f891	Un pinacle de granite isolé en pleine mer entre Koh Phangan et Koh Tao, qui s'élève de 40 mètres jusqu'au-dessus de la surface. Des bancs de barracudas et de poissons-chauves-souris, une cheminée qui traverse la roche et, certains jours, un requin-baleine. Voici à quoi vous attendre, quand y aller et comment y plonger.
e381e147	Quand y aller
507cbf18	Le site · Hin Bai
58a05744	Un rocher,
31de6a05	la pleine mer
f80f5a63	Sail Rock — Hin Bai en thaï — se dresse seul en pleine mer, loin de tout récif. Sans autre abri, les poissons du large se rassemblent autour de lui : c'est pour cela que c'est le meilleur site du golfe, et celui que presque tous les plongeurs de Koh Phangan et Koh Tao veulent voir.
6946dbda	Le rocher plonge de tous les côtés, il y a donc une profondeur pour chaque niveau : les débutants restent sur le haut des tombants, les plongeurs certifiés font le tour du pinacle plus bas, et les plongeurs Deep peuvent atteindre le fond de sable à 40 mètres.
2e999d0f	Depuis Chaloklum
27634ff8	Eau
227165fc	Les tombants de Sail Rock
ae530246	La cheminée
0ef0b86d	Un tunnel
c51960fd	à travers la roche
c7466b30	La particularité de Sail Rock est un tunnel vertical qui traverse le pinacle en son centre. L'ouverture du haut est à 6 mètres, celle du bas à 18 mètres, et à mi-hauteur une fenêtre s'ouvre dans la paroi entre 10 et 14 mètres.
17b04f44	On peut la faire de haut en bas, de bas en haut, ou entrer et sortir par la fenêtre. Nous préférons de haut en bas : en descendant, on évite toute remontée incontrôlée. Aucune formation spéciale n'est nécessaire : contrairement à une grotte, elle est ouverte vers la surface, donc en cas d'urgence on peut toujours remonter directement. Votre guide décide sur place, selon votre niveau.
a874f54b	Ce que vous verrez
a828f1a2	Grands bancs,
39857bb4	grands visiteurs
06ddd841	À Sail Rock, les poissons sont en nombre. Les bancs se tiennent dans le bleu le long des tombants, et les plus grands visiteurs arrivent du large pour s'en nourrir.
decdcc41	Toute l'année
d8ebf6a0	Barracudas
5199b496	(Sphyraena spp.)
7ff02deb	D'immenses bancs en spirale, souvent juste à côté du rocher. L'image que presque tous les plongeurs rapportent de Sail Rock.
9c02d9d9	Poissons-chauves-souris et carangues
d9adf8e6	(Platax spp., Caranx spp.)
e65e7043	Des poissons-chauves-souris curieux qui viennent vous observer de près, et des carangues qui chassent en bordure des bancs.
b85d5ba1	Avec de la chance
97ae0adb	Requins-baleines
169b49a7	(Rhincodon typus)
ba3f8fd6	Le plus grand poisson de la mer vient à Sail Rock se nourrir de plancton. La saison classique va d'avril à juin, mais nous en avons aussi vu en février et en septembre.
7c5345b4	au fil de l'année
97874721	Sail Rock se plonge toute l'année, et l'eau reste à 28–30 °C. Ce qui change, c'est la visibilité et les visiteurs.
36584f1e	Janvier – avril
c10e4402	Eau verte, beaucoup de vie
91444c60	Plus de plancton et une visibilité d'environ 5–10 m. Ce plancton nourrit les grands bancs et attire les requins-baleines.
472063be	Avril – juin
9190b530	Saison des requins-baleines
4e73ffda	Les mois classiques pour les requins-baleines, avec une eau qui commence à s'éclaircir. Jamais garanti, toujours espéré.
c5e7d15b	Mai – octobre
f5097a2e	L'eau la plus claire
c9b2765c	Sail Rock sous son meilleur jour, souvent avec 20–30 m de visibilité. Les meilleurs mois pour voir tout le pinacle d'un seul regard.
0c7ecd90	Novembre – mi-décembre
7198f9aa	Mousson
5ef001e9	Nous restons ouverts, mais les jours où la mer n'est pas sûre le bateau ne sort pas, et vous êtes intégralement remboursé.
850d8f4d	Comment le découvrir
771c36bb	Une formule
7098c0dc	pour chaque niveau
bd512cb7	Nous partons de Chaloklum à 9h30 sur notre propre bateau, le Rungworawan, et arrivons en général quand les premiers bateaux repartent. Deux plongées, un déjeuner chaud sur le pont, et retour au ponton vers 15h00.
831faa49	Deux plongées guidées avec quatre plongeurs maximum par guide. Avec la spécialité Deep, on peut descendre jusqu'au fond à 40 m.
0f03b9a5	Apprendre à plonger
06d55830	Formation Open Water
450da5a5	Vos plongées de formation en milieu naturel ont lieu ici : vous êtes certifié sur le meilleur site du golfe.
d9f2f59f	Sans plonger
001a4af8	Le haut du rocher est proche de la surface, donc les snorkelers voient aussi les bancs, et parfois un requin-baleine.
8dcbc6f5	FAQ Sail Rock
6103e10b	Où se trouve Sail Rock ?
3c5536eb	En pleine mer entre Koh Phangan et Koh Tao, dans le golfe de Thaïlande. Depuis notre ponton de Chaloklum, sur la côte nord de Koh Phangan, c'est à environ une heure de bateau.
0a5e34ba	Quelle est la profondeur de Sail Rock ?
b4946145	Le rocher s'élève d'environ 40 mètres jusqu'au-dessus de la surface. La plupart des plongées se font entre 5 et 30 mètres ; le fond à 40 mètres est réservé aux plongeurs ayant la spécialité Deep.
62b87d7f	Les débutants peuvent-ils plonger à Sail Rock ?
2dbcf587	Oui. Les parties peu profondes du rocher conviennent aux baptêmes et aux élèves Open Water, et nos plongées de formation Open Water se font ici. Les jours de mer agitée, nous pouvons choisir Koh Ma, plus calme, pour les débutants.
a3447357	On peut y plonger toute l'année. L'eau est la plus claire de mai à octobre environ, souvent avec 20–30 m de visibilité. De janvier à avril, il y a plus de plancton et moins de visibilité, mais plus de vie, et les requins-baleines sont plus probables d'avril à juin.
10453eb1	Vais-je voir un requin-baleine à Sail Rock ?
91e4abf9	Personne ne peut le promettre. La saison classique va d'avril à juin, et nous avons aussi eu de superbes rencontres en février et en septembre. Quand il y en a un, c'est la plongée d'une vie.
dccece61	Qu'est-ce que la cheminée (The Chimney) ?
5de67eb8	Un tunnel vertical à travers le pinacle, de 6 mètres en haut à 18 mètres en bas, avec une fenêtre dans la paroi entre 10 et 14 mètres. Nous la faisons généralement de haut en bas pour éviter les remontées incontrôlées. Elle est ouverte vers la surface, donc aucune formation spéciale n'est nécessaire ; votre guide décide sur place si elle convient à votre niveau.
27135f3d	Y a-t-il du courant à Sail Rock ?
5f31d0c3	Parfois. Comme le rocher est en pleine mer, le courant change d'un jour à l'autre, mais il ne touche généralement qu'un côté du rocher. Nous planifions chaque plongée pour l'éviter et vous l'expliquons au briefing sur le bateau.
db0f5978	Vaut-il mieux plonger Sail Rock depuis Koh Phangan ou Koh Tao ?
2a1a4d09	Les deux îles y organisent des sorties. Depuis Chaloklum, il faut environ une heure de bateau, et avec notre départ à 9h30 nous arrivons en général quand les premiers bateaux repartent : le rocher est plus tranquille.
9f43cee0	Combien coûte une plongée à Sail Rock ?
ca1d9880	Une journée Fun Dive avec deux plongées coûte 3,200฿ pour les plongeurs certifiés, et la sortie snorkeling 1,500฿. Les deux comprennent l'équipement, un déjeuner chaud, des fruits, des boissons et une vidéo sous-marine.
2960bb4d	Prêt pour
2f787301	Sail Rock ?
42abee25	Indiquez-nous votre niveau et vos dates sur WhatsApp, et nous vous dirons honnêtement comment est la mer et quel jour y aller.
4ec3b6f3	Découvrez aussi nos autres
28cd5079	sites de plongée autour de Koh Phangan
23e48d54	Le guide du requin-baleine
72330be2	Requins-baleines à Koh Phangan
3f010390	Guide pour voir des requins-baleines à Koh Phangan : la saison, pourquoi ils viennent à Sail Rock, plonger ou faire du snorkeling avec eux, et comment se comporter dans l'eau.
290e6e9e	Requin-baleine
4d97eb99	Quand et où voir des requins-baleines à Koh Phangan : la saison d'avril à juin à Sail Rock, des observations en février et septembre, plonger ou faire du snorkeling avec eux, et comment se comporter près du plus grand poisson de la mer.
a0c80673	Requins-baleines à Koh Phangan — Saison, Sail Rock et comment les voir
3af2e339	Un requin-baleine nageant dans l'eau bleue à Sail Rock.
adb0878b	Une personne en snorkeling à la surface au-dessus d'un requin-baleine.
0311f7bb	Des plongeurs en suspension, calmes, à côté d'un banc de carangues.
f7521203	/ Requins-baleines
a61a0b95	Le plus grand poisson de la mer vient à Sail Rock, à une heure de bateau de notre ponton de Chaloklum. Voici quand il vient, pourquoi il vient, et comment mettre toutes les chances de votre côté pour partager l'eau avec lui.
f6f9fb8a	Voir la saison
d0f230b4	Sail Rock · un visiteur du large
d09ae7aa	L'animal · Rhincodon typus
45f8070a	Un géant
54cf0d15	paisible
49d17f1a	Malgré son nom, le requin-baleine est un poisson : le plus grand poisson vivant. Il se nourrit en filtrant le plancton et de minuscules poissons, ne s'intéresse pas du tout aux humains, et nage assez lentement pour que l'on puisse l'accompagner un moment.
b81bd663	Chaque requin-baleine a son propre motif de taches blanches, unique comme une empreinte digitale. L'espèce est classée en danger, une raison de plus de vivre chaque rencontre avec respect.
66180baa	Régime
52b8f2cc	Plancton
990816b6	Danger
ec53a8c4	Statut
e8ffc938	En danger
a93c0df5	Meilleurs mois
860f1984	Avr–juin
b51e0d04	Les requins-baleines suivent le plancton. De janvier à avril, l'eau autour de Sail Rock en est pleine, les grands bancs de poissons s'en nourrissent, et les requins-baleines arrivent derrière eux. Mais ils ont leur propre calendrier.
f3664d67	Janvier – mars
02d31d40	Le plancton s'accumule
34a43e42	Une eau plus verte et une visibilité d'environ 5–10 m, mais beaucoup de nourriture. Nous avons eu de superbes rencontres en février.
41101e08	La saison classique
9f6f8624	Les mois où les chances sont les meilleures, quand l'eau commence à s'éclaircir. Si le requin-baleine est votre objectif, venez à ce moment-là.
5a579661	Juillet – octobre
5e0d9894	Eau claire, quelques surprises
4702601c	Sail Rock sous son meilleur jour. Les observations sont plus rares, mais elles arrivent : septembre nous a offert certaines des plus belles.
5590d867	Mer agitée certains jours. Quand ce n'est pas sûr, le bateau reste au port et vous êtes intégralement remboursé.
e51134a1	Personne ne peut promettre un requin-baleine, et ceux qui le font devinent. Ce que nous pouvons promettre, c'est Sail Rock, avec ses barracudas, poissons-chauves-souris et carangues : une superbe plongée n'importe quel jour.
5e497e48	Comment en voir un
9ec1eb6a	En plongée ou
f5ca7a69	en snorkeling
81e04e07	Les requins-baleines se nourrissent aussi souvent près de la surface qu'en profondeur : pas besoin d'être un plongeur expérimenté. Plus vous passez de jours à Sail Rock, plus vous avez de chances.
2a738e31	Deux plongées à Sail Rock avec quatre plongeurs maximum par guide, qui savent où regarder.
1dd60fb8	Vos plongées en milieu naturel ont lieu à Sail Rock : vous pourriez croiser votre premier requin-baleine en cours de formation.
cbf4e9a0	Montez sur le même bateau et faites du snorkeling à Sail Rock. Quand un requin-baleine se nourrit près de la surface, les snorkelers ont la meilleure vue.
6a373948	Laissez-lui de l'espace
0a930504	Dans l'eau
f96e0d19	Comment se comporter
56fadebf	à ses côtés
f1ca846b	Un requin-baleine calme reste plus longtemps. Voici les règles que nous expliquons sur le bateau, pour les plongeurs comme pour les snorkelers.
92428b1a	Ne le touchez jamais, et n'essayez jamais de vous y accrocher
4acb0f89	Restez à quelques mètres de son corps, et plus loin de sa queue
3f540246	Ne nagez pas devant lui et ne lui barrez pas la route
31ddf5e0	Ne le poursuivez pas : laissez-le choisir de rester
4039e516	Pas de photos au flash
ea90c742	Restez calme et respirez lentement : profitez-en
92bf5fad	FAQ requin-baleine
3f0cc39c	Quelle est la saison des requins-baleines à Koh Phangan ?
70eabfe7	La saison classique à Sail Rock va d'avril à juin. Mais les requins-baleines ont leur propre calendrier : nous avons aussi eu de superbes rencontres en février et en septembre, et une observation est possible à d'autres moments de l'année.
aef44a97	Où voir des requins-baleines près de Koh Phangan ?
11da92e8	À Sail Rock, le pinacle en pleine mer entre Koh Phangan et Koh Tao. C'est le meilleur endroit de cette partie du golfe de Thaïlande pour les rencontrer, à environ une heure de bateau de Chaloklum.
ef887ccd	Voir un requin-baleine est-il garanti ?
0eb89a9e	Non. Ce sont des animaux sauvages qui vont et viennent avec le plancton, et personne ne peut le promettre. Plonger à Sail Rock plusieurs jours pendant la saison est le meilleur moyen d'augmenter vos chances.
5f922e38	Les requins-baleines sont-ils dangereux ?
28d4d59b	Non. Les requins-baleines se nourrissent de plancton et de petits poissons et sont inoffensifs pour l'homme. Le seul vrai risque concerne le requin-baleine, c'est pourquoi nous demandons à chacun de garder ses distances et de ne jamais le toucher.
9323431c	Peut-on voir un requin-baleine sans plonger ?
b8759e87	Oui. Les requins-baleines se nourrissent souvent près de la surface, et les snorkelers peuvent venir sur notre bateau à Sail Rock pour 1,500฿. Certaines des plus belles rencontres ont lieu juste au sommet du rocher.
8001d591	Faut-il être un plongeur expérimenté ?
f9390c4c	Non. Les requins-baleines nagent à toutes les profondeurs et souvent près de la surface : les élèves Open Water et les snorkelers ont autant de chances que les plongeurs expérimentés. Ce qui compte, c'est d'être dans l'eau le bon jour.
dc8f9e6f	Aurai-je des images du requin-baleine ?
c4d24e81	Chaque sortie comprend la vidéo sous-marine de votre plongée : si un requin-baleine passe, vous le ramenez avec vous. Et rappelez-vous : pas de flash.
3cd5c763	Cherchez
91c75cf7	un requin-baleine
5e758b1b	Envoyez-nous vos dates sur WhatsApp. Nous vous dirons honnêtement ce qui a été vu récemment à Sail Rock et quels jours s'annoncent le mieux.
226d1ab2	Demander sur WhatsApp
dc8b2822	Pour en savoir plus, lisez notre
59099e75	La saison
35333c67	des requins-baleines
c0c61189	Soyons réalistes : les chances d'en voir un un jour donné sont faibles. Ici, personne ne nourrit ni n'attire les requins-baleines : chaque rencontre est totalement naturelle, et c'est justement ce qui la rend si spéciale. Et Sail Rock, avec ses barracudas, poissons-chauves-souris et carangues, est une superbe plongée n'importe quel jour.
1c53e596	Restez à 3–4 mètres de son corps et à 4–5 mètres de sa queue
04adb142	Non, et les chances un jour donné sont faibles. Ici, personne ne nourrit ni n'attire les requins-baleines : ils vont et viennent naturellement avec le plancton, et c'est ce qui rend chaque rencontre si spéciale. Plonger à Sail Rock plusieurs jours pendant la saison est le meilleur moyen d'augmenter vos chances.
4a6f8619	Oui. Les requins-baleines se nourrissent souvent près de la surface, et certaines de nos observations les plus spectaculaires ont eu lieu en snorkeling. Les snorkelers peuvent venir sur notre bateau à Sail Rock pour 1,500฿.
6c1f3b0f	Formation SSI Advanced Open Water
bbbca29c	Formation SSI de deux jours avec cinq plongées d'aventure depuis Chaloklum, Koh Phangan : Profonde et Navigation, plus en général Flottabilité parfaite, Photographie et Identification des poissons. Certifie jusqu'à 30 m. Dès 12 ans, juste après l'Open Water.
d1d73a8e	La formation SSI Advanced Open Water à Koh Phangan : 2 jours, 5 plongées d'aventure (Profonde, Navigation, Flottabilité parfaite, Photographie, Identification des poissons), certification jusqu'à 30 m, dès 12 ans. Juste après l'Open Water, 12,500฿ tout compris.
dc1a5506	Formation SSI Advanced Open Water à Koh Phangan — 2 jours, 5 plongées, 12,500฿
9afb988e	/ Advanced Open Water
6e88f52f	Deux jours et cinq plongées d'aventure qui font de vous, jeune plongeur, un plongeur confiant, certifié jusqu'à 30 mètres. Vous pouvez commencer le lendemain de votre Open Water : 12,500฿ depuis Chaloklum, Koh Phangan, tout compris.
46180f23	Réserver l'Advanced
47021407	Voir les cinq plongées
dcb41a85	De 18 à 30 mètres
9ab70f01	L'étape
2764ca9d	suivante
d1381d4e	L'Open Water vous apprend à plonger. L'Advanced Open Water, c'est là que vous commencez à en profiter : meilleure flottabilité, savoir vous orienter seul sous l'eau, descendre plus profond en sécurité, et regarder ce qui vous entoure plutôt que votre équipement.
d949b1bc	Plongées
eeedf685	12 ans
68c72f84	La formation
e5d9de39	Cinq plongées
474cce86	d'aventure
6c30e82a	Profonde et Navigation font partie de chaque formation Advanced. Les trois autres sont en général Flottabilité parfaite, Photographie et Identification des poissons : celles qui changent le plus vos plongées suivantes.
b651efdb	Obligatoire
21d01af1	Profonde
d7774fa8	Jusqu'à 30 mètres avec votre instructeur : planifier votre air, reconnaître la narcose et voir les couleurs disparaître avec la profondeur.
846495f9	Navigation
b3a6c884	Navigation au compas et naturelle, pour pouvoir guider et toujours retrouver le chemin du bateau.
94eeb985	En général
8e7f450c	Flottabilité parfaite
41e36cea	Ajuster votre lestage et votre respiration pour rester en suspension sans effort : moins d'air consommé, et sans toucher le récif.
a2a5c33e	Photographie
c1106e13	Les bases de la photo sous-marine : s'approcher, rester immobile et utiliser la lumière.
d0e91e47	Identification des poissons
7c9c1294	Apprendre à reconnaître les poissons du golfe de Thaïlande, pour que chaque plongée devienne plus intéressante.
ed256159	Sail Rock · là où se font la plupart des plongées
8b8c30e0	Où vous plongez
5d1d5180	Plus d'un
eabfaac2	site
cededd12	La plupart des plongées de l'Advanced ont lieu à Sail Rock, dont les tombants descendent jusqu'à 40 mètres : parfait pour la plongée profonde.
cc63dbc8	De janvier à mai, quand les conditions y sont en général meilleures, nous plongeons aussi à Koh Ma ou Little Sail Rock. Vous terminez ainsi la formation en ayant plongé sur plus d'un site, ce qui est déjà un bon entraînement.
d599eb79	Nos sites de plongée
773a7af3	Juste après
55b4c3ce	Pas besoin de plongées ni d'expérience en plus : les quatre plongées de votre formation Open Water suffisent. Beaucoup de nos élèves enchaînent les deux formations et terminent avec cinq jours de plongée.
d0adf4bf	Certification Open Water Diver
5880e402	Dès 12 ans
6107926e	Un court questionnaire médical, comme pour chaque formation
cc5a373a	FAQ Advanced
c377704f	Combien coûte la formation SSI Advanced Open Water à Koh Phangan ?
5465506c	12,500฿ par personne, tout compris : votre instructeur SSI, tout l'équipement, les journées en bateau avec déjeuner et boissons, la vidéo de vos plongées et votre certification.
ed79a112	Combien de temps dure la formation Advanced ?
ac6ffb4c	Deux jours, avec cinq plongées d'aventure.
08e63a86	L'Advanced Open Water est-il la même chose que l'Advanced Adventurer ?
c88afa91	Oui. Début 2026, SSI a renommé la formation Advanced Adventurer en Advanced Open Water. Le niveau obtenu avec quatre spécialités et 24 plongées enregistrées s'appelle désormais Advanced Specialty Diver.
3b04277e	L'Advanced Open Water SSI est-il équivalent à celui de PADI ?
81fb5c18	Ils sont équivalents : cinq plongées d'aventure, avec Profonde et Navigation dans les deux cas, et une certification jusqu'à 30 mètres. Chaque organisme reconnaît la certification de l'autre.
1346fa5d	Faut-il plus de plongées après l'Open Water ?
12382f60	Non. Les quatre plongées de votre formation Open Water suffisent, et vous pouvez commencer l'Advanced dès le lendemain.
02f43c16	Quelles plongées vais-je faire ?
965222d6	Toujours Profonde et Navigation. Les trois autres sont en général Flottabilité parfaite, Photographie et Identification des poissons. Si quelque chose d'autre vous intéresse, dites-le-nous à la réservation.
a903c9f5	Jusqu'à quelle profondeur puis-je plonger après la formation ?
47d5217c	Jusqu'à 30 mètres. Pour descendre à 40 mètres, l'étape suivante est la spécialité Deep.
c1372491	Que faire après l'Advanced ?
398e3d39	La formation Specialty Diver avec Deep et Nitrox, qui permet de plonger au fond de Sail Rock à 40 mètres avec plus de temps au fond, et la formation Rescue Diver.
2a21dc92	Prêt à aller
6fefe1bc	plus loin ?
be4b47eb	Envoyez-nous vos dates sur WhatsApp, seules ou juste après votre Open Water, et nous vous confirmons votre place.
490dbb25	Pas encore certifié ? Commencez par la
37fbd06d	, ou découvrez
67f9d6ba	toutes nos formations
91b90ba7	Dès 12 ans : de 12 à 14 ans, la profondeur maximale est de 21 mètres
73ad4ea3	Jusqu'à 30 mètres, ou 21 mètres pour les plongeurs de 12 à 14 ans. Pour descendre à 40 mètres, l'étape suivante est la spécialité Deep.
e5890ab3	Théorie · avec 2 plongées 7,500฿
0d7b2395	Formations SSI depuis Chaloklum, Koh Phangan. Open Water 12,900฿ en 3 jours, Advanced 12,500฿, Deep 8,500฿, Rescue 11,600฿, Nitrox dès 4,500฿, Specialty Diver (Deep + Nitrox) 12,500฿. 4 élèves maximum par instructeur, notre propre bateau et certification numérique immédiate.
2ba8f3f1	Formations SSI Deep et Nitrox
07762da5	Formations SSI Deep et Nitrox à Koh Phangan
6ec4f404	Deux jours et quatre plongées à Sail Rock : trois plongées Deep (18–24 m, 24–30 m, 30–40 m) et une au Nitrox, avec la théorie sur le bateau et un examen final au centre. Dès 15 ans.
a613e42b	Spécialité SSI de deux jours jusqu'à 40 m à Sail Rock : planification du gaz, narcose et limites de non-décompression. Dès 15 ans.
d621b541	Spécialité SSI Enriched Air Nitrox : théorie seule, ou théorie avec deux plongées au nitrox. Dès 15 ans.
eeeb38fe	Théorie seule
245b86f5	Théorie et deux plongées
703a9768	Deep et Nitrox SSI à Koh Phangan : la formation Specialty Diver en 2 jours avec 4 plongées à Sail Rock, jusqu'à 40 m, dès 15 ans, 12,500฿. Ou séparément : Deep 8,500฿, Nitrox 4,500฿ en théorie seule ou 7,500฿ avec 2 plongées.
8bb5d036	Formations SSI Deep et Nitrox à Koh Phangan — Specialty Diver 12,500฿
af027a35	Des plongeurs sur le pont de notre bateau entre deux plongées.
ff6f4474	/ Deep et Nitrox
a104fff8	Deep et Nitrox
6bcaab03	Les deux spécialités qui changent vraiment votre plongée : 40 mètres à Sail Rock, et plus de temps au fond à chaque plongée. Ensemble, elles forment la formation SSI Specialty Diver : deux jours, quatre plongées, 12,500฿.
c17922bb	Réserver Deep + Nitrox
017505a6	Les suivre séparément
6a9f3ef0	Sail Rock · jusqu'à 40 m
b2d8f538	Notre conseil après l'Open Water
e36e8ed7	Deep + Nitrox
ecd06403	SSI délivre le niveau Specialty Diver pour deux spécialités au choix. De toutes les options, Deep et Enriched Air Nitrox sont les deux qui élargissent vraiment ce que vous pouvez faire, c'est pourquoi nous les recommandons comme étape suivante après l'Open Water.
f3416fc7	15 ans
833ade9b	En général enseignée par Boris, notre instructeur principal, en anglais ou en espagnol
1c15a954	Tout l'équipement et les blocs de nitrox inclus
02fd0b8e	Deux certifications SSI plus le niveau Specialty Diver
bfb83f98	Quatre plongées,
256db51e	Les plongées Deep descendent en trois étapes, pour que chaque nouvelle profondeur vous soit familière avant d'aller plus loin. Toutes ont lieu à Sail Rock, dont les tombants descendent jusqu'à un fond de sable à 40 mètres.
a66d00ff	Deep · 18–24 m
eb6162bd	Première marche
26c17e8f	Juste sous votre limite Open Water : vérifier votre air plus souvent, et voir comment la profondeur réduit votre temps sans décompression.
2130fa74	Deep · 24–30 m
78737645	Prendre ses marques
ad6df53d	Planifier votre gaz, reconnaître la narcose chez vous, et voir les couleurs s'éteindre avec la lumière.
1d2f0a44	Deep · 30–40 m
181b19cc	Le fond de Sail Rock
6483829d	Jusqu'au sable au pied du pinacle, avec une remontée soignée et un palier de sécurité.
227281ba	Nitrox
c3fd9818	Plonger à l'air enrichi
4cde0fbb	Vous analysez votre propre bloc, l'étiquetez et planifiez la plongée selon son mélange, puis vous profitez du temps au fond supplémentaire.
dd40f7a5	La salle de classe, c'est le bateau
7f954a34	La théorie, sérieusement
1a5231bd	Apprendre
783b1226	en chemin
3855771b	Dans ces formations, la théorie compte vraiment, et nous la traitons comme telle. Nous profitons de l'heure de trajet jusqu'à Sail Rock et de l'intervalle de surface entre les plongées pour voir la théorie Deep et Nitrox, face à la mer.
7301ffea	Le dernier jour, comme pour nos formations Open Water, nous retournons au centre après le bateau pour l'examen écrit, et nous en profitons pour répondre aux dernières questions. Boris, notre instructeur principal, enseigne en général lui-même ces formations quand elles sont en anglais ou en espagnol.
69a50e8e	Séparément
56d401f7	L'une
222c05f1	après l'autre
bf6954d1	Si vous ne voulez que l'une des deux, chaque spécialité peut se suivre seule.
bb2b5b0a	Les trois plongées Deep jusqu'à 40 mètres à Sail Rock, avec la théorie et l'examen Deep.
d3cd3931	Théorie · SSI
6fd163dc	Nitrox · théorie
5cf20356	La certification Enriched Air Nitrox avec théorie et examen, sans plongée.
70017258	Théorie
81b17d21	Théorie + 2 plongées · SSI
c14de4db	Nitrox · avec plongées
b9b55c25	La même certification plus deux plongées au nitrox à Sail Rock, pour la mettre en pratique tout de suite.
c5473989	Avec 2 plongées
55902271	FAQ Deep et Nitrox
1ebea93d	Combien coûtent les formations Deep et Nitrox à Koh Phangan ?
13d8b611	La formation Specialty Diver avec Deep et Nitrox ensemble coûte 12,500฿. Séparément, Deep coûte 8,500฿, et Nitrox 4,500฿ en théorie seule ou 7,500฿ avec deux plongées. L'équipement, les blocs de nitrox, le déjeuner et la vidéo sont inclus.
81f35100	Qu'est-ce que le niveau SSI Specialty Diver ?
856741c4	SSI vous délivre le niveau Specialty Diver quand vous terminez deux formations de spécialité. Nous recommandons Deep et Nitrox car ce sont les deux qui élargissent le plus les plongées que vous pourrez faire ensuite.
5c2c0461	Jusqu'à quelle profondeur puis-je plonger après la spécialité Deep ?
04b16ded	Jusqu'à 40 mètres, la limite de la plongée loisir. À Sail Rock, cela veut dire que vous pouvez atteindre le fond de sable au pied du pinacle.
bf673787	Qu'est-ce que le Nitrox et à quoi sert-il ?
217b738e	Le Nitrox, ou air enrichi, contient plus d'oxygène et moins d'azote que l'air normal. Vous absorbez moins d'azote, ce qui donne des temps sans décompression plus longs et des intervalles de surface plus courts : très utile lors d'une journée à plusieurs plongées. Il ne permet pas de plonger plus profond ; au contraire, la formation vous apprend la profondeur maximale de chaque mélange.
b8566af8	Quels sont les prérequis ?
7c9187c1	Une certification Open Water Diver et un âge minimum de 15 ans.
b4b8a9fe	Qui enseigne la formation ?
3f8f7b35	En général Boris, notre manager et instructeur principal, quand la formation est en anglais ou en espagnol. Il est professionnel de la plongée depuis 2015 et compte plus de 5,000 plongées.
81bc4db4	Où se fait la théorie ?
6e038585	Surtout sur le bateau : pendant l'heure de trajet jusqu'à Sail Rock et l'intervalle de surface entre les plongées. Le dernier jour, nous terminons au centre avec l'examen écrit et du temps pour les dernières questions.
084ecb73	40 mètres ?
609ddeff	Indiquez-nous votre niveau de certification et vos dates sur WhatsApp, et nous vous dirons quelle option vous convient le mieux.
a6ad9b85	Découvrez aussi la
52482e52	formation Advanced Open Water
e81c4e4f	ou
53ebeaed	Plus de temps au fond, des intervalles de surface plus courts et moins de fatigue en fin de journée à deux plongées. La théorie seule coûte 4,500฿, ou 7,500฿ avec deux plongées au nitrox à Sail Rock.
8ddb598b	Formations SSI depuis Chaloklum, Koh Phangan. Open Water 12,900฿ en 3 jours, Advanced 12,500฿, Deep 8,500฿, Rescue 11,600฿, Nitrox dès 4,500฿, Specialty Diver (Deep + Nitrox) 13,500฿. 4 élèves maximum par instructeur, notre propre bateau et certification numérique immédiate.
87711e83	Deep et Nitrox SSI à Koh Phangan : la formation Specialty Diver en 2 jours avec 4 plongées à Sail Rock, jusqu'à 40 m, dès 15 ans, 13,500฿. Ou séparément : Deep 8,500฿, Nitrox 4,500฿ en théorie seule ou 7,500฿ avec 2 plongées.
ebbc735b	Formations SSI Deep et Nitrox à Koh Phangan — Specialty Diver 13,500฿
98d495b3	Les deux spécialités qui changent vraiment votre plongée : 40 mètres à Sail Rock, et plus de temps au fond à chaque plongée. Ensemble, elles forment la formation SSI Specialty Diver : deux jours, quatre plongées, 13,500฿.
8ff7a903	La formation Specialty Diver avec Deep et Nitrox ensemble coûte 13,500฿. Séparément, Deep coûte 8,500฿, et Nitrox 4,500฿ en théorie seule ou 7,500฿ avec deux plongées. L'équipement, les blocs de nitrox, le déjeuner et la vidéo sont inclus.
f0660e9e	Formation SSI Rescue Diver
9c26121a	Formation SSI de deux jours : théorie et exercices en milieu protégé le premier jour, puis trois scénarios de sauvetage à Koh Ma le second (stress et assistance à un plongeur, recherche d'un plongeur disparu et évacuation d'un plongeur inconscient), jamais au-delà de 9 m. Dès 12 ans.
a14b5b44	La formation SSI Rescue Diver à Koh Phangan : 2 jours, théorie et exercices en milieu protégé, puis trois scénarios de sauvetage à Koh Ma (stress et assistance à un plongeur, recherche d'un plongeur disparu et plongeur inconscient), jamais au-delà de 9 m. Dès 12 ans, 11,600฿.
9b9a5031	Formation SSI Rescue Diver à Koh Phangan — 2 jours, 11,600฿
b64ca824	/ Rescue Diver
be3d9367	La formation qui change votre façon de plonger avec les autres. Deux jours pour apprendre à prévenir les problèmes, les repérer tôt et les gérer quand ils arrivent, en eau calme et jamais au-delà de 9 mètres. 11,600฿.
c8f6f5a8	Réserver le Rescue
eea61e46	Voir les deux jours
4fc4a39a	Koh Ma · calme, peu profond, sans courant
29de7ae0	Le binôme
491338a3	que tout le monde veut
daada5c6	Le Rescue Diver, c'est veiller sur les personnes avec qui vous plongez : repérer le stress avant qu'il ne devienne panique, retrouver un plongeur disparu, et remonter un plongeur inconscient en surface puis le sortir de l'eau en sécurité.
0268088e	Séances dans l'eau
044d5c09	Exercices
3325b4bb	Max 9 m
f35320bc	Déjeuner le deuxième jour
7ccb8d37	Deux jours,
e60a8dae	Le premier jour, on construit les techniques une à une. Le second, on les réunit dans des scénarios réalistes à Koh Ma, un jardin de corail calme à dix minutes de Chaloklum.
050a5b35	Théorie et techniques
630233a3	Théorie du sauvetage, puis chaque technique pratiquée en milieu protégé jusqu'à ce qu'elle devienne naturelle.
e9f82180	Jour deux · Koh Ma
6176421a	Stress et assistance
ea7f12ce	Repérer un plongeur stressé, le calmer et l'aider, en surface et sous l'eau.
20d31564	Recherche d'un plongeur disparu
4a831b05	Organiser une recherche pour retrouver un plongeur qui a perdu le groupe.
6c99fb3e	Plongeur inconscient
18ef4839	Remonter un plongeur inconscient en surface, lui insuffler de l'air et le sortir de l'eau.
c31f293c	Au centre
902491cd	Examen final
9ac5a312	Un examen écrit pour revoir les dernières questions ; facultatif si vous avez déjà réussi l'examen en ligne.
fb38e8b5	Formation sérieuse, ambiance détendue
74afca22	Notre façon d'enseigner
e7b00d52	et sûr
754187a4	Les exercices de sauvetage ne servent que s'ils semblent réels, et ne sont responsables que s'ils sont sûrs. C'est pourquoi tous les exercices se font à 9 mètres maximum, dans l'eau calme de Koh Ma.
74679222	Le deuxième jour mêle théorie, pratique et un vrai déjeuner au restaurant, avec le temps de débriefer chaque scénario avant le suivant.
9060587e	Avant
79fcff9b	de commencer
640dc703	La spécialité SSI React Right, ou la preuve d'une formation aux premiers secours et à l'administration d'oxygène suivie dans les deux dernières années
40a77dac	Vous ne savez pas si votre formation aux premiers secours est valable ? Envoyez-nous une photo du certificat sur WhatsApp et nous vérifierons avant votre réservation.
4d37406f	FAQ Rescue Diver
28bcf426	Combien coûte la formation SSI Rescue Diver à Koh Phangan ?
9678f6b6	11,600฿ par personne, avec votre instructeur SSI, tout l'équipement, le déjeuner du deuxième jour et votre certification.
d6dbf41b	Combien de temps dure la formation Rescue Diver ?
e34ccfa0	Deux jours : théorie et exercices en milieu protégé le premier jour, et trois scénarios de sauvetage à Koh Ma le second.
e3a8da21	Que faut-il avant la formation Rescue ?
f73613b2	La spécialité SSI React Right, ou la preuve d'une formation aux premiers secours et à l'administration d'oxygène dans les deux dernières années. L'âge minimum est de 12 ans.
c4d840e4	À quelle profondeur se font les exercices de sauvetage ?
71a22633	Jamais au-delà de 9 mètres. Les scénarios ont lieu dans l'eau calme et sans courant de Koh Ma.
19b58377	Que vais-je pratiquer dans l'eau ?
669621d1	Trois séances : gérer un plongeur stressé et assister un autre plongeur, rechercher un plongeur disparu, et remonter un plongeur inconscient en surface puis le sortir de l'eau.
4cf3de87	Y a-t-il un examen ?
e1df9f8f	Oui. À la fin, nous faisons un examen écrit au centre pour revoir les dernières questions. Si vous avez déjà réussi l'examen en ligne et préférez ne pas le refaire sur papier, ce n'est pas obligatoire.
4c1b376e	Rescue Diver ?
e49498f7	Envoyez-nous vos dates et une photo de votre certificat de premiers secours sur WhatsApp, et nous vous confirmons votre place.
db3fff9c	formations Deep et Nitrox
7321a667	Découvrez aussi nos
bb9a5caa	Pas encore de formation aux premiers secours ? Nous proposons le SSI React Right au centre : premiers secours, administration d'oxygène et RCP en deux heures environ, pour 4,300฿. Vous ne savez pas si votre formation est valable ? Envoyez-nous une photo du certificat sur WhatsApp.
ad201c19	Une certification Open Water Diver, plus la spécialité SSI React Right ou la preuve d'une formation aux premiers secours et à l'administration d'oxygène dans les deux dernières années. L'âge minimum est de 12 ans.
471fa7c0	Puis-je suivre le React Right avec vous ?
eba3e0a8	Oui. Nous enseignons le SSI React Right au centre en deux heures environ, pour 4,300฿. Il couvre les premiers secours, l'administration d'oxygène et la RCP, et vous pouvez le faire la veille de votre formation Rescue.
d8cc3dde	Envie de devenir pro ? Découvrez la
a985a850	formation Divemaster
650ecf18	Formation SSI Divemaster
dd6070de	SSI Divemaster
08b3a9d3	Formation SSI Divemaster d'un mois à Koh Phangan, encadrée personnellement par notre instructeur principal, avec plongée illimitée et la spécialité Science de la plongée incluse. Seulement deux ou trois candidats par an.
77ac7863	Devenez SSI Divemaster à Koh Phangan : un mois d'encadrement avec notre instructeur principal, plongée illimitée à Sail Rock et autour de Koh Phangan, Science de la plongée incluse. Seulement 2–3 candidats par an. 36,000฿.
1b2d2cd2	Formation SSI Divemaster à Koh Phangan — 1 mois, plongée illimitée, 36,000฿
20ef3266	/ Divemaster
abaaf27c	Divemaster
b6e15541	Un mois, de la plongée illimitée et un mentor qui travaille à vos côtés chaque jour. Nous ne formons que deux ou trois divemasters par an : chacun a du vrai temps, de vraies responsabilités et une vraie place sur le bateau. 36,000฿.
51744af3	Demander un entretien
5a2ebfb8	Prérequis
61cb5a42	Plongée illimitée pendant un mois
26d647dc	Votre premier pas
b44188be	en tant que professionnel
3810659f	SSI Divemaster est le premier niveau professionnel : vous apprenez à planifier des plongées, à briefer un bateau plein de plongeurs et à les guider sous l'eau. Ici, vous l'apprenez avec Boris, notre manager et instructeur principal, qui encadre lui-même chaque formation Divemaster.
1634e66b	1 mois
b87d3bca	Plongée
545f6c2f	Illimitée
1f283b39	18 ans
4e77d12d	Par an
2dda2c95	2–3 candidats
ed52fd32	Encadrement individuel avec Boris
a9b175b7	Plongée illimitée pendant la formation
daee985e	Spécialité SSI Science de la plongée incluse
b72c6def	Prêt d'équipement quand vous en avez besoin
d83704d4	Aide pour trouver un logement et du bon matériel d'occasion
27cff052	Non inclus : vos cotisations annuelles de professionnel SSI, à payer à SSI lors de la certification.
c3daa9c4	Apprendre en regardant, puis en faisant
0db66c1c	L'expérience,
7c4b1d3e	pas une salle de classe
9046a0c0	Ce n'est pas une formation où l'on apprend beaucoup de théorie. Il s'agit de partager de l'expérience, et cela veut dire passer beaucoup de temps ensemble : sur le bateau, dans l'eau et au centre.
5ffda18b	Vous assisterez différents guides et instructeurs, parfois aussi dans d'autres centres de plongée. Voir des gens travailler de façons différentes, c'est ainsi qu'on apprend le plus, et qu'on trouve sa propre manière de faire.
62409477	Pendant le mois
164cb95d	Ce que vous
a49156bd	ferez
0a6ac614	Le métier d'un divemaster, c'est guider des plongeurs certifiés : le mois est construit autour de cela, étape par étape, toujours avec quelqu'un d'expérimenté à vos côtés.
08bc3591	Dès le premier jour
7c2fc323	Assister les guides
e6f8a6b6	Plonger aux côtés de nos guides, observer comment ils gèrent un groupe et les aider.
195aa86a	Sur le bateau
70e60462	Briefings bateau
b99705bc	Expliquer à chaque client comment fonctionne le bateau et comment s'y déplacer en sécurité.
7242ce25	Sous supervision
9b33012b	Briefings de plongée
52ca59ff	Planifier la plongée et briefer le groupe, avec un retour après chaque briefing.
1f618346	Guider
22602065	Guider des plongeurs sous l'eau à Sail Rock et sur nos autres sites, avec un professionnel derrière vous.
bec8fd4b	En coulisses
6bf565e4	Le centre de plongée
738d63ee	Comment fonctionne un centre de plongée au quotidien, et comment on entretient l'équipement.
99f35f74	Pour être certifié
6ac65708	Ce qu'il faut
cf35f7a5	réussir
c53a0e1b	Des épreuves physiques
9bcc8cb0	Une démonstration des exercices de l'Open Water
2b443a2c	L'examen Divemaster et l'examen Science de la plongée
655ade96	Des évaluations d'un briefing, du guidage sous l'eau et d'un sauvetage
21575e66	Briefer et guider une plongée profonde ou une plongée à faible visibilité
97b4d127	Au moins 60 plongées enregistrées à la fin de la formation
39912295	Profonde, de nuit et navigation
bf49a2af	Avant de commencer
be377c6e	D'abord, un entretien avec Boris
fccd73f3	18 ans révolus
830407cc	SSI Rescue Diver et React Right
d3a86d4c	Une expérience prouvée en profonde, de nuit et navigation : l'Advanced Open Water ou ces trois spécialités
f8a28b9a	40 plongées enregistrées pour commencer
5b2c2705	Un certificat médical signé par un médecin
93bdb2cb	Votre propre masque et ordinateur de plongée dès le début
2aee9174	Pas encore d'Advanced ? Nous proposons les spécialités Deep, Night et Navigation ensemble pour 18,500฿. Nous les recommandons plutôt que l'Advanced : en tant que divemaster, vous ne pouvez pas guider des plongeurs plus profond que ce que permet votre propre certification, et la navigation est l'une des compétences les plus importantes d'un guide.
dd3d3a25	Après la formation
347471ec	Travailler avec nous
48c1aa87	Les bons divemasters peuvent rester travailler avec nous. Lily a terminé son Divemaster chez nous en 2026 et guide aujourd'hui sur notre bateau.
02c9ae4b	À propos de l'équipement : le mieux est d'avoir votre équipement complet à la fin de la formation, car vous en aurez besoin pour travailler. Nous savons que c'est cher, alors nous prêtons du matériel pendant la formation et vous aidons à trouver du bon matériel d'occasion.
ad37b743	FAQ Divemaster
7273fc62	Combien coûte la formation SSI Divemaster à Koh Phangan ?
e1867150	36,000฿, avec un mois d'encadrement, la plongée illimitée et la spécialité Science de la plongée incluses. À la fin, vous payez directement à SSI vos cotisations annuelles de professionnel.
a036f7a3	Combien de temps dure la formation Divemaster ?
de47a5af	Environ un mois. Il faut au moins 60 plongées enregistrées pour être certifié, et la plongée illimitée est là pour vous y amener.
8b6b6481	18 ans, SSI Rescue Diver et React Right, l'Advanced Open Water ou les spécialités Deep, Night et Navigation, 40 plongées enregistrées pour commencer, un certificat médical signé par un médecin et un entretien avec Boris.
59d542b4	Je n'ai pas l'Advanced. Que faire ?
415acf7d	Nous proposons les spécialités Deep, Night et Navigation ensemble pour 18,500฿. Elles sont plus utiles que l'Advanced pour un futur guide : vous ne pouvez guider des plongeurs que jusqu'à la profondeur permise par votre propre certification, et la navigation est essentielle pour guider.
a165f740	Ai-je besoin de mon propre équipement ?
9d421b65	Un masque et un ordinateur de plongée dès le premier jour. Nous prêtons le reste pendant la formation et vous aidons à trouver du bon matériel d'occasion, mais l'idéal est d'avoir votre équipement complet à la fin, quand vous commencez à travailler.
f590d568	Boris, notre manager et instructeur principal, encadre lui-même chaque formation Divemaster. Il est professionnel de la plongée depuis 2015, instructeur depuis 2022, et compte plus de 5,000 plongées.
a04484d1	Puis-je travailler avec vous après la formation ?
243520ce	Oui, c'est possible. Nos divemasters peuvent rester travailler avec nous : Lily, qui a obtenu son Divemaster en 2026, guide aujourd'hui sur notre bateau.
560e89b7	Aidez-vous à trouver un logement ?
413bbd82	Oui. Nous vous aidons à trouver où loger pendant le mois.
0bdd1f8d	Envie de
70d9760d	devenir pro ?
3c647edd	Chaque Divemaster commence par une conversation. Écrivez à Boris sur WhatsApp avec vos certifications, votre nombre de plongées et la date à laquelle vous aimeriez commencer.
fe6221cf	Pas encore prêt ? Découvrez la
b131636c	formation Rescue Diver
1b785e2d	Avis Google de nos divemasters
92e1fc02	Ce que disent nos divemasters
1bd04a31	Arsh P.
c2c57e80	Parth A.
1fb5e88a	Tous les avis sur Google Maps
8f0f5028	Santé et sécurité
71d20a8e	Santé et sécurité en plongée
d1e5efc7	Prendre l'avion après la plongée, plonger avec un diabète, accident de décompression, rhumes et oreilles, alcool et faune marine dangereuse : conseils pratiques pour les plongeurs à Koh Phangan, basés sur les recommandations de Divers Alert Network (DAN).
54a6232d	Conseils santé pratiques de notre centre de plongée à Koh Phangan : combien de temps attendre avant de prendre l'avion, plonger avec un diabète, signes d'accident de décompression, rhumes et oreilles, alcool, et la faune marine à ne pas toucher.
294d870e	Santé et sécurité en plongée — Avion après la plongée, diabète, accident de décompression | Koh Phangan
4f18bd9d	Un plongeur se pinçant le nez pour équilibrer en descendant le long d'un tombant.
3c7c1b96	Un plongeur faisant le signe OK sous l'eau.
8b4a9ead	Un plongeur en contre-jour pendant une remontée lente.
2e6134c5	Une cuboméduse aux longs tentacules dans l'eau bleue.
ab54e468	Un poisson-scorpion parfaitement camouflé sur le fond de sable.
0e3557fd	/ Santé et sécurité
3f33fdb3	Santé et sécurité
e1044c10	en plongée
fe69ca54	Les questions qu'on nous pose chaque semaine sur le bateau : quand puis-je prendre l'avion, puis-je plonger enrhumé, le diabète pose-t-il problème, à quoi ressemble un accident de décompression ? Voici des réponses claires, basées sur les recommandations de Divers Alert Network (DAN).
3511e129	L'avion après la plongée
1d76aecd	Signes d'accident de décompression
72459cfb	Se sentir bien, c'est la première règle
c91e25be	Avant de plonger
14b3af76	Des réponses honnêtes,
1cca51a6	des plongées sûres
69bd788b	Chaque plongeur remplit un court questionnaire médical. Répondez-y honnêtement : certaines conditions demandent seulement la signature d'un médecin avant de plonger, et il vaut bien mieux le savoir avant le départ du bateau.
d7e27137	Rhume ou nez bouché : attendez que ça passe, vous ne pourrez pas équilibrer
e0b25a9f	Équilibrez tôt et souvent pendant la descente, sans jamais forcer
afbd1cd7	Buvez beaucoup d'eau ; la chaleur et le soleil déshydratent vite
863f0a92	Pas d'alcool la veille, Full Moon Party comprise
e26b2e42	Enceinte ? Ne plongez pas ; venez plutôt faire du snorkeling avec nous
3ae8732b	Asthme, problèmes cardiaques, épilepsie ou opération récente : parlez-en d'abord à un médecin
53e600e1	Combien de temps
e417b96c	attendre
a1d4ef49	Après la plongée, votre corps contient encore de l'azote en excès, et la pression plus faible d'une cabine d'avion peut provoquer un accident de décompression. DAN recommande ces intervalles de surface minimaux ; plus long, c'est toujours mieux.
0cc28f09	Une plongée
958e11e6	Une seule plongée sans décompression
3d49fc9f	Attendez au moins 12 heures avant de prendre l'avion.
90d4e85b	Plusieurs plongées
733b84af	Plongées successives ou plusieurs jours
8048523e	Attendez au moins 18 heures. C'est le cas d'une journée normale à deux plongées et de toutes les formations.
1a84e8c9	Décompression
868b81e4	Une plongée avec paliers obligatoires
636aed7f	Attendez au moins 24 heures.
022fbdec	Le ferry ne pose aucun problème : nous rentrons au ponton de Chaloklum vers 15h00, à temps pour un ferry de 17h00. Prévoyez simplement votre dernier jour de plongée en fonction de votre vol depuis Koh Samui, Surat Thani ou Bangkok.
1f8ced3d	Remontées lentes, paliers de sécurité
7b429dba	Accident de décompression
56b559b2	Connaître
57b5d113	les signes
6ec2bfd6	L'accident de décompression (ADD) est rare en plongée loisir, et les remontées lentes, les paliers de sécurité et le respect des limites de votre ordinateur le rendent encore plus rare. Mais chaque plongeur devrait savoir le reconnaître, car l'oxygène et un traitement précoces font une vraie différence.
a3f957b1	Signes légers
e876d61b	Douleurs musculaires ou articulaires
5a1c9353	Éruption, marbrures ou gonflement de la peau
714a6ddf	Fatigue inhabituelle ou malaise général
e5eab977	Signes graves
27857cf0	Engourdissement, fourmillements ou faiblesse musculaire
c1698f33	Difficulté à marcher ou perte de coordination
8425e65d	Confusion, étourdissements ou vertige
cc0d09f5	Douleur thoracique ou difficulté à respirer
3d9f1a37	Troubles urinaires ou intestinaux
494a39eb	Bourdonnements d'oreille ou perte d'audition
b5e56725	Si vous remarquez l'un de ces signes après la plongée, ne prenez pas l'avion et n'attendez pas que ça passe : prévenez-nous, consultez immédiatement et appelez la ligne d'urgence 24 h/24 de DAN au
bc8630e0	Plonger avec un diabète
6655c92f	Oui, avec
96cfce01	un plan
53bf6059	Beaucoup de personnes diabétiques plongent en toute sécurité. Les recommandations de DAN précisent qui peut plonger et comment gérer la glycémie un jour de plongée. Parlez-en à votre médecin, et prévenez-nous, ainsi que votre binôme, avant la plongée.
f36bc9a3	Qui peut plonger
299d3f37	Bien équilibré
1c713b7f	18 ans ou plus
c31681eb	HbA1c de 9 % ou moins, en bonne santé générale
836461a1	Sous suivi médical, sans nouveau traitement
591b93a8	Sans antécédent d'hypoglycémies non ressenties, ni ayant nécessité l'aide d'un tiers
d54719f1	Le jour J
044d598c	Surveillez votre glycémie
7c79b523	Mesurez 60, 30 et 0 minutes avant la plongée
db883664	Entrez dans l'eau à 150 mg/dL (8.3 mmol/L) ou plus, stable ou en hausse
3f4d98b8	Reportez la plongée en dessous de 150 ou au-dessus de 300 mg/dL (16.7 mmol/L)
3807ebd2	Emportez du sucre rapide, et continuez à vérifier pendant 12–15 heures après la plongée
c1cd92f7	À éviter
59933cd2	Rester simple
0c40dd90	Les plongées au-delà de 30 m ou de plus de 60 minutes
653505c7	Les plongées avec décompression et les environnements fermés
1f10eb65	Les plongées froides ou très éprouvantes
4d5bbe6f	Un binôme lui aussi diabétique
1e0ff103	Si vous ressentez le moindre symptôme pendant une plongée, prévenez votre binôme, terminez la plongée, remontez et faites-vous examiner.
c244cc5f	Regarder sans toucher
f162f667	La faune marine
08996860	à respecter
16bd3f5c	Presque rien n'est dangereux dans le golfe de Thaïlande si vous gardez vos mains pour vous et vos palmes loin du fond. Quelques animaux méritent un respect particulier.
35633186	Surface et petits fonds
20c73470	Cuboméduse
b6385af9	Sa piqûre est très douloureuse et peut être grave. En cas de piqûre, sortez de l'eau, versez du vinaigre sur la zone pendant au moins 30 secondes, ne frottez pas et consultez un médecin.
d1ed99ad	Sur le fond
a6469ed6	Poisson-scorpion et poisson-pierre
6078522a	Des champions du camouflage aux épines venimeuses. Ne posez jamais une main ou un genou sans regarder. Une piqûre demande de l'eau chaude, aussi chaude que supportable, et un médecin.
13787cfb	Partout
e3213834	Oursins, coraux et anémones
f7269ab7	Les piquants d'oursin, le corail de feu et certaines anémones piquent ou coupent. Une bonne flottabilité est la meilleure protection, pour vous et pour le récif.
30c2d402	FAQ santé
fca7ace8	Combien de temps attendre avant de prendre l'avion après la plongée ?
7ccd6402	DAN recommande au moins 12 heures après une seule plongée sans décompression, 18 heures après des plongées successives ou plusieurs jours de plongée, et 24 heures après une plongée avec décompression. Pour une journée normale à deux plongées ou une formation, comptez 18 heures.
4f70b706	Puis-je plonger enrhumé ?
73f781a5	Mieux vaut éviter. Avec le nez ou les sinus bouchés, il est difficile voire impossible d'équilibrer, ce qui peut abîmer vos oreilles. Les décongestionnants peuvent cesser d'agir pendant la plongée. Attendez de bien respirer par le nez.
94fbb707	Puis-je plonger avec un diabète ?
05e0c5d5	Souvent, oui. Les recommandations de DAN permettent aux adultes dont le diabète est bien équilibré de plonger, avec des contrôles de glycémie soigneux avant et après chaque plongée et quelques limites de profondeur et de durée. Parlez-en à votre médecin et prévenez-nous avant de réserver.
6d17914b	Puis-je plonger le lendemain de la Full Moon Party ?
727f1265	L'alcool et la déshydratation augmentent le risque d'accident de décompression et réduisent votre vigilance. Si vous avez beaucoup bu la veille, décalez votre plongée d'un jour ; nous la changerons volontiers.
77ab0dce	Quels sont les symptômes d'un accident de décompression ?
1a6aa2c6	Les signes légers sont des douleurs articulaires ou musculaires, une éruption ou des marbrures de la peau et une fatigue inhabituelle. Les signes graves sont engourdissement, fourmillements ou faiblesse, difficulté à marcher, confusion, étourdissements, douleur thoracique ou difficulté à respirer, et troubles de l'audition. Dans tous les cas, ne prenez pas l'avion, consultez et appelez DAN.
8c1ee3a1	Puis-je plonger si je suis enceinte ?
1cfd766c	Non. La plongée est déconseillée à tous les stades de la grossesse. Vous êtes la bienvenue sur le bateau pour faire du snorkeling à Sail Rock.
ccf3f9a5	Puis-je plonger avec de l'asthme ?
c45127dd	Parfois. Cela dépend de son contrôle et de ce qui le déclenche : il faut qu'un médecin vous évalue et signe le formulaire médical avant de plonger.
4b08fb81	Cette page donne des informations générales, pas un avis médical. En cas de doute sur votre aptitude à plonger, consultez un médecin formé à la médecine de plongée ou contactez DAN.
3eb093bc	Une question sur
94d8d521	votre santé ?
4c0d4a31	Écrivez-nous sur WhatsApp avant de réserver. Nous vous dirons honnêtement si une signature médicale est nécessaire d'abord.
39428ae4	Un élève Open Water faisant le signe OK au-dessus du sable.
85f5f461	Un plongeur faisant une entrée en pas de géant depuis notre bateau.
1a284ca6	Votre premier pas de géant
b02fb000	Sail Rock vu du ciel, avec les bateaux de plongée amarrés autour en pleine mer.
62ded8f3	Un plongeur saluant à côté de l'entrée de la cheminée de Sail Rock.
19d094f3	L'ouverture supérieure de la cheminée, à 6 mètres.
2b125de3	Vue vers l'extérieur à travers la fenêtre dans la paroi de la cheminée.
35c372f9	Le bleu vu de l'intérieur de la cheminée, à son ouverture inférieure à 18 mètres.
e3a68ce9	Ouverture supérieure
5b38d0f2	Là où nous entrons en général, pour que le passage dans la roche se fasse en descendant.
1eab2dcc	La fenêtre
69e28b1f	Une fente dans la paroi à mi-hauteur, une autre façon d'entrer ou de sortir.
7345158c	Ouverture inférieure
3b619dbc	La sortie par le bas, de retour sur le tombant de Sail Rock.
5d0a4a91	Un requin-baleine nageant juste sous la surface, entouré de petits poissons.
1062dc7a	Un plongeur au masque rose saluant au-dessus du récif.
21912b6d	Des plongeurs observant un requin-baleine à une distance respectueuse.
11429386	Un plongeur nageant le long d'un immense banc de carangues.
94817008	Un banc de carangues longeant le tombant de Sail Rock.
92060ef1	Koh Ma vu du ciel, relié à Koh Phangan par une langue de sable, avec le récif visible dans l'eau claire.
597e4a08	Des équipements de plongée alignés sur la plage de Koh Ma.
ee82bc26	Un guide menant des plongeurs dans un canyon entre deux parois couvertes de corail.
8d423dd8	Boris, notre instructeur principal, sur le ponton de Chaloklum à côté du panneau The Divers Boat.
54572585	Boris · ponton de Chaloklum
1787567c	Guide de la faune marine
9d8ba43e	Voir notre guide complet de la faune marine
6a701f6e	Faune marine de Koh Phangan
0e945687	Un guide en photos de vingt poissons et créatures observés en plongée à Sail Rock et Koh Ma, photographiés par notre équipe, avec leurs noms scientifiques.
0e55b5b6	Un guide en photos de la faune marine à voir en plongée à Koh Phangan : carangues, barracudas et poissons-chauves-souris à Sail Rock, poissons-clowns, nudibranches, seiches, requins-léopards et plus encore, tout photographié par notre équipe.
b888d5d3	Faune marine de Koh Phangan — Poissons et créatures de Sail Rock et Koh Ma
9a4c6bb9	Un plongeur nageant sous un immense banc de carangues à Sail Rock.
95cfa2b3	Un grand banc de carangues à gros yeux dans le bleu.
3a29ecf4	Un banc de poissons-chauves-souris dans l'eau bleue.
f24347bb	Un thazard rayé nageant en pleine eau.
c51992ec	Un poisson-cocher nageant au-dessus de coraux durs, avec des poissons de récif derrière.
11a85d23	Deux poissons-clowns dans une anémone sur le sable.
bea6e5e1	Un jeune poisson-coffre jaune nageant entre coraux et anémones.
272066ae	Un poisson-lime gribouillé en suspension le long du tombant de Sail Rock.
4dcc9de0	Une murène sortant la tête d'une fissure du récif, à côté d'un oursin.
e3708ce8	Des vers arbres de Noël colorés parsemant un bloc de corail dur.
c788bbdc	Une crevette boxeuse aux longues antennes blanches dans une fissure du récif.
6b3739e0	Un nudibranche jaune et bleu sur le récif.
a9bcd85f	Une grande éponge barrique vue du dessus, avec un poisson à l'intérieur.
b3e01efc	Deux seiches en suspension au-dessus du sable.
5d3678a1	Un poisson plat couché et camouflé sur le sable.
670fc2d0	Un poisson-crocodile camouflé sur le fond de sable.
dc90e194	Un jeune requin-léopard rayé posé sur le sable.
edd94f1d	Un bernard-l'ermite traversant le sable avec sa coquille.
b65bcc61	/ Faune marine
41e923d7	de Koh Phangan
c88aec40	Ce que vous pouvez rencontrer en plongée à Sail Rock et Koh Ma, des bancs de centaines de carangues aux nudibranches plus petits que votre pouce. Toutes les photos de cette page ont été prises lors de nos propres plongées.
4fd1b7df	Sur le récif
172edb79	Dans le bleu
1b2feb81	Grands bancs
149129ef	Sail Rock se dresse seul en pleine mer : les poissons du large s'y rassemblent en nombres qu'on voit rarement ailleurs.
d81290a4	Carangue à gros yeux
189295d1	(Caranx sexfasciatus)
a4ec94e9	Les « jacks » de Sail Rock. Des centaines restent groupées dans le bleu le long des tombants, et forment parfois une tornade autour des plongeurs.
78e33120	Argentés et en forme de torpille, en général en grands bancs lents juste à côté du rocher. Ils ont l'air féroces mais ignorent complètement les plongeurs.
36f639c2	Poisson-chauve-souris
7d05e450	(Platax spp.)
2155d4e8	Hauts, plats et curieux. Ils s'approchent souvent pour observer les plongeurs, surtout pendant le palier de sécurité.
c7497b53	Thazard rayé
3625eb08	(Scomberomorus commerson)
9063069b	Un chasseur rapide du large qui traverse les bancs à toute vitesse. On le voit en général passer, pas rester.
f60eb844	Couleurs et
4c19d7f6	petites choses
76c91b13	Regardez de près les tombants, le corail et chaque fissure : c'est dans la petite faune que se trouve l'essentiel des couleurs.
b1aa1811	Récif
e47c7b33	Poisson-cocher
bb0c9b67	(Heniochus acuminatus)
abcedbb4	Rayures noires et blanches avec une longue nageoire blanche qui traîne derrière, souvent en couple au-dessus du corail.
d7dd6809	Récif et sable
de19fad0	Poisson-clown
40a1919e	(Amphiprion spp.)
e8c5bc34	Ils vivent dans leur anémone et la défendent férocement, même face à des plongeurs cent fois plus grands.
331bb2ad	Poisson-coffre jaune
1f7a87d6	(Ostracion cubicus)
4d90091f	Les jeunes sont jaune vif à points noirs et nagent comme de petits dés. Les adultes deviennent plus ternes.
1f5c5ce5	Tombants
e18afb20	Poisson-lime gribouillé
67898489	(Aluterus scriptus)
fa285c52	Couvert de gribouillis et de points bleus, avec une peau rugueuse comme une lime. Il reste près du tombant et se tourne pour ne pas vous quitter des yeux.
3449d4ba	Fissures et trous
5c9a6b63	Murène
ec56dccb	(Gymnothorax spp.)
998bc880	La tête sortie de la roche, elles ouvrent et ferment la bouche pour respirer. Aucune menace, tant que vous ne mettez pas les mains dans les trous.
12c58e80	Corail dur
d1404c2d	Vers arbres de Noël
3ae3d4d3	(Spirobranchus spp.)
5314f4e2	De petites spirales colorées parsemées sur le corail, qui disparaissent dans leur tube dès que vous approchez.
91b2c2e8	Sous les surplombs
aba85ea8	Crevette boxeuse
3a9cd60c	(Stenopus hispidus)
012ded76	Rayée de rouge et de blanc, aux longues antennes blanches, souvent à l'envers sous un surplomb en attendant de nettoyer des poissons.
4374cf34	Macro
269eba38	Nudibranches
4a299434	(Nudibranchia)
a700b5db	Des limaces de mer aux couleurs incroyables. Petites et lentes : la récompense des plongeurs à la bonne flottabilité et patients.
2bd3a03f	Éponge barrique
8f9f5e10	(Xestospongia testudinaria)
d5f08f25	Des éponges géantes qui filtrent d'énormes quantités d'eau chaque jour, et abritent souvent un poisson ou deux.
a0c5444c	Sur le sable
ad43feb6	Maîtres du
98f5c5ba	camouflage
66aab247	Les zones de sable semblent vides jusqu'à ce que quelque chose bouge. Ralentissez et laissez vos yeux s'habituer.
cec7ca17	Sable
3792dc96	Seiche
ed6d0f20	(Sepia spp.)
11c11e13	Des championnes du changement de couleur qui planent au-dessus du sable et changent de peau sous vos yeux. Souvent en couple.
9f8bf343	Poisson plat
4ed79545	(Bothidae)
14be0628	Un poisson plat aux deux yeux du même côté de la tête, presque invisible sur le sable jusqu'à ce qu'il bouge.
e50a6e97	Poisson-crocodile
88412a2d	(Platycephalidae)
ad2f086a	Long, plat et camouflé, il attend que de petits poissons s'approchent trop. Cherchez les yeux.
4f0c62b6	Requin-léopard
72629d1d	(Stegostoma tigrinum)
597e8ee3	Aussi appelé requin-zèbre : les jeunes, comme celui-ci, sont rayés et les adultes tachetés. Calme et inoffensif, il se repose en général sur le fond.
fb77aa18	Bernard-l'ermite
a2c76c53	(Paguroidea)
62dab143	Il porte une coquille empruntée et change de maison en grandissant.
a2f8d8af	Grands visiteurs et dangers
c3cbc4bd	Avec de la chance,
29f30570	et avec prudence
464c0cc0	Deux animaux qui méritent leur propre page : celui que tout le monde espère voir, et celui que tout le monde devrait reconnaître.
4aead131	Le plus grand poisson de la mer vient à Sail Rock se nourrir de plancton, surtout d'avril à juin.
9867b024	Poisson-scorpion
9162c5ab	(Scorpaenidae)
c5555856	Parfaitement camouflé, avec des épines venimeuses. Ne posez jamais une main ou un genou sans regarder.
84686930	La faune marine à respecter
694d1ff0	FAQ faune marine
b800c0d6	Quelle faune marine peut-on voir à Sail Rock ?
5c7900bb	Surtout de grands bancs : carangues, barracudas et poissons-chauves-souris autour du pinacle, avec des chasseurs comme le thazard de passage. Sur les tombants, il y a des murènes, des poissons-limes, des vers arbres de Noël et des nudibranches, et de temps en temps un requin-baleine.
ea2bfa39	Que peut-on voir à Koh Ma ?
eade8fa5	Un jardin de corail dur peu profond avec des tortues vertes, des poissons-clowns dans leurs anémones, des poissons-coffres et des poissons-cochers, et des seiches et des poissons plats sur le sable autour du récif.
1d1d5319	Y a-t-il des requins autour de Koh Phangan ?
a5ab43c6	Oui, mais rien d'inquiétant. Ceux que rencontrent les plongeurs sont les requins-baleines, qui mangent du plancton, et les requins-léopards, qui se reposent tranquillement sur le sable. Les deux sont inoffensifs pour l'homme.
a5644f79	Y a-t-il quelque chose de dangereux ?
b9eb7ec2	Très peu, tant que vous ne touchez à rien. Le poisson-scorpion et le poisson-pierre ont des épines venimeuses, les oursins et le corail de feu piquent, et des cuboméduses peuvent apparaître près de la surface. Notre page santé et sécurité explique quoi faire.
f1116b1c	Puis-je avoir des photos de ce que je vois ?
bf8c4949	Chaque sortie comprend la vidéo sous-marine de votre plongée, et nous vous montrons volontiers les petites choses pour votre propre appareil, mais s'il vous plaît, sans toucher et sans flash sur les animaux.
6c28750f	les voir
20c45e5b	Dites-nous ce que vous aimeriez le plus voir, et nous vous dirons quel site et quelle période de l'année vous donnent le plus de chances.
be5d5d37	et
ab6875a7	tous nos sites de plongée
69a0ba2f	Un guide en photos de vingt-deux poissons et créatures observés en plongée à Sail Rock et Koh Ma, photographiés par notre équipe, avec leurs noms scientifiques.
45c980a5	Un grand mérou de Malabar nageant au-dessus du récif, avec de petits poissons au-dessus.
791157d7	Une sole couchée et camouflée sur le sable.
f9d288ab	Un poisson-pierre sur le fond, semblable en tout point à un rocher.
88e52f2a	Barracuda à queue jaune
8e01a7e9	(Sphyraena jello)
ea8542c1	(Amphiprion sebae)
10bd48d9	Mérou de Malabar
cc1429fa	(Epinephelus malabaricus)
37b281ad	Un grand mérou massif qui patrouille lentement le récif et laisse souvent les plongeurs s'approcher assez près.
9df36c70	Sole ovale
42d31032	(Solea ovata)
4b8023a0	(Papilloculiceps longiceps)
55dc3cb4	Celui que tout le monde espère voir, et les deux que tout le monde devrait reconnaître avant de poser la main.
f69e8e26	Poisson-pierre
42afd423	(Synanceia spp.)
b8042070	Il ressemble exactement à un rocher, et possède les épines les plus venimeuses de tous les poissons. Faites attention où vous posez les mains et les genoux.
b9421570	Un jardin de corail dur peu profond avec des tortues vertes, des poissons-clowns dans leurs anémones, des poissons-coffres et des poissons-cochers, et des seiches et des soles sur le sable autour du récif.
76319f21	Des plongeurs déjeunant dans un restaurant de plage à Koh Ma entre deux séances de sauvetage.
0e0674a7	Déjeuner à Koh Ma entre les séances
a33c1a07	Koh Phangan ou Koh Tao
5217da43	Koh Phangan ou Koh Tao pour plonger
606e95be	Une comparaison honnête de la plongée à Koh Phangan et à Koh Tao, par un centre de plongée présent sur les deux îles : centres de plongée, Sail Rock, sites, prix, ambiance et apprentissage de la plongée.
53056ba5	Koh Tao ou Koh Phangan pour plonger ? Une comparaison honnête par un centre présent sur les deux îles : nombre de centres, Sail Rock, sites de plongée, prix, ambiance et ce que l'on vit en apprenant à plonger sur chacune.
ab7a74f2	Koh Phangan ou Koh Tao pour plonger — Une comparaison honnête
540bf8e9	Des bateaux de plongée de Koh Phangan et de Koh Tao amarrés autour de Sail Rock, vus du ciel.
ce2efd89	/ Koh Phangan ou Koh Tao
b7b801f0	ou Koh Tao
955a5686	Deux îles à une heure l'une de l'autre, qui partagent le meilleur site de plongée du golfe. Nous avons un centre sur chacune : voici notre avis honnête sur ce qui change, et sur celle qui vous correspond.
4923c65d	Laquelle pour moi ?
5992d5e5	Comparaison
253f2859	La réponse courte
d166cd4c	Les deux sont bien.
0b18588e	Elles sont différentes.
0e787415	Koh Tao est l'une des destinations de plongée les plus fréquentées au monde. Koh Phangan est plus calme, avec moins de centres et une approche plus personnelle. La plongée elle-même est partagée : les deux îles plongent à Sail Rock.
0120230c	Le centre commercial
de91a891	Environ 80 centres de plongée sur une petite île
3965abcd	Plus de sites de plongée près de la côte
57a48392	En général les formations les moins chères
f85e8f47	Jeune, sociable et pleine d'énergie
d7d75320	Sail Rock à environ 30 minutes de plus, et pas tous les jours
220219f5	Le commerce de quartier
1fc2ae35	Environ 15 centres de plongée sur une île bien plus grande
1e32e64f	Sail Rock à une heure de Chaloklum, tous les jours
ecafa7aa	Des groupes plus petits et une approche plus personnelle
bcd057a6	Calme et familiale au nord
75261fcd	Les fêtes sont au sud, si vous les cherchez
17545d2f	Sail Rock · partagé par les deux îles
161e4a9c	Le même rocher,
bf5dfb16	un autre horaire
2259c1e7	Sail Rock se trouve en pleine mer entre les deux îles, et il y a autant de monde quelle que soit l'île d'où viennent les bateaux. La différence, c'est comment et quand vous y arrivez.
15681942	Depuis Koh Tao, il faut environ une demi-heure de plus, et tous les centres n'y vont pas chaque jour
3a7ead66	Depuis Chaloklum, il faut environ une heure, et nous y allons tous les jours
09be8bbb	Notre bateau part environ une heure et quart après les autres : en général, nous avons le rocher pour nous seuls lors de la deuxième plongée
cd27f099	Koh Ma · à dix minutes de Chaloklum
60d7afe3	Sites et prix
c3cf63a7	Plus de sites,
21ce7ede	ou plus d'espace
094f855a	Koh Tao a plus de sites de plongée autour de l'île. Koh Phangan a Sail Rock, plus Koh Ma, Little Sail Rock et la plateforme pétrolière : moins de sites, mais beaucoup moins de plongeurs dessus.
a1cf0653	Les formations à Koh Tao sont en général moins chères. La comparaison que nous faisons toujours : Koh Tao est comme un centre commercial, où tout coûte un peu moins cher mais où tout est plus impersonnel. Nous ressemblons plutôt au commerce de votre quartier, où l'on connaît votre prénom et votre façon de plonger.
61ff73d4	L'ambiance
5cc28f31	Énergie
6494c61a	ou calme
06d2a913	Koh Tao est petite et tout y est concentré : centres de plongée, bars et monde, tout est proche. Elle convient à un public plus jeune. Koh Phangan est plus grande et plus familiale. Elle a même plus de fêtes que Koh Tao si vous allez au sud de l'île, mais à Chaloklum, au nord, vous ne vous en rendrez même pas compte.
0ada8a49	« Je suis arrivé à Koh Tao à 40 ans, et l'énergie de l'endroit m'a un peu stressé. À 25 ans, j'aurais sûrement adoré. »
05c82507	— Boris, manager et instructeur principal
8401aa1f	Un petit groupe, un instructeur
349a85e2	Apprendre à plonger
981a0d21	Deux façons
28112d99	Ce sont des expériences d'apprentissage différentes. Beaucoup de gens vont à Koh Tao pour partager la formation avec beaucoup d'autres, faire des rencontres, bien s'amuser et gagner de l'expérience avec plus de plongées au fil du temps.
3560961c	Ceux qui viennent à Koh Phangan sont souvent plus concentrés sur la plongée elle-même, et l'expérience est plus personnelle : quatre élèves maximum par instructeur, et du temps pour chaque question.
222cda0a	Laquelle pour vous ?
91a08952	Choisissez selon
a89291c9	ce que vous cherchez
80fb87da	Choisissez Koh Tao si
18455e54	Vous êtes jeune, voyagez seul et voulez rencontrer beaucoup de monde
8838e4ca	Le prix le plus bas compte avant tout
291654e5	Vous voulez plonger sur beaucoup de sites différents
780015c9	Vous aimez une île animée et vivante
ad5d7b48	Choisissez Koh Phangan si
20db244f	Vous voulez des petits groupes et un instructeur proche
cdbe35a8	Sail Rock est la plongée pour laquelle vous êtes venu
15902258	Vous voyagez en couple ou en famille
5a28092b	Vous préférez le calme, avec la fête seulement si vous la cherchez
dd53d741	Vous préférez Koh Tao ? Notre centre frère,
fd601659	, y est installé depuis 2015.
9edbb7a6	FAQ Koh Phangan ou Koh Tao
6ef3966a	Plonge-t-on mieux à Koh Tao ou à Koh Phangan ?
d14a327d	Le meilleur site de la région, Sail Rock, est partagé par les deux îles. Koh Tao a plus de sites près de la côte et beaucoup plus de centres ; Koh Phangan est plus calme, avec des groupes plus petits et une approche plus personnelle. Aucune n'est meilleure : elles conviennent à des personnes différentes.
ddbd7d64	Est-ce moins cher d'apprendre à plonger à Koh Tao ?
93335609	En général, oui. Avec environ 80 centres en concurrence, les prix à Koh Tao sont parmi les plus bas que vous trouverez. À Koh Phangan, vous payez un peu plus pour des groupes plus petits et une attention plus personnelle.
b07fe160	Combien y a-t-il de centres de plongée sur chaque île ?
68c80226	Environ 80 à Koh Tao et environ 15 à Koh Phangan, qui est une île bien plus grande.
9dcacc63	Quelle île est la plus proche de Sail Rock ?
0035544e	Depuis Chaloklum, sur la côte nord de Koh Phangan, il faut environ une heure. Depuis Koh Tao, il faut environ une demi-heure de plus, et tous les centres n'y vont pas chaque jour.
d938dcb9	Koh Phangan, ce n'est que la Full Moon Party ?
f7f86ea7	Non. Les grandes fêtes ont lieu au sud de l'île. Le nord, où se trouve Chaloklum, est calme et familial, et vous ne remarqueriez même pas les fêtes.
21135e51	Peut-on plonger à Sail Rock depuis les deux îles ?
33a979e9	Oui. Il y a autant de monde quelle que soit l'île d'où viennent les bateaux. Nous quittons Chaloklum environ une heure et quart après les autres bateaux, donc nous avons en général la deuxième plongée pour nous seuls.
869bbc96	Toujours
0d1d33cd	pas sûr ?
95e26652	Dites-nous comment vous aimez voyager et ce que vous attendez de la plongée, et nous vous répondrons honnêtement, même si la réponse est « allez à Koh Tao ».
7acea768	Dylan
28506cd9	Formation internationale SSI en petits groupes : quatre élèves maximum par instructeur, notre propre bateau et une certification numérique dès la réussite. De votre toute première respiration jusqu'au Divemaster.
2f145c9a	Passez pro : un mois de plongée illimitée, encadré par notre instructeur principal.
06d4f525	Passez pro · 1 mois · SSI
35fa9a04	Votre premier niveau professionnel. Un mois de plongée illimitée, encadré au quotidien par notre instructeur principal. Nous ne formons que deux ou trois divemasters par an, alors tout commence par une discussion.
218b8db6	Retour au port vers 15h30
46bda256	Nous partons à 9h30 de Chaloklum, ce qui nous amène sur les sites quand les autres bateaux rentrent déjà. Le bateau est de retour au port de Chaloklum vers 15h30, largement à temps si vous avez un ferry à 17h00. Passez à la boutique de Chaloklum la veille pour remplir le formulaire d'inscription, puis retrouvez-nous au bateau, sur le port de Chaloklum, à 9h15. Tout l'équipement est déjà à bord : pas besoin d'essayage à la boutique.
394cc4e1	La recommandation habituelle est de 12 heures après une seule plongée peu profonde, 18 heures après plusieurs plongées ou une plongée profonde, et 24 heures après une plongée avec décompression. La formation comporte plusieurs plongées par jour : comptez donc 18 heures. Le ferry ne demande aucune attente : nous rentrons au ponton vers 15h30, à temps pour un ferry de 17h00.
296569c9	Nous partons de Chaloklum à 9h30 sur notre propre bateau, le Rungworawan, et arrivons en général quand les premiers bateaux repartent. Deux plongées, un déjeuner chaud sur le pont, et retour au ponton vers 15h30.
3bd1d314	Le ferry ne pose aucun problème : nous rentrons au ponton de Chaloklum vers 15h30, à temps pour un ferry de 17h00. Prévoyez simplement votre dernier jour de plongée en fonction de votre vol depuis Koh Samui, Surat Thani ou Bangkok.
8d8d3fcb	Location de caméra sous-marine
b62a2a8e	Location de caméra 700฿, ou faites filmer votre plongée par nous
7fe47179	Rinçage, carnet de plongée et, si vous avez loué une caméra ou réservé une vidéo, elle est à vous avant d'être sec.
f2f80f42	Sorties quotidiennes à Sail Rock pour les plongeurs certifiés comme pour les grands débutants. Tous les prix incluent votre instructeur ou guide SSI, l'équipement complet, un déjeuner chaud, des fruits et des boissons à bord. La location de caméra sous-marine est à 700฿, ou nous pouvons filmer votre plongée.
8c0c40b0	Un maillot de bain, une serviette et de la crème solaire. Tout l'équipement de plongée est inclus : détendeurs, gilets et combinaisons du XS au XXL, neufs depuis 2024 et vérifiés chaque jour. Un déjeuner chaud avec du riz entre les plongées, beaucoup de fruits et des boissons chaudes et froides sont aussi inclus. Envie d'une vidéo ? Louez une caméra sous-marine pour 700฿, ou faites filmer votre plongée par nous.
0cb687a8	Fun Dive 3 200฿, Try Dive 4 200฿, Basic Diver 4 900฿ et snorkeling à Sail Rock 1 500฿ depuis Chaloklum, Koh Phangan. Instructeur SSI, équipement complet, déjeuner chaud, fruits et boissons inclus.
f7cd97cf	Plongez avec un niveau, ou respirez sous l'eau pour la toute première fois. Sorties quotidiennes à Sail Rock depuis Chaloklum, sur notre propre bateau. Chaque sortie inclut votre instructeur ou guide SSI, l'équipement complet, un déjeuner chaud, des fruits et des boissons. La location de caméra sous-marine est à 700฿, ou nous pouvons filmer votre plongée.
5070aaf3	Votre instructeur ou guide SSI, l'équipement complet (détendeur, gilet et combinaison, du XS au XXL, neufs depuis 2024), un déjeuner chaud avec du riz entre les plongées, et beaucoup de fruits et de boissons chaudes et froides à bord. La location de caméra sous-marine est à 700฿, ou nous pouvons filmer votre plongée.
6273f363	Louez une caméra sous-marine pour 700฿, ou faites filmer votre plongée par nous. Si vous avez un appareil, apportez-le : nous vous montrerons le meilleur.
90b4dcd8	12 900฿ par personne. Cela comprend votre instructeur SSI, la formation en ligne, tout l'équipement, les journées en bateau avec déjeuner et boissons, et votre certification. Le seul extra en option est une caméra sous-marine (location 700฿) ou une vidéo de vos plongées filmée par nous.
b4a4d0a3	Une journée Fun Dive avec deux plongées coûte 3 200฿ pour les plongeurs certifiés, et une sortie snorkeling 1 500฿. Les deux incluent l'équipement, un déjeuner chaud, des fruits et des boissons ; la location de caméra sous-marine est à 700฿.
37c905a9	Louez une caméra sous-marine pour 700฿ ou faites filmer votre plongée par nous, et si un requin-baleine passe, vous le ramenez à la maison. N'oubliez pas : pas de flash.
49c501d6	12 500฿ par personne, tout compris : votre instructeur SSI, tout l'équipement, les journées en bateau avec déjeuner et boissons, et votre certification. La location de caméra sous-marine est à 700฿ en plus.
c35c4ba2	Le cours Specialty Diver avec Deep et Nitrox ensemble coûte 13 500฿. Séparément, Deep coûte 8 500฿, et Nitrox 4 500฿ pour la théorie seule ou 7 500฿ avec deux plongées. L'équipement, les blocs nitrox et le déjeuner sont inclus ; la location de caméra sous-marine est à 700฿.
230deb91	Louez une caméra sous-marine pour 700฿ ou faites filmer votre plongée par nous, et nous vous montrerons volontiers les petites choses à photographier, mais s'il vous plaît, sans toucher et sans flash sur les animaux.
ca8c4875	Location de caméra 600฿, ou faites filmer votre plongée par votre instructeur pour 800฿
3b63089f	Sorties quotidiennes à Sail Rock pour les plongeurs certifiés comme pour les grands débutants. Tous les prix incluent votre instructeur ou guide SSI, l'équipement complet, un déjeuner chaud, des fruits et des boissons à bord. La location de caméra sous-marine est à 600฿, ou votre instructeur peut filmer votre plongée pour 800฿.
31d2138e	Un maillot de bain, une serviette et de la crème solaire. Tout l'équipement de plongée est inclus : détendeurs, gilets et combinaisons du XS au XXL, neufs depuis 2024 et vérifiés chaque jour. Un déjeuner chaud avec du riz entre les plongées, beaucoup de fruits et des boissons chaudes et froides sont aussi inclus. Envie d'une vidéo ? Louez une caméra sous-marine pour 600฿, ou faites filmer votre plongée par votre instructeur pour 800฿.
cf070af2	Plongez avec un niveau, ou respirez sous l'eau pour la toute première fois. Sorties quotidiennes à Sail Rock depuis Chaloklum, sur notre propre bateau. Chaque sortie inclut votre instructeur ou guide SSI, l'équipement complet, un déjeuner chaud, des fruits et des boissons. La location de caméra sous-marine est à 600฿, ou votre instructeur peut filmer votre plongée pour 800฿.
78f4299e	Votre instructeur ou guide SSI, l'équipement complet (détendeur, gilet et combinaison, du XS au XXL, neufs depuis 2024), un déjeuner chaud avec du riz entre les plongées, et beaucoup de fruits et de boissons chaudes et froides à bord. La location de caméra sous-marine est à 600฿, ou votre instructeur peut filmer votre plongée pour 800฿.
e66b8077	Louez une caméra sous-marine pour 600฿, ou faites filmer votre plongée par votre instructeur pour 800฿. Si vous avez un appareil, apportez-le : nous vous montrerons le meilleur.
42b015af	12 900฿ par personne. Cela comprend votre instructeur SSI, la formation en ligne, tout l'équipement, les journées en bateau avec déjeuner et boissons, et votre certification. Le seul extra en option est une caméra sous-marine (location 600฿) ou une vidéo de vos plongées filmée par votre instructeur (800฿).
bfdaede9	Une journée Fun Dive avec deux plongées coûte 3 200฿ pour les plongeurs certifiés, et une sortie snorkeling 1 500฿. Les deux incluent l'équipement, un déjeuner chaud, des fruits et des boissons ; la location de caméra sous-marine est à 600฿.
bc02c9f9	Louez une caméra sous-marine pour 600฿ ou faites filmer votre plongée par votre instructeur pour 800฿, et si un requin-baleine passe, vous le ramenez à la maison. N'oubliez pas : pas de flash.
3fe73d12	12 500฿ par personne, tout compris : votre instructeur SSI, tout l'équipement, les journées en bateau avec déjeuner et boissons, et votre certification. La location de caméra sous-marine est à 600฿ en plus.
85358df6	Le cours Specialty Diver avec Deep et Nitrox ensemble coûte 13 500฿. Séparément, Deep coûte 8 500฿, et Nitrox 4 500฿ pour la théorie seule ou 7 500฿ avec deux plongées. L'équipement, les blocs nitrox et le déjeuner sont inclus ; la location de caméra sous-marine est à 600฿.
245624f1	Louez une caméra sous-marine pour 600฿ ou faites filmer votre plongée par votre instructeur pour 800฿, et nous vous montrerons volontiers les petites choses à photographier, mais s'il vous plaît, sans toucher et sans flash sur les animaux.
45389ee9	Guides
4b4e52ab	Guides de plongée
aa42a399	Guides de plongée à Koh Phangan
839cbaeb	Des guides gratuits écrits par nos instructeurs à Chaloklum : plonger à Sail Rock, quand voir des requins-baleines, les poissons de Koh Phangan, santé et sécurité (avion après la plongée, diabète) et Koh Phangan ou Koh Tao.
aeb301f3	Guides de plongée à Koh Phangan — Sail Rock, requins-baleines, vie marine et sécurité
2c3598ea	Sail Rock vu du ciel, surgissant du bleu du golfe de Thaïlande.
a79c5975	Un plongeur à côté d'un grand banc de carangues à Sail Rock.
fde52e4e	Un plongeur qui équilibre ses oreilles pendant la descente.
e2bad24a	Des bateaux de plongée amarrés autour de Sail Rock, vus du ciel.
d87746ba	/ Guides
de1c462f	à Koh Phangan
88ea6ee3	Tout ce que nous expliquons à nos plongeurs sur le bateau, par écrit : où plonger, ce que vous allez voir, quand venir et comment plonger en sécurité. Écrit par nos instructeurs à Chaloklum.
45ad3171	À lire avant de plonger
2cd80afd	Nos guides
cd5a3b6e	Site de plongée
ebc2498e	Profondeurs, la cheminée, courants, saisons et la vie du meilleur site de plongée du golfe de Thaïlande.
ef42838f	Lire le guide
95cb49cf	Gros animaux
7d496d00	Quand ils viennent, à quelle fréquence nous les voyons et comment se comporter dans l'eau si l'un d'eux passe.
eadfa74e	Les poissons et créatures que vous croiserez à Sail Rock et Koh Ma, avec nos propres photos et leurs noms.
6472ce41	Sécurité
b54fa923	Prendre l'avion après la plongée, plonger avec un diabète, signes d'accident de décompression, rhumes et les animaux à ne pas toucher.
21d28aa0	Préparer
4215c44c	Une comparaison honnête des deux îles pour plonger et pour apprendre à plonger.
69042b6b	Encore une question ?
279867a4	Demandez à ceux
2418c622	qui plongent ici
f7e78e04	tous les jours
9f3d80f9	Conditions, visibilité de la semaine, quel cours vous convient : écrivez-nous et un instructeur vous répondra.
1ae69e22	Avant de plonger : santé et sécurité
723fcc49	Ce qui vit ici : notre guide de la vie marine
86a712d7	Quel poisson est lequel ? Voir notre guide de la vie marine
9b6bd818	Plus de photos de nos sorties
be8df1f2	Blog
38f3e1e2	Nouveau sur le
126ac9f6	blog
a0c3fcb0	la meilleure période pour plonger à Koh Phangan, mois par mois
05fe2cb7	Le blog de The Diver's Boat Koh Phangan
89ad1e6f	La meilleure période pour plonger à Koh Phangan
2a568996	Comptes rendus de plongée, saisons et conseils de nos instructeurs à Chaloklum, Koh Phangan : ce que nous voyons à Sail Rock et Koh Ma, et comment préparer vos plongées.
40b4ddb0	Blog — Comptes rendus et conseils de plongée à Koh Phangan | The Diver's Boat
ecd35b1d	/ Blog
872dfd86	Nouvelles
5aefb442	du bateau
4c828988	Comptes rendus de plongée, saisons et conseils de nos instructeurs à Chaloklum : ce que nous voyons à Sail Rock et Koh Ma, et comment préparer vos plongées.
59526bf4	Derniers articles
e9e838e8	Sur le blog
2c4b6603	2 octobre 2026
513ca0e5	Mois par mois : visibilité à Sail Rock, saison des requins-baleines, eau calme à Koh Ma et mousson.
7e25e449	Lire l'article
8aa5ba2c	Vous cherchez quelque chose de précis ? Nos
a8e4cc8c	guides de plongée
4226de6b	couvrent en détail Sail Rock, les requins-baleines, la vie marine ainsi que la santé et la sécurité.
fab74e6a	Quand plonger à Koh Phangan, mois par mois : visibilité à Sail Rock, saison des requins-baleines, eau calme à Koh Ma et mousson.
5eaa4a48	Quand plonger à Koh Phangan : l'eau la plus claire à Sail Rock de mai à octobre, les requins-baleines d'avril à juin, Koh Ma calme de janvier à juin et la mousson de novembre. Par nos instructeurs à Chaloklum.
05eddd1b	Meilleure période pour plonger à Koh Phangan — Mois par mois à Sail Rock et Koh Ma
8c373d1b	/ Meilleure période
a141f943	Quand plonger
4a452ade	On peut plonger ici presque tous les mois de l'année. La vraie question est ce que vous voulez voir : l'eau la plus claire, un requin-baleine ou des conditions calmes pour vos premières plongées.
31951823	Par Boris Collado, instructeur principal ·
f078dd28	Tout dépend de
a8f63831	Eau la plus claire à Sail Rock
7d7b26fa	Koh Ma calme et claire
1749e80b	Nov–mi-déc
ac6e5485	Koh Phangan se trouve du côté du golfe de Thaïlande, ses saisons sont donc différentes de celles de Phuket et de la mer d'Andaman. Pas de longue fermeture ici : nous sortons tous les mois, et la seule vraie pause est la mousson en fin d'année.
643802d8	Mois par mois
a03e43b3	Une année à
cbe17548	Mi-décembre – mars
cbf1bf71	Plancton et grands bancs
6b2460c1	Plus de plancton dans l'eau, donc une visibilité à Sail Rock plutôt de 5 à 10 m. Ce plancton nourrit les grands bancs de poissons, et les requins-baleines suivent. Koh Ma et Little Sail Rock sont à leur plus clair.
ebebe9e8	Les mois classiques des requins-baleines, pendant que l'eau commence à s'éclaircir. Koh Ma et Little Sail Rock sont encore au mieux, c'est donc aussi une excellente période pour les cours.
f349a5d0	L'eau la plus claire
75428323	Sail Rock à son plus clair, souvent 20 à 30 m de visibilité. Les requins-baleines sont plus rares, mais septembre nous a offert certaines de nos plus belles rencontres.
e36459a9	Mer agitée certains jours. Quand la mer n'est pas sûre, le bateau reste au port et vous êtes intégralement remboursé. Les jours calmes, nous plongeons quand même.
2bab7fae	N'importe quel mois
2612fb28	hors mousson
380310b5	Le premier jour du
1785e7b1	se passe dans les eaux peu profondes de la baie de Chaloklum, juste devant le centre, il dépend donc peu de la saison. Pour les plongées en milieu naturel, nous choisissons entre Sail Rock et Koh Ma, plus calme, selon les conditions et l'aisance du groupe.
0cb3828d	Notre conseil
ff1a8a36	Plongez plus
4156411f	d'un jour
455ff31a	La mer change d'un jour à l'autre, tout comme ce que l'on croise à Sail Rock. Deux ou trois jours dans l'eau vous donnent bien plus de chances de trouver les conditions, ou le requin-baleine, que vous espérez.
6a254a89	Et demandez-nous avant de réserver. Envoyez-nous vos dates sur WhatsApp et nous vous dirons honnêtement comment était l'eau ces derniers temps. Pour en savoir plus, lisez notre
f51bc4af	guide de Sail Rock
b189ef5b	et notre
57c6d166	guide des requins-baleines
5f515066	Questions sur les saisons
65c5a082	Peut-on plonger à Koh Phangan toute l'année ?
ba01bed7	Presque. Nous plongeons tous les mois de l'année. Pendant la mousson, en gros de novembre à mi-décembre, le bateau reste au port les jours où la mer n'est pas sûre, et vous êtes intégralement remboursé.
dd3923e5	Quand la visibilité est-elle la meilleure à Sail Rock ?
471401ac	De mai à octobre, souvent 20 à 30 mètres. De janvier à avril, il y a plus de plancton dans l'eau et la visibilité est plutôt de 5 à 10 mètres, mais c'est ce plancton qui attire les grands bancs de poissons et les requins-baleines.
de62b1f0	Quelle est la meilleure période pour voir des requins-baleines ?
18b45fdb	D'avril à juin, c'est la saison classique, et nous avons aussi eu de belles rencontres en février et en septembre. Une observation n'est jamais garantie.
40eaab4f	Quelle est la meilleure période pour apprendre à plonger à Koh Phangan ?
c55cb304	N'importe quel mois hors mousson. Le premier jour du cours Open Water se passe dans les eaux peu profondes de la baie de Chaloklum, et nous choisissons entre Sail Rock et Koh Ma, plus calme, pour les plongées en milieu naturel selon les conditions.
3e85d820	Parlez-nous de
35009798	vos dates
66c9ae35	Dites-nous quand vous venez et ce que vous aimeriez voir. Nous vous dirons honnêtement à quoi vous attendre.
71c1f2e8	Plus d'articles du blog
